/data/experiments/value-demo3-20260906/venv-py312-torch210-cu128/lib/python3.12/site-packages/torch/distributed/c10d_logger.py:83: UserWarning: barrier(): using the device under current context. You can specify `device_id` in `init_process_group` to mute this warning.
  return func(*args, **kwargs)
[rank0]:[W907 00:41:34.091784628 ProcessGroupNCCL.cpp:5138] Guessing device ID based on global rank. This can cause a hang if rank to GPU mapping is heterogeneous. You can specify device_id in init_process_group()
NCCL version 2.27.5+cuda12.9
{"event": "ARCHITECTURE", "variant": "vision_only", "total_parameters": 429182729, "trainable_parameters": 429182729, "state_input": false}
{"event": "READY", "task": "piperx_insert_copper_screw", "step": 0, "train_frames": 1132703, "test_frames": 1792, "global_batch": 32, "parameters": 429182729}
{"event": "TRAIN", "step": 10, "effective_epoch": 0.0002825100666282335, "loss": 5.315052509307861, "grdn": 5.617480278015137, "lr": 2.5e-06, "seconds": 43.05331144598313, "memory_gb": 10.425316864}
{"event": "TRAIN", "step": 20, "effective_epoch": 0.000565020133256467, "loss": 5.209183692932129, "grdn": 5.056889533996582, "lr": 5e-06, "seconds": 35.256238608038984, "memory_gb": 10.425317376}
{"event": "TRAIN", "step": 30, "effective_epoch": 0.0008475301998847006, "loss": 5.050894737243652, "grdn": 5.049991607666016, "lr": 7.5e-06, "seconds": 34.04072992305737, "memory_gb": 10.425317376}
{"event": "TRAIN", "step": 40, "effective_epoch": 0.001130040266512934, "loss": 4.906195163726807, "grdn": 5.345275402069092, "lr": 1e-05, "seconds": 36.80415108602028, "memory_gb": 10.425317376}
{"event": "TRAIN", "step": 50, "effective_epoch": 0.0014125503331411677, "loss": 4.766820430755615, "grdn": 5.838505744934082, "lr": 1.25e-05, "seconds": 35.11593335401267, "memory_gb": 10.425317376}
{"event": "TRAIN", "step": 60, "effective_epoch": 0.0016950603997694011, "loss": 4.705514430999756, "grdn": 5.4332427978515625, "lr": 1.5e-05, "seconds": 37.5255258360412, "memory_gb": 10.425317376}
{"event": "TRAIN", "step": 70, "effective_epoch": 0.0019775704663976346, "loss": 4.604219913482666, "grdn": 5.372794151306152, "lr": 1.7500000000000002e-05, "seconds": 36.15187767194584, "memory_gb": 10.425317376}
{"event": "TRAIN", "step": 80, "effective_epoch": 0.002260080533025868, "loss": 4.521963596343994, "grdn": 5.4407572746276855, "lr": 2e-05, "seconds": 35.53041008906439, "memory_gb": 10.425317376}
{"event": "TRAIN", "step": 90, "effective_epoch": 0.002542590599654102, "loss": 4.446167469024658, "grdn": 4.884461402893066, "lr": 2.25e-05, "seconds": 34.7236663949443, "memory_gb": 10.425317376}
{"event": "TRAIN", "step": 100, "effective_epoch": 0.0028251006662823354, "loss": 4.253749847412109, "grdn": 5.046247482299805, "lr": 2.5e-05, "seconds": 36.51978667406365, "memory_gb": 10.425317376}
{"event": "TRAIN", "step": 110, "effective_epoch": 0.003107610732910569, "loss": 4.07282018661499, "grdn": 5.618762493133545, "lr": 2.7500000000000004e-05, "seconds": 37.23693661298603, "memory_gb": 10.425317376}
{"event": "TRAIN", "step": 120, "effective_epoch": 0.0033901207995388023, "loss": 4.1049628257751465, "grdn": 6.812222480773926, "lr": 3e-05, "seconds": 36.61239858507179, "memory_gb": 10.425317376}
{"event": "TRAIN", "step": 130, "effective_epoch": 0.0036726308661670357, "loss": 3.940081834793091, "grdn": 5.619445323944092, "lr": 3.2500000000000004e-05, "seconds": 38.00488486897666, "memory_gb": 10.425317376}
{"event": "TRAIN", "step": 140, "effective_epoch": 0.003955140932795269, "loss": 3.806091785430908, "grdn": 5.99970006942749, "lr": 3.5000000000000004e-05, "seconds": 35.66268708300777, "memory_gb": 10.425317376}
{"event": "TRAIN", "step": 150, "effective_epoch": 0.004237650999423503, "loss": 3.8769447803497314, "grdn": 6.428969383239746, "lr": 3.7500000000000003e-05, "seconds": 36.06607594306115, "memory_gb": 10.425317376}
{"event": "TRAIN", "step": 160, "effective_epoch": 0.004520161066051736, "loss": 3.68139910697937, "grdn": 6.378706932067871, "lr": 4e-05, "seconds": 38.27090753405355, "memory_gb": 10.425317376}
{"event": "TRAIN", "step": 170, "effective_epoch": 0.00480267113267997, "loss": 3.623211622238159, "grdn": 7.148486137390137, "lr": 4.25e-05, "seconds": 34.36173966701608, "memory_gb": 10.425317376}
{"event": "TRAIN", "step": 180, "effective_epoch": 0.005085181199308204, "loss": 3.4068856239318848, "grdn": 6.207719326019287, "lr": 4.5e-05, "seconds": 37.322409698041156, "memory_gb": 10.425317376}
{"event": "TRAIN", "step": 190, "effective_epoch": 0.005367691265936437, "loss": 3.3485679626464844, "grdn": 6.5626678466796875, "lr": 4.7499999999999996e-05, "seconds": 35.27768029307481, "memory_gb": 10.425317376}
{"event": "TRAIN", "step": 200, "effective_epoch": 0.005650201332564671, "loss": 3.424018144607544, "grdn": 6.275433540344238, "lr": 5e-05, "seconds": 36.048115359968506, "memory_gb": 10.425317376}
{"event": "TRAIN", "step": 210, "effective_epoch": 0.005932711399192904, "loss": 3.3052635192871094, "grdn": 6.498636722564697, "lr": 5e-05, "seconds": 39.88809829298407, "memory_gb": 10.425317376}
{"event": "TRAIN", "step": 220, "effective_epoch": 0.006215221465821138, "loss": 3.2022883892059326, "grdn": 6.242690086364746, "lr": 5e-05, "seconds": 34.14719186001457, "memory_gb": 10.425317376}
{"event": "TRAIN", "step": 230, "effective_epoch": 0.006497731532449371, "loss": 3.283785343170166, "grdn": 6.893451690673828, "lr": 5e-05, "seconds": 39.033165412954986, "memory_gb": 10.425317376}
{"event": "TRAIN", "step": 240, "effective_epoch": 0.006780241599077605, "loss": 3.1450414657592773, "grdn": 6.938523769378662, "lr": 5e-05, "seconds": 39.07658865198027, "memory_gb": 10.425317376}
{"event": "TRAIN", "step": 250, "effective_epoch": 0.0070627516657058385, "loss": 3.180968999862671, "grdn": 7.741860389709473, "lr": 5e-05, "seconds": 38.34415114496369, "memory_gb": 10.425317376}
{"event": "EVAL", "step": 250, "effective_epoch": 0.0070627516657058385, "train": {"frames": 1792, "episodes": 56, "ce": 2.841165553977979, "mae": 0.043884843405976426, "rmse": 0.04904449752463771, "episode_mae": 0.043884843405976426, "baseline_mae": 0.05248346601729281, "baseline_rmse": 0.06225099910710391, "mae_remaining_seconds": 21.769807985591374, "bias": -0.042383260277607145, "crps": 0.0161796750292394, "entropy": 3.4109139580811774, "interval90_coverage": 0.9614955357142857, "interval90_width": 0.31507533338818966}, "test": {"frames": 1792, "episodes": 56, "ce": 2.9300084088463336, "mae": 0.04360044097744061, "rmse": 0.04856466152235719, "episode_mae": 0.04360044097744061, "baseline_mae": 0.05533733551939284, "baseline_rmse": 0.06688020310571469, "mae_remaining_seconds": 21.628725420875707, "bias": -0.037294730614771, "crps": 0.017716583632136462, "entropy": 3.3732528517554914, "interval90_coverage": 0.9486607142857143, "interval90_width": 0.301763390598353}, "best_step": 250, "best_episode_mae": 0.04360044097744061, "bad_evaluations": 0}
{"event": "TRAIN", "step": 260, "effective_epoch": 0.0073452617323340715, "loss": 3.172142744064331, "grdn": 7.238834381103516, "lr": 5e-05, "seconds": 433.4408673660364, "memory_gb": 10.425317376}
{"event": "TRAIN", "step": 270, "effective_epoch": 0.007627771798962305, "loss": 3.124023199081421, "grdn": 8.230523109436035, "lr": 5e-05, "seconds": 35.71331234497484, "memory_gb": 10.425317376}
{"event": "TRAIN", "step": 280, "effective_epoch": 0.007910281865590538, "loss": 3.1078853607177734, "grdn": 7.3205108642578125, "lr": 5e-05, "seconds": 34.54520113707986, "memory_gb": 10.425317376}
{"event": "TRAIN", "step": 290, "effective_epoch": 0.008192791932218772, "loss": 3.1280884742736816, "grdn": 7.496896266937256, "lr": 5e-05, "seconds": 40.32399089098908, "memory_gb": 10.425317376}
{"event": "TRAIN", "step": 300, "effective_epoch": 0.008475301998847006, "loss": 3.053715229034424, "grdn": 6.298058032989502, "lr": 5e-05, "seconds": 36.71055806498043, "memory_gb": 10.425317376}
{"event": "TRAIN", "step": 310, "effective_epoch": 0.00875781206547524, "loss": 3.025087833404541, "grdn": 8.066823959350586, "lr": 5e-05, "seconds": 32.632686925004236, "memory_gb": 10.425317376}
{"event": "TRAIN", "step": 320, "effective_epoch": 0.009040322132103472, "loss": 3.081984043121338, "grdn": 7.097464561462402, "lr": 5e-05, "seconds": 36.640758947934955, "memory_gb": 10.425317376}
{"event": "TRAIN", "step": 330, "effective_epoch": 0.009322832198731706, "loss": 3.0727624893188477, "grdn": 6.565242767333984, "lr": 5e-05, "seconds": 34.77595755807124, "memory_gb": 10.425317376}
{"event": "TRAIN", "step": 340, "effective_epoch": 0.00960534226535994, "loss": 2.9303271770477295, "grdn": 8.03657054901123, "lr": 5e-05, "seconds": 37.07164885906968, "memory_gb": 10.425317376}
{"event": "TRAIN", "step": 350, "effective_epoch": 0.009887852331988174, "loss": 3.011669635772705, "grdn": 8.290970802307129, "lr": 5e-05, "seconds": 34.11450602207333, "memory_gb": 10.425317376}
{"event": "TRAIN", "step": 360, "effective_epoch": 0.010170362398616408, "loss": 2.8997128009796143, "grdn": 7.169127464294434, "lr": 5e-05, "seconds": 34.86666050902568, "memory_gb": 10.425317376}
{"event": "TRAIN", "step": 370, "effective_epoch": 0.01045287246524464, "loss": 3.0600039958953857, "grdn": 8.277429580688477, "lr": 5e-05, "seconds": 32.54109998990316, "memory_gb": 10.425317376}
{"event": "TRAIN", "step": 380, "effective_epoch": 0.010735382531872874, "loss": 2.982316732406616, "grdn": 7.452138423919678, "lr": 5e-05, "seconds": 37.70510299305897, "memory_gb": 10.425317376}
{"event": "TRAIN", "step": 390, "effective_epoch": 0.011017892598501108, "loss": 2.9178199768066406, "grdn": 6.134226322174072, "lr": 5e-05, "seconds": 38.08415917190723, "memory_gb": 10.425317376}
{"event": "TRAIN", "step": 400, "effective_epoch": 0.011300402665129342, "loss": 2.8252034187316895, "grdn": 6.659878730773926, "lr": 5e-05, "seconds": 42.46501589007676, "memory_gb": 10.425317376}
{"event": "TRAIN", "step": 410, "effective_epoch": 0.011582912731757575, "loss": 2.8270697593688965, "grdn": 7.448129177093506, "lr": 5e-05, "seconds": 40.07730410806835, "memory_gb": 10.425317376}
{"event": "TRAIN", "step": 420, "effective_epoch": 0.011865422798385808, "loss": 2.772095203399658, "grdn": 7.198800086975098, "lr": 5e-05, "seconds": 41.35574225196615, "memory_gb": 10.425317376}
{"event": "TRAIN", "step": 430, "effective_epoch": 0.012147932865014041, "loss": 2.8495242595672607, "grdn": 7.689901828765869, "lr": 5e-05, "seconds": 38.64443123806268, "memory_gb": 10.425317376}
{"event": "TRAIN", "step": 440, "effective_epoch": 0.012430442931642275, "loss": 2.8263168334960938, "grdn": 8.519295692443848, "lr": 5e-05, "seconds": 44.356500479974784, "memory_gb": 10.425317376}
{"event": "TRAIN", "step": 450, "effective_epoch": 0.01271295299827051, "loss": 2.7217071056365967, "grdn": 7.592362880706787, "lr": 5e-05, "seconds": 39.17909965303261, "memory_gb": 10.425317376}
{"event": "TRAIN", "step": 460, "effective_epoch": 0.012995463064898741, "loss": 3.0262084007263184, "grdn": 8.503752708435059, "lr": 5e-05, "seconds": 38.09672661300283, "memory_gb": 10.425317376}
{"event": "TRAIN", "step": 470, "effective_epoch": 0.013277973131526975, "loss": 2.7886719703674316, "grdn": 10.501842498779297, "lr": 5e-05, "seconds": 41.894343030056916, "memory_gb": 10.425317376}
{"event": "TRAIN", "step": 480, "effective_epoch": 0.01356048319815521, "loss": 2.798912763595581, "grdn": 6.88315486907959, "lr": 5e-05, "seconds": 32.758795510046184, "memory_gb": 10.425317376}
{"event": "TRAIN", "step": 490, "effective_epoch": 0.013842993264783443, "loss": 2.7459685802459717, "grdn": 7.5503997802734375, "lr": 5e-05, "seconds": 37.689316969015636, "memory_gb": 10.425317376}
{"event": "TRAIN", "step": 500, "effective_epoch": 0.014125503331411677, "loss": 2.792919635772705, "grdn": 8.121488571166992, "lr": 5e-05, "seconds": 38.490386181976646, "memory_gb": 10.425317376}
{"event": "EVAL", "step": 500, "effective_epoch": 0.014125503331411677, "train": {"frames": 1792, "episodes": 56, "ce": 2.491334940739242, "mae": 0.014234756204002354, "rmse": 0.021367839142366427, "episode_mae": 0.014234756204002354, "baseline_mae": 0.05248346601729281, "baseline_rmse": 0.06225099910710391, "mae_remaining_seconds": 7.061388060932101, "bias": -0.005638330654359639, "crps": 0.00919038432643252, "entropy": 2.6793918708073243, "interval90_coverage": 0.9676339285714286, "interval90_width": 0.09344586882382698}, "test": {"frames": 1792, "episodes": 56, "ce": 2.585402035852894, "mae": 0.016246208011060453, "rmse": 0.024368658881743065, "episode_mae": 0.016246208011060453, "baseline_mae": 0.05533733551939284, "baseline_rmse": 0.06688020310571469, "mae_remaining_seconds": 8.059202254020056, "bias": -0.0026013082393287084, "crps": 0.011015796155041764, "entropy": 2.6644487685656975, "interval90_coverage": 0.9458705357142857, "interval90_width": 0.09057198492571063}, "best_step": 500, "best_episode_mae": 0.016246208011060453, "bad_evaluations": 0}
{"event": "TRAIN", "step": 510, "effective_epoch": 0.014408013398039909, "loss": 2.7759628295898438, "grdn": 7.456739902496338, "lr": 5e-05, "seconds": 436.98733260005247, "memory_gb": 10.425317376}
{"event": "TRAIN", "step": 520, "effective_epoch": 0.014690523464668143, "loss": 2.730818271636963, "grdn": 7.602252960205078, "lr": 5e-05, "seconds": 34.936569564044476, "memory_gb": 10.425317376}
{"event": "TRAIN", "step": 530, "effective_epoch": 0.014973033531296377, "loss": 2.687392473220825, "grdn": 7.2992095947265625, "lr": 5e-05, "seconds": 35.494366628001444, "memory_gb": 10.425317376}
{"event": "TRAIN", "step": 540, "effective_epoch": 0.01525554359792461, "loss": 2.754378080368042, "grdn": 7.648289680480957, "lr": 5e-05, "seconds": 34.79079088906292, "memory_gb": 10.425317376}
{"event": "TRAIN", "step": 550, "effective_epoch": 0.015538053664552845, "loss": 2.876784563064575, "grdn": 8.023797035217285, "lr": 5e-05, "seconds": 35.97485755197704, "memory_gb": 10.425317376}
{"event": "TRAIN", "step": 560, "effective_epoch": 0.015820563731181077, "loss": 2.6138617992401123, "grdn": 7.245599269866943, "lr": 5e-05, "seconds": 35.34592529095244, "memory_gb": 10.425317376}
{"event": "TRAIN", "step": 570, "effective_epoch": 0.01610307379780931, "loss": 2.7705318927764893, "grdn": 7.9855475425720215, "lr": 5e-05, "seconds": 36.027277154964395, "memory_gb": 10.425317376}
{"event": "TRAIN", "step": 580, "effective_epoch": 0.016385583864437545, "loss": 2.828648090362549, "grdn": 8.438505172729492, "lr": 5e-05, "seconds": 36.646418304997496, "memory_gb": 10.425317376}
{"event": "TRAIN", "step": 590, "effective_epoch": 0.01666809393106578, "loss": 2.755114793777466, "grdn": 7.927475929260254, "lr": 5e-05, "seconds": 33.89958977501374, "memory_gb": 10.425317376}
{"event": "TRAIN", "step": 600, "effective_epoch": 0.016950603997694012, "loss": 2.6196420192718506, "grdn": 6.707283020019531, "lr": 5e-05, "seconds": 40.86524769605603, "memory_gb": 10.425317376}
{"event": "TRAIN", "step": 610, "effective_epoch": 0.017233114064322246, "loss": 2.6270551681518555, "grdn": 6.42914342880249, "lr": 5e-05, "seconds": 32.99123714491725, "memory_gb": 10.425317376}
{"event": "TRAIN", "step": 620, "effective_epoch": 0.01751562413095048, "loss": 2.6168854236602783, "grdn": 7.484732627868652, "lr": 5e-05, "seconds": 37.59947273496073, "memory_gb": 10.425317376}
{"event": "TRAIN", "step": 630, "effective_epoch": 0.01779813419757871, "loss": 2.523231267929077, "grdn": 8.235960960388184, "lr": 5e-05, "seconds": 36.00941235397477, "memory_gb": 10.425317376}
{"event": "TRAIN", "step": 640, "effective_epoch": 0.018080644264206944, "loss": 2.7434401512145996, "grdn": 8.93100357055664, "lr": 5e-05, "seconds": 33.49517194007058, "memory_gb": 10.425317376}
{"event": "TRAIN", "step": 650, "effective_epoch": 0.01836315433083518, "loss": 2.7142069339752197, "grdn": 8.123250007629395, "lr": 5e-05, "seconds": 34.686859152046964, "memory_gb": 10.425317376}
{"event": "TRAIN", "step": 660, "effective_epoch": 0.018645664397463412, "loss": 2.7909140586853027, "grdn": 7.788137912750244, "lr": 5e-05, "seconds": 32.53378113801591, "memory_gb": 10.425317376}
{"event": "TRAIN", "step": 670, "effective_epoch": 0.018928174464091646, "loss": 2.666677951812744, "grdn": 7.725377559661865, "lr": 5e-05, "seconds": 39.48239184799604, "memory_gb": 10.425317376}
{"event": "TRAIN", "step": 680, "effective_epoch": 0.01921068453071988, "loss": 2.745610237121582, "grdn": 8.503072738647461, "lr": 5e-05, "seconds": 38.366193966940045, "memory_gb": 10.425317376}
{"event": "TRAIN", "step": 690, "effective_epoch": 0.019493194597348114, "loss": 2.712458372116089, "grdn": 6.789198398590088, "lr": 5e-05, "seconds": 43.36168001592159, "memory_gb": 10.425317376}
{"event": "TRAIN", "step": 700, "effective_epoch": 0.019775704663976348, "loss": 2.5950725078582764, "grdn": 7.302718162536621, "lr": 5e-05, "seconds": 32.54920231702272, "memory_gb": 10.425317376}
{"event": "TRAIN", "step": 710, "effective_epoch": 0.02005821473060458, "loss": 2.579390287399292, "grdn": 6.86151647567749, "lr": 5e-05, "seconds": 38.50384183006827, "memory_gb": 10.425317376}
{"event": "TRAIN", "step": 720, "effective_epoch": 0.020340724797232815, "loss": 2.538245677947998, "grdn": 7.3190202713012695, "lr": 5e-05, "seconds": 35.147566896048374, "memory_gb": 10.425317376}
{"event": "TRAIN", "step": 730, "effective_epoch": 0.020623234863861046, "loss": 2.5686097145080566, "grdn": 8.40229606628418, "lr": 5e-05, "seconds": 34.885838962043636, "memory_gb": 10.425317376}
{"event": "TRAIN", "step": 740, "effective_epoch": 0.02090574493048928, "loss": 2.6952884197235107, "grdn": 8.036044120788574, "lr": 5e-05, "seconds": 40.88126309297513, "memory_gb": 10.425317376}
{"event": "TRAIN", "step": 750, "effective_epoch": 0.021188254997117514, "loss": 2.6073508262634277, "grdn": 7.225415229797363, "lr": 5e-05, "seconds": 35.45493109407835, "memory_gb": 10.425317376}
{"event": "EVAL", "step": 750, "effective_epoch": 0.021188254997117514, "train": {"frames": 1792, "episodes": 56, "ce": 2.2662830872827078, "mae": 0.012167197792743016, "rmse": 0.01670282370801963, "episode_mae": 0.012167197792743016, "baseline_mae": 0.05248346601729281, "baseline_rmse": 0.06225099910710391, "mae_remaining_seconds": 6.035741251720053, "bias": -0.005250789448837168, "crps": 0.007991251058277677, "entropy": 2.47613156380664, "interval90_coverage": 0.9402901785714286, "interval90_width": 0.05836216344531359}, "test": {"frames": 1792, "episodes": 56, "ce": 2.634076647161107, "mae": 0.017725140018488413, "rmse": 0.02618761357284022, "episode_mae": 0.017725140018488413, "baseline_mae": 0.05533733551939284, "baseline_rmse": 0.06688020310571469, "mae_remaining_seconds": 8.792851125171486, "bias": -0.0021013070758531933, "crps": 0.01224963778255577, "entropy": 2.4562768884269253, "interval90_coverage": 0.8314732142857143, "interval90_width": 0.056517855449263674}, "best_step": 500, "best_episode_mae": 0.016246208011060453, "bad_evaluations": 1}
{"event": "TRAIN", "step": 760, "effective_epoch": 0.021470765063745748, "loss": 2.6055588722229004, "grdn": 7.864371299743652, "lr": 5e-05, "seconds": 431.7307723199483, "memory_gb": 10.425317376}
{"event": "TRAIN", "step": 770, "effective_epoch": 0.02175327513037398, "loss": 2.6524996757507324, "grdn": 8.554594993591309, "lr": 5e-05, "seconds": 32.592199909035116, "memory_gb": 10.425317376}
{"event": "TRAIN", "step": 780, "effective_epoch": 0.022035785197002215, "loss": 2.566258668899536, "grdn": 8.10358715057373, "lr": 5e-05, "seconds": 36.15952975198161, "memory_gb": 10.425317376}
{"event": "TRAIN", "step": 790, "effective_epoch": 0.02231829526363045, "loss": 2.544823408126831, "grdn": 8.163692474365234, "lr": 5e-05, "seconds": 34.130976460990496, "memory_gb": 10.425317376}
{"event": "TRAIN", "step": 800, "effective_epoch": 0.022600805330258683, "loss": 2.529541254043579, "grdn": 7.445150852203369, "lr": 5e-05, "seconds": 36.20124018890783, "memory_gb": 10.425317376}
{"event": "TRAIN", "step": 810, "effective_epoch": 0.022883315396886917, "loss": 2.3942337036132812, "grdn": 7.028359889984131, "lr": 5e-05, "seconds": 33.129039863008074, "memory_gb": 10.425317376}
{"event": "TRAIN", "step": 820, "effective_epoch": 0.02316582546351515, "loss": 2.5134315490722656, "grdn": 8.359013557434082, "lr": 5e-05, "seconds": 33.42634316801559, "memory_gb": 10.425317376}
{"event": "TRAIN", "step": 830, "effective_epoch": 0.02344833553014338, "loss": 2.5308949947357178, "grdn": 7.638271331787109, "lr": 5e-05, "seconds": 32.757881060941145, "memory_gb": 10.425317376}
{"event": "TRAIN", "step": 840, "effective_epoch": 0.023730845596771615, "loss": 2.527836322784424, "grdn": 8.101530075073242, "lr": 5e-05, "seconds": 31.674469352001324, "memory_gb": 10.425317376}
{"event": "TRAIN", "step": 850, "effective_epoch": 0.02401335566339985, "loss": 2.632638454437256, "grdn": 7.4564056396484375, "lr": 5e-05, "seconds": 34.28527335403487, "memory_gb": 10.425317376}
{"event": "TRAIN", "step": 860, "effective_epoch": 0.024295865730028083, "loss": 2.5488219261169434, "grdn": 7.226290702819824, "lr": 5e-05, "seconds": 35.68341150810011, "memory_gb": 10.425317376}
{"event": "TRAIN", "step": 870, "effective_epoch": 0.024578375796656317, "loss": 2.4506659507751465, "grdn": 7.244458198547363, "lr": 5e-05, "seconds": 37.10000964801293, "memory_gb": 10.425317376}
{"event": "TRAIN", "step": 880, "effective_epoch": 0.02486088586328455, "loss": 2.573512315750122, "grdn": 7.538254737854004, "lr": 5e-05, "seconds": 36.44137159292586, "memory_gb": 10.425317376}
{"event": "TRAIN", "step": 890, "effective_epoch": 0.025143395929912785, "loss": 2.585150957107544, "grdn": 8.060022354125977, "lr": 5e-05, "seconds": 37.52699352102354, "memory_gb": 10.425317376}
{"event": "TRAIN", "step": 900, "effective_epoch": 0.02542590599654102, "loss": 2.4203739166259766, "grdn": 7.180006504058838, "lr": 5e-05, "seconds": 37.994268946000375, "memory_gb": 10.425317376}
{"event": "TRAIN", "step": 910, "effective_epoch": 0.025708416063169252, "loss": 2.564629077911377, "grdn": 7.000887393951416, "lr": 5e-05, "seconds": 32.666557935997844, "memory_gb": 10.425317376}
{"event": "TRAIN", "step": 920, "effective_epoch": 0.025990926129797483, "loss": 2.4483790397644043, "grdn": 7.304163455963135, "lr": 5e-05, "seconds": 34.64851873007137, "memory_gb": 10.425317376}
{"event": "TRAIN", "step": 930, "effective_epoch": 0.026273436196425717, "loss": 2.4296298027038574, "grdn": 6.931153774261475, "lr": 5e-05, "seconds": 34.135691794916056, "memory_gb": 10.425317376}
{"event": "TRAIN", "step": 940, "effective_epoch": 0.02655594626305395, "loss": 2.5480875968933105, "grdn": 7.345578193664551, "lr": 5e-05, "seconds": 35.18014511698857, "memory_gb": 10.425317376}
{"event": "TRAIN", "step": 950, "effective_epoch": 0.026838456329682184, "loss": 2.5235257148742676, "grdn": 7.781958103179932, "lr": 5e-05, "seconds": 36.43008673400618, "memory_gb": 10.425317376}
{"event": "TRAIN", "step": 960, "effective_epoch": 0.02712096639631042, "loss": 2.4696578979492188, "grdn": 7.073197364807129, "lr": 5e-05, "seconds": 31.55486476107035, "memory_gb": 10.425317376}
{"event": "TRAIN", "step": 970, "effective_epoch": 0.027403476462938652, "loss": 2.414813995361328, "grdn": 8.301985740661621, "lr": 5e-05, "seconds": 37.361303793033585, "memory_gb": 10.425317376}
{"event": "TRAIN", "step": 980, "effective_epoch": 0.027685986529566886, "loss": 2.4092254638671875, "grdn": 7.699307441711426, "lr": 5e-05, "seconds": 31.567519900971092, "memory_gb": 10.425317376}
{"event": "TRAIN", "step": 990, "effective_epoch": 0.02796849659619512, "loss": 2.521862030029297, "grdn": 7.727620601654053, "lr": 5e-05, "seconds": 32.34084888396319, "memory_gb": 10.425317376}
{"event": "TRAIN", "step": 1000, "effective_epoch": 0.028251006662823354, "loss": 2.515787124633789, "grdn": 8.272473335266113, "lr": 5e-05, "seconds": 35.200040466035716, "memory_gb": 10.425317376}
{"event": "EVAL", "step": 1000, "effective_epoch": 0.028251006662823354, "train": {"frames": 1792, "episodes": 56, "ce": 2.133690487210905, "mae": 0.009731810955729867, "rmse": 0.014628702785077273, "episode_mae": 0.009731810955729867, "baseline_mae": 0.05248346601729281, "baseline_rmse": 0.06225099910710391, "mae_remaining_seconds": 4.827627021439063, "bias": -0.004585731479372563, "crps": 0.006708772832293367, "entropy": 2.268569219391793, "interval90_coverage": 0.9419642857142857, "interval90_width": 0.04828682908087752}, "test": {"frames": 1792, "episodes": 56, "ce": 2.5056427059295987, "mae": 0.0146516438819942, "rmse": 0.022190770909409997, "episode_mae": 0.0146516438819942, "baseline_mae": 0.05533733551939284, "baseline_rmse": 0.06688020310571469, "mae_remaining_seconds": 7.268192141727923, "bias": -0.0023401641218307695, "crps": 0.010389244113314686, "entropy": 2.262077072502247, "interval90_coverage": 0.8337053571428571, "interval90_width": 0.0478683022795719}, "best_step": 1000, "best_episode_mae": 0.0146516438819942, "bad_evaluations": 0}
{"event": "TRAIN", "step": 1010, "effective_epoch": 0.028533516729451588, "loss": 2.4006717205047607, "grdn": 7.800195217132568, "lr": 5e-05, "seconds": 432.28020268597174, "memory_gb": 10.425317376}
{"event": "TRAIN", "step": 1020, "effective_epoch": 0.028816026796079818, "loss": 2.3962841033935547, "grdn": 8.004878997802734, "lr": 5e-05, "seconds": 39.16010450804606, "memory_gb": 10.425317376}
{"event": "TRAIN", "step": 1030, "effective_epoch": 0.029098536862708052, "loss": 2.4298415184020996, "grdn": 8.54656982421875, "lr": 5e-05, "seconds": 37.36664242204279, "memory_gb": 10.425317376}
{"event": "TRAIN", "step": 1040, "effective_epoch": 0.029381046929336286, "loss": 2.4300389289855957, "grdn": 7.906108856201172, "lr": 5e-05, "seconds": 40.783003316959366, "memory_gb": 10.425317376}
{"event": "TRAIN", "step": 1050, "effective_epoch": 0.02966355699596452, "loss": 2.422529697418213, "grdn": 8.139089584350586, "lr": 5e-05, "seconds": 32.22982059500646, "memory_gb": 10.425317376}
{"event": "TRAIN", "step": 1060, "effective_epoch": 0.029946067062592754, "loss": 2.4971201419830322, "grdn": 8.037773132324219, "lr": 5e-05, "seconds": 36.30564227211289, "memory_gb": 10.425317376}
{"event": "TRAIN", "step": 1070, "effective_epoch": 0.030228577129220988, "loss": 2.4809958934783936, "grdn": 8.58109188079834, "lr": 5e-05, "seconds": 34.81858584994916, "memory_gb": 10.425317376}
{"event": "TRAIN", "step": 1080, "effective_epoch": 0.03051108719584922, "loss": 2.474353075027466, "grdn": 7.645666599273682, "lr": 5e-05, "seconds": 35.87532987399027, "memory_gb": 10.425317376}
{"event": "TRAIN", "step": 1090, "effective_epoch": 0.030793597262477455, "loss": 2.4066522121429443, "grdn": 7.376003265380859, "lr": 5e-05, "seconds": 31.720908797928132, "memory_gb": 10.425317376}
{"event": "TRAIN", "step": 1100, "effective_epoch": 0.03107610732910569, "loss": 2.3556110858917236, "grdn": 7.816563606262207, "lr": 5e-05, "seconds": 36.235953691997565, "memory_gb": 10.425317376}
{"event": "TRAIN", "step": 1110, "effective_epoch": 0.03135861739573392, "loss": 2.518190383911133, "grdn": 7.918717861175537, "lr": 5e-05, "seconds": 37.86355089698918, "memory_gb": 10.425317376}
{"event": "TRAIN", "step": 1120, "effective_epoch": 0.031641127462362154, "loss": 2.375082492828369, "grdn": 7.11987829208374, "lr": 5e-05, "seconds": 37.624185196938924, "memory_gb": 10.425317376}
{"event": "TRAIN", "step": 1130, "effective_epoch": 0.03192363752899039, "loss": 2.491011142730713, "grdn": 8.244994163513184, "lr": 5e-05, "seconds": 35.346496000071056, "memory_gb": 10.425317376}
{"event": "TRAIN", "step": 1140, "effective_epoch": 0.03220614759561862, "loss": 2.3730578422546387, "grdn": 7.636130332946777, "lr": 5e-05, "seconds": 32.82237079110928, "memory_gb": 10.425317376}
{"event": "TRAIN", "step": 1150, "effective_epoch": 0.03248865766224686, "loss": 2.3796584606170654, "grdn": 7.231833457946777, "lr": 5e-05, "seconds": 33.86990731896367, "memory_gb": 10.425317376}
{"event": "TRAIN", "step": 1160, "effective_epoch": 0.03277116772887509, "loss": 2.3201956748962402, "grdn": 7.120216369628906, "lr": 5e-05, "seconds": 35.32504094799515, "memory_gb": 10.425317376}
{"event": "TRAIN", "step": 1170, "effective_epoch": 0.03305367779550332, "loss": 2.2746241092681885, "grdn": 7.178427696228027, "lr": 5e-05, "seconds": 35.83907090104185, "memory_gb": 10.425317376}
{"event": "TRAIN", "step": 1180, "effective_epoch": 0.03333618786213156, "loss": 2.356383800506592, "grdn": 7.461182594299316, "lr": 5e-05, "seconds": 32.936401715967804, "memory_gb": 10.425317376}
{"event": "TRAIN", "step": 1190, "effective_epoch": 0.03361869792875979, "loss": 2.2521510124206543, "grdn": 8.432655334472656, "lr": 5e-05, "seconds": 36.620095092919655, "memory_gb": 10.425317376}
{"event": "TRAIN", "step": 1200, "effective_epoch": 0.033901207995388025, "loss": 2.339259624481201, "grdn": 7.655454158782959, "lr": 5e-05, "seconds": 32.083429928985424, "memory_gb": 10.425317376}
{"event": "TRAIN", "step": 1210, "effective_epoch": 0.034183718062016255, "loss": 2.415670871734619, "grdn": 8.487920761108398, "lr": 5e-05, "seconds": 37.357076977030374, "memory_gb": 10.425317376}
{"event": "TRAIN", "step": 1220, "effective_epoch": 0.03446622812864449, "loss": 2.3570945262908936, "grdn": 7.252678871154785, "lr": 5e-05, "seconds": 35.928417930030264, "memory_gb": 10.425317376}
{"event": "TRAIN", "step": 1230, "effective_epoch": 0.03474873819527272, "loss": 2.301900863647461, "grdn": 7.65194034576416, "lr": 5e-05, "seconds": 37.07848282100167, "memory_gb": 10.425317376}
{"event": "TRAIN", "step": 1240, "effective_epoch": 0.03503124826190096, "loss": 2.394488573074341, "grdn": 7.662086486816406, "lr": 5e-05, "seconds": 34.3016221919097, "memory_gb": 10.425317376}
{"event": "TRAIN", "step": 1250, "effective_epoch": 0.03531375832852919, "loss": 2.299473524093628, "grdn": 7.31171178817749, "lr": 5e-05, "seconds": 35.28106216993183, "memory_gb": 10.425317376}
{"event": "EVAL", "step": 1250, "effective_epoch": 0.03531375832852919, "train": {"frames": 1792, "episodes": 56, "ce": 2.105724085238762, "mae": 0.009321441294040207, "rmse": 0.01314000835355875, "episode_mae": 0.009321441294040207, "baseline_mae": 0.05248346601729281, "baseline_rmse": 0.06225099910710391, "mae_remaining_seconds": 4.624056311263545, "bias": -0.005515008167094493, "crps": 0.006707689589997504, "entropy": 2.204839232078354, "interval90_coverage": 0.9213169642857143, "interval90_width": 0.044796315819049984}, "test": {"frames": 1792, "episodes": 56, "ce": 2.5042511456246888, "mae": 0.013756655046563537, "rmse": 0.020152324096048693, "episode_mae": 0.013756655046563537, "baseline_mae": 0.05533733551939284, "baseline_rmse": 0.06688020310571469, "mae_remaining_seconds": 6.824218013431952, "bias": -0.002779157163526439, "crps": 0.010009421686122875, "entropy": 2.195589092027928, "interval90_coverage": 0.8130580357142857, "interval90_width": 0.04511160592768907}, "best_step": 1250, "best_episode_mae": 0.013756655046563537, "bad_evaluations": 0}
{"event": "TRAIN", "step": 1260, "effective_epoch": 0.03559626839515742, "loss": 2.5268616676330566, "grdn": 8.286172866821289, "lr": 5e-05, "seconds": 444.7022478429135, "memory_gb": 10.425317376}
{"event": "TRAIN", "step": 1270, "effective_epoch": 0.03587877846178566, "loss": 2.3067708015441895, "grdn": 7.3726654052734375, "lr": 5e-05, "seconds": 39.14954947005026, "memory_gb": 10.425317376}
{"event": "TRAIN", "step": 1280, "effective_epoch": 0.03616128852841389, "loss": 2.4076480865478516, "grdn": 8.636383056640625, "lr": 5e-05, "seconds": 39.86674599500839, "memory_gb": 10.425317376}
{"event": "TRAIN", "step": 1290, "effective_epoch": 0.036443798595042126, "loss": 2.3501429557800293, "grdn": 7.151736259460449, "lr": 5e-05, "seconds": 36.98126354103442, "memory_gb": 10.425317376}
{"event": "TRAIN", "step": 1300, "effective_epoch": 0.03672630866167036, "loss": 2.3762528896331787, "grdn": 7.612847328186035, "lr": 5e-05, "seconds": 40.3327393271029, "memory_gb": 10.425317376}
{"event": "TRAIN", "step": 1310, "effective_epoch": 0.037008818728298594, "loss": 2.345456600189209, "grdn": 7.61350154876709, "lr": 5e-05, "seconds": 36.414847855921835, "memory_gb": 10.425317376}
{"event": "TRAIN", "step": 1320, "effective_epoch": 0.037291328794926824, "loss": 2.287903070449829, "grdn": 8.161248207092285, "lr": 5e-05, "seconds": 34.10013182007242, "memory_gb": 10.425317376}
{"event": "TRAIN", "step": 1330, "effective_epoch": 0.03757383886155506, "loss": 2.3534462451934814, "grdn": 7.960684299468994, "lr": 5e-05, "seconds": 34.33677853108384, "memory_gb": 10.425317376}
{"event": "TRAIN", "step": 1340, "effective_epoch": 0.03785634892818329, "loss": 2.403822422027588, "grdn": 7.934683799743652, "lr": 5e-05, "seconds": 36.16841681697406, "memory_gb": 10.425317376}
{"event": "TRAIN", "step": 1350, "effective_epoch": 0.03813885899481153, "loss": 2.321828603744507, "grdn": 7.66202449798584, "lr": 5e-05, "seconds": 35.50354512804188, "memory_gb": 10.425317376}
{"event": "TRAIN", "step": 1360, "effective_epoch": 0.03842136906143976, "loss": 2.3480968475341797, "grdn": 8.122732162475586, "lr": 5e-05, "seconds": 35.812472001998685, "memory_gb": 10.425317376}
{"event": "TRAIN", "step": 1370, "effective_epoch": 0.03870387912806799, "loss": 2.4341232776641846, "grdn": 8.311053276062012, "lr": 5e-05, "seconds": 37.942235057009384, "memory_gb": 10.425317376}
{"event": "TRAIN", "step": 1380, "effective_epoch": 0.03898638919469623, "loss": 2.411759614944458, "grdn": 7.6688232421875, "lr": 5e-05, "seconds": 37.61873495101463, "memory_gb": 10.425317376}
{"event": "TRAIN", "step": 1390, "effective_epoch": 0.03926889926132446, "loss": 2.374217987060547, "grdn": 7.385199546813965, "lr": 5e-05, "seconds": 36.13627231493592, "memory_gb": 10.425317376}
{"event": "TRAIN", "step": 1400, "effective_epoch": 0.039551409327952695, "loss": 2.3278305530548096, "grdn": 9.132145881652832, "lr": 5e-05, "seconds": 35.31566001998726, "memory_gb": 10.425317376}
{"event": "TRAIN", "step": 1410, "effective_epoch": 0.039833919394580926, "loss": 2.491896152496338, "grdn": 7.873663902282715, "lr": 5e-05, "seconds": 31.727868256974034, "memory_gb": 10.425317376}
{"event": "TRAIN", "step": 1420, "effective_epoch": 0.04011642946120916, "loss": 2.2763760089874268, "grdn": 7.291928291320801, "lr": 5e-05, "seconds": 35.309527736040764, "memory_gb": 10.425317376}
{"event": "TRAIN", "step": 1430, "effective_epoch": 0.040398939527837394, "loss": 2.2837536334991455, "grdn": 7.852635383605957, "lr": 5e-05, "seconds": 44.06968657800462, "memory_gb": 10.425317376}
{"event": "TRAIN", "step": 1440, "effective_epoch": 0.04068144959446563, "loss": 2.3380393981933594, "grdn": 7.635190010070801, "lr": 5e-05, "seconds": 40.20333236607257, "memory_gb": 10.425317376}
{"event": "TRAIN", "step": 1450, "effective_epoch": 0.04096395966109386, "loss": 2.37933087348938, "grdn": 7.449557304382324, "lr": 5e-05, "seconds": 45.240229398943484, "memory_gb": 10.425317376}
{"event": "TRAIN", "step": 1460, "effective_epoch": 0.04124646972772209, "loss": 2.194614887237549, "grdn": 7.023317813873291, "lr": 5e-05, "seconds": 38.50025852699764, "memory_gb": 10.425317376}
{"event": "TRAIN", "step": 1470, "effective_epoch": 0.04152897979435033, "loss": 2.2860074043273926, "grdn": 7.399487495422363, "lr": 5e-05, "seconds": 37.401254517026246, "memory_gb": 10.425317376}
{"event": "TRAIN", "step": 1480, "effective_epoch": 0.04181148986097856, "loss": 2.209810256958008, "grdn": 7.202486515045166, "lr": 5e-05, "seconds": 36.017304396023974, "memory_gb": 10.425317376}
{"event": "TRAIN", "step": 1490, "effective_epoch": 0.0420939999276068, "loss": 2.325744390487671, "grdn": 7.911032199859619, "lr": 5e-05, "seconds": 34.892644741921686, "memory_gb": 10.425317376}
{"event": "TRAIN", "step": 1500, "effective_epoch": 0.04237650999423503, "loss": 2.235840320587158, "grdn": 7.352677822113037, "lr": 5e-05, "seconds": 37.31849820096977, "memory_gb": 10.425317376}
{"event": "EVAL", "step": 1500, "effective_epoch": 0.04237650999423503, "train": {"frames": 1792, "episodes": 56, "ce": 2.0215578522932316, "mae": 0.007227720026743815, "rmse": 0.010883602932399369, "episode_mae": 0.007227720026743815, "baseline_mae": 0.05248346601729281, "baseline_rmse": 0.06225099910710391, "mae_remaining_seconds": 3.585430981266715, "bias": 0.00021055677046076328, "crps": 0.005247964497487244, "entropy": 2.0608433484698514, "interval90_coverage": 0.9274553571428571, "interval90_width": 0.03805245418022553}, "test": {"frames": 1792, "episodes": 56, "ce": 2.49046542931215, "mae": 0.012883580603816622, "rmse": 0.021396485195718882, "episode_mae": 0.012883580603816622, "baseline_mae": 0.05533733551939284, "baseline_rmse": 0.06688020310571469, "mae_remaining_seconds": 6.391114884866632, "bias": 0.0032604865995641114, "crps": 0.009583586985968395, "entropy": 2.045437380338886, "interval90_coverage": 0.80078125, "interval90_width": 0.036757811330712035}, "best_step": 1500, "best_episode_mae": 0.012883580603816622, "bad_evaluations": 0}
{"event": "TRAIN", "step": 1510, "effective_epoch": 0.042659020060863265, "loss": 2.284050226211548, "grdn": 8.117002487182617, "lr": 5e-05, "seconds": 438.01389036199544, "memory_gb": 10.425317376}
{"event": "TRAIN", "step": 1520, "effective_epoch": 0.042941530127491495, "loss": 2.249535322189331, "grdn": 8.208213806152344, "lr": 5e-05, "seconds": 36.56802027800586, "memory_gb": 10.425317376}
{"event": "TRAIN", "step": 1530, "effective_epoch": 0.04322404019411973, "loss": 2.389073371887207, "grdn": 8.370111465454102, "lr": 5e-05, "seconds": 35.98932950699236, "memory_gb": 10.425317376}
{"event": "TRAIN", "step": 1540, "effective_epoch": 0.04350655026074796, "loss": 2.3196322917938232, "grdn": 8.339690208435059, "lr": 5e-05, "seconds": 37.78920634102542, "memory_gb": 10.425317376}
{"event": "TRAIN", "step": 1550, "effective_epoch": 0.04378906032737619, "loss": 2.3987298011779785, "grdn": 9.344514846801758, "lr": 5e-05, "seconds": 39.91386623296421, "memory_gb": 10.425317376}
{"event": "TRAIN", "step": 1560, "effective_epoch": 0.04407157039400443, "loss": 2.2501935958862305, "grdn": 6.9078850746154785, "lr": 5e-05, "seconds": 41.594890789012425, "memory_gb": 10.425317376}
{"event": "TRAIN", "step": 1570, "effective_epoch": 0.04435408046063266, "loss": 2.1709399223327637, "grdn": 7.292291164398193, "lr": 5e-05, "seconds": 42.26781792799011, "memory_gb": 10.425317376}
{"event": "TRAIN", "step": 1580, "effective_epoch": 0.0446365905272609, "loss": 2.21651554107666, "grdn": 7.457664489746094, "lr": 5e-05, "seconds": 39.42752256698441, "memory_gb": 10.425317376}
{"event": "TRAIN", "step": 1590, "effective_epoch": 0.04491910059388913, "loss": 2.2866616249084473, "grdn": 7.48251485824585, "lr": 5e-05, "seconds": 33.676432823063806, "memory_gb": 10.425317376}
{"event": "TRAIN", "step": 1600, "effective_epoch": 0.045201610660517366, "loss": 2.408431053161621, "grdn": 8.60319995880127, "lr": 5e-05, "seconds": 40.283371625002474, "memory_gb": 10.425317376}
{"event": "TRAIN", "step": 1610, "effective_epoch": 0.0454841207271456, "loss": 2.187910795211792, "grdn": 7.536673545837402, "lr": 5e-05, "seconds": 36.489771072985604, "memory_gb": 10.425317376}
{"event": "TRAIN", "step": 1620, "effective_epoch": 0.045766630793773834, "loss": 2.2001097202301025, "grdn": 7.590846061706543, "lr": 5e-05, "seconds": 35.50407826190349, "memory_gb": 10.425317376}
{"event": "TRAIN", "step": 1630, "effective_epoch": 0.046049140860402064, "loss": 2.1948132514953613, "grdn": 7.694648742675781, "lr": 5e-05, "seconds": 36.87932271300815, "memory_gb": 10.425317376}
{"event": "TRAIN", "step": 1640, "effective_epoch": 0.0463316509270303, "loss": 2.190140962600708, "grdn": 7.636512756347656, "lr": 5e-05, "seconds": 43.00150199397467, "memory_gb": 10.425317376}
{"event": "TRAIN", "step": 1650, "effective_epoch": 0.04661416099365853, "loss": 2.3281915187835693, "grdn": 7.275505065917969, "lr": 5e-05, "seconds": 34.93625501997303, "memory_gb": 10.425317376}
{"event": "TRAIN", "step": 1660, "effective_epoch": 0.04689667106028676, "loss": 2.2157700061798096, "grdn": 7.402920722961426, "lr": 5e-05, "seconds": 36.093230882892385, "memory_gb": 10.425317376}
{"event": "TRAIN", "step": 1670, "effective_epoch": 0.047179181126915, "loss": 2.217846155166626, "grdn": 7.211470127105713, "lr": 5e-05, "seconds": 36.9937799150357, "memory_gb": 10.425317376}
{"event": "TRAIN", "step": 1680, "effective_epoch": 0.04746169119354323, "loss": 2.2495510578155518, "grdn": 7.7602081298828125, "lr": 5e-05, "seconds": 37.70947519806214, "memory_gb": 10.425317376}
{"event": "TRAIN", "step": 1690, "effective_epoch": 0.04774420126017147, "loss": 2.3020401000976562, "grdn": 8.10163402557373, "lr": 5e-05, "seconds": 40.93520846206229, "memory_gb": 10.425317376}
{"event": "TRAIN", "step": 1700, "effective_epoch": 0.0480267113267997, "loss": 2.3487496376037598, "grdn": 8.555634498596191, "lr": 5e-05, "seconds": 41.692640986992046, "memory_gb": 10.425317376}
{"event": "TRAIN", "step": 1710, "effective_epoch": 0.048309221393427935, "loss": 2.361462354660034, "grdn": 9.04911994934082, "lr": 5e-05, "seconds": 37.59805875492748, "memory_gb": 10.425317376}
{"event": "TRAIN", "step": 1720, "effective_epoch": 0.048591731460056166, "loss": 2.2293410301208496, "grdn": 7.4355340003967285, "lr": 5e-05, "seconds": 35.33959423401393, "memory_gb": 10.425317376}
{"event": "TRAIN", "step": 1730, "effective_epoch": 0.0488742415266844, "loss": 2.198291063308716, "grdn": 7.834317684173584, "lr": 5e-05, "seconds": 42.58873138099443, "memory_gb": 10.425317376}
{"event": "TRAIN", "step": 1740, "effective_epoch": 0.049156751593312634, "loss": 2.227358341217041, "grdn": 8.224353790283203, "lr": 5e-05, "seconds": 38.088444374036044, "memory_gb": 10.425317376}
{"event": "TRAIN", "step": 1750, "effective_epoch": 0.049439261659940864, "loss": 2.308267116546631, "grdn": 8.6028413772583, "lr": 5e-05, "seconds": 38.28205350402277, "memory_gb": 10.425317376}
{"event": "EVAL", "step": 1750, "effective_epoch": 0.049439261659940864, "train": {"frames": 1792, "episodes": 56, "ce": 1.9546615860225367, "mae": 0.007545885673997483, "rmse": 0.012078416352064105, "episode_mae": 0.007545885673997483, "baseline_mae": 0.05248346601729281, "baseline_rmse": 0.06225099910710391, "mae_remaining_seconds": 3.7432623533476845, "bias": -0.0008684813192303409, "crps": 0.005474355404666247, "entropy": 2.036495577111574, "interval90_coverage": 0.9246651785714286, "interval90_width": 0.03462332491679782}, "test": {"frames": 1792, "episodes": 56, "ce": 2.5952806936443915, "mae": 0.013889136255654324, "rmse": 0.02205389390720676, "episode_mae": 0.013889136255654324, "baseline_mae": 0.05533733551939284, "baseline_rmse": 0.06688020310571469, "mae_remaining_seconds": 6.889937525221588, "bias": 0.0014893206033385858, "crps": 0.010559782282671546, "entropy": 2.026815713749134, "interval90_coverage": 0.7399553571428571, "interval90_width": 0.034439173135199654}, "best_step": 1500, "best_episode_mae": 0.012883580603816622, "bad_evaluations": 1}
{"event": "TRAIN", "step": 1760, "effective_epoch": 0.0497217717265691, "loss": 2.2388737201690674, "grdn": 7.154444217681885, "lr": 5e-05, "seconds": 433.5653486059746, "memory_gb": 10.425317376}
{"event": "TRAIN", "step": 1770, "effective_epoch": 0.05000428179319733, "loss": 2.2355458736419678, "grdn": 8.108133316040039, "lr": 5e-05, "seconds": 35.55193941795733, "memory_gb": 10.425317376}
{"event": "TRAIN", "step": 1780, "effective_epoch": 0.05028679185982557, "loss": 2.243501901626587, "grdn": 7.20361852645874, "lr": 5e-05, "seconds": 41.907792180078104, "memory_gb": 10.425317376}
{"event": "TRAIN", "step": 1790, "effective_epoch": 0.0505693019264538, "loss": 2.2443063259124756, "grdn": 7.453866481781006, "lr": 5e-05, "seconds": 39.44378178694751, "memory_gb": 10.425317376}
{"event": "TRAIN", "step": 1800, "effective_epoch": 0.05085181199308204, "loss": 2.1382744312286377, "grdn": 7.9083380699157715, "lr": 5e-05, "seconds": 33.340689453994855, "memory_gb": 10.425317376}
{"event": "TRAIN", "step": 1810, "effective_epoch": 0.05113432205971027, "loss": 2.2977426052093506, "grdn": 8.333539962768555, "lr": 5e-05, "seconds": 38.538703195983544, "memory_gb": 10.425317376}
{"event": "TRAIN", "step": 1820, "effective_epoch": 0.051416832126338505, "loss": 2.1600756645202637, "grdn": 7.707845211029053, "lr": 5e-05, "seconds": 40.364592979080044, "memory_gb": 10.425317376}
{"event": "TRAIN", "step": 1830, "effective_epoch": 0.051699342192966735, "loss": 2.098567247390747, "grdn": 7.671913146972656, "lr": 5e-05, "seconds": 41.019554015947506, "memory_gb": 10.425317376}
{"event": "TRAIN", "step": 1840, "effective_epoch": 0.051981852259594966, "loss": 2.1758639812469482, "grdn": 7.1696882247924805, "lr": 5e-05, "seconds": 38.85522588295862, "memory_gb": 10.425317376}
{"event": "TRAIN", "step": 1850, "effective_epoch": 0.0522643623262232, "loss": 2.160371780395508, "grdn": 6.7951788902282715, "lr": 5e-05, "seconds": 35.11723836499732, "memory_gb": 10.425317376}
{"event": "TRAIN", "step": 1860, "effective_epoch": 0.05254687239285143, "loss": 2.20878267288208, "grdn": 7.7902069091796875, "lr": 5e-05, "seconds": 45.977007692097686, "memory_gb": 10.425317376}
{"event": "TRAIN", "step": 1870, "effective_epoch": 0.05282938245947967, "loss": 2.2253103256225586, "grdn": 8.524675369262695, "lr": 5e-05, "seconds": 35.14477685804013, "memory_gb": 10.425317376}
{"event": "TRAIN", "step": 1880, "effective_epoch": 0.0531118925261079, "loss": 2.218571424484253, "grdn": 7.832758903503418, "lr": 5e-05, "seconds": 36.19525142398197, "memory_gb": 10.425317376}
{"event": "TRAIN", "step": 1890, "effective_epoch": 0.05339440259273614, "loss": 2.1723999977111816, "grdn": 7.936183929443359, "lr": 5e-05, "seconds": 38.63337106909603, "memory_gb": 10.425317376}
{"event": "TRAIN", "step": 1900, "effective_epoch": 0.05367691265936437, "loss": 2.146047592163086, "grdn": 6.7900261878967285, "lr": 5e-05, "seconds": 36.186447983956896, "memory_gb": 10.425317376}
{"event": "TRAIN", "step": 1910, "effective_epoch": 0.053959422725992606, "loss": 2.1728663444519043, "grdn": 7.431713104248047, "lr": 5e-05, "seconds": 35.598907018080354, "memory_gb": 10.425317376}
{"event": "TRAIN", "step": 1920, "effective_epoch": 0.05424193279262084, "loss": 2.1274399757385254, "grdn": 7.341275691986084, "lr": 5e-05, "seconds": 43.26886756089516, "memory_gb": 10.425317376}
{"event": "TRAIN", "step": 1930, "effective_epoch": 0.054524442859249074, "loss": 2.156704902648926, "grdn": 8.004682540893555, "lr": 5e-05, "seconds": 32.78128955094144, "memory_gb": 10.425317376}
{"event": "TRAIN", "step": 1940, "effective_epoch": 0.054806952925877304, "loss": 2.3036086559295654, "grdn": 8.847513198852539, "lr": 5e-05, "seconds": 35.60287679999601, "memory_gb": 10.425317376}
{"event": "TRAIN", "step": 1950, "effective_epoch": 0.055089462992505535, "loss": 2.2203195095062256, "grdn": 7.4892473220825195, "lr": 5e-05, "seconds": 41.596308920998126, "memory_gb": 10.425317376}
{"event": "TRAIN", "step": 1960, "effective_epoch": 0.05537197305913377, "loss": 2.187250852584839, "grdn": 7.972273349761963, "lr": 5e-05, "seconds": 38.47061291302089, "memory_gb": 10.425317376}
{"event": "TRAIN", "step": 1970, "effective_epoch": 0.055654483125762, "loss": 2.177212953567505, "grdn": 7.492064476013184, "lr": 5e-05, "seconds": 33.36646559892688, "memory_gb": 10.425317376}
{"event": "TRAIN", "step": 1980, "effective_epoch": 0.05593699319239024, "loss": 2.2599244117736816, "grdn": 7.492018699645996, "lr": 5e-05, "seconds": 41.66980505106039, "memory_gb": 10.425317376}
{"event": "TRAIN", "step": 1990, "effective_epoch": 0.05621950325901847, "loss": 2.154935836791992, "grdn": 7.893871307373047, "lr": 5e-05, "seconds": 45.39616349001881, "memory_gb": 10.425317376}
{"event": "TRAIN", "step": 2000, "effective_epoch": 0.05650201332564671, "loss": 2.259213924407959, "grdn": 8.52897834777832, "lr": 5e-05, "seconds": 40.44391440099571, "memory_gb": 10.425317376}
{"event": "EVAL", "step": 2000, "effective_epoch": 0.05650201332564671, "train": {"frames": 1792, "episodes": 56, "ce": 1.8947829362670225, "mae": 0.007230137841101428, "rmse": 0.011832518720563321, "episode_mae": 0.007230137841101428, "baseline_mae": 0.05248346601729281, "baseline_rmse": 0.06225099910710391, "mae_remaining_seconds": 3.586630378375715, "bias": -0.0021726712718321195, "crps": 0.0052741759234485085, "entropy": 1.9796431783719786, "interval90_coverage": 0.9285714285714286, "interval90_width": 0.033800222294563094}, "test": {"frames": 1792, "episodes": 56, "ce": 2.5502462958517884, "mae": 0.012967219834406154, "rmse": 0.02066392366012964, "episode_mae": 0.012967219834406154, "baseline_mae": 0.05533733551939284, "baseline_rmse": 0.06688020310571469, "mae_remaining_seconds": 6.432605519187746, "bias": 0.0009397557760166819, "crps": 0.00992140503358639, "entropy": 1.9571252960179533, "interval90_coverage": 0.7421875, "interval90_width": 0.032779017000783436}, "best_step": 1500, "best_episode_mae": 0.012883580603816622, "bad_evaluations": 2}
{"event": "TRAIN", "step": 2010, "effective_epoch": 0.05678452339227494, "loss": 2.1005406379699707, "grdn": 7.327310085296631, "lr": 5e-05, "seconds": 432.1887997529702, "memory_gb": 10.425317376}
{"event": "TRAIN", "step": 2020, "effective_epoch": 0.057067033458903176, "loss": 2.1282331943511963, "grdn": 7.812180995941162, "lr": 5e-05, "seconds": 37.56540064502042, "memory_gb": 10.425317376}
{"event": "TRAIN", "step": 2030, "effective_epoch": 0.057349543525531406, "loss": 2.180854082107544, "grdn": 8.383316993713379, "lr": 5e-05, "seconds": 38.21616529801395, "memory_gb": 10.425317376}
{"event": "TRAIN", "step": 2040, "effective_epoch": 0.057632053592159636, "loss": 2.1726300716400146, "grdn": 7.727756500244141, "lr": 5e-05, "seconds": 38.04537364700809, "memory_gb": 10.425317376}
{"event": "TRAIN", "step": 2050, "effective_epoch": 0.057914563658787874, "loss": 2.1136624813079834, "grdn": 6.866616725921631, "lr": 5e-05, "seconds": 37.744106676080264, "memory_gb": 10.425317376}
{"event": "TRAIN", "step": 2060, "effective_epoch": 0.058197073725416104, "loss": 2.0463271141052246, "grdn": 7.195564270019531, "lr": 5e-05, "seconds": 34.323776980047114, "memory_gb": 10.425317376}
{"event": "TRAIN", "step": 2070, "effective_epoch": 0.05847958379204434, "loss": 2.1666367053985596, "grdn": 7.757532596588135, "lr": 5e-05, "seconds": 35.92036783497315, "memory_gb": 10.425317376}
{"event": "TRAIN", "step": 2080, "effective_epoch": 0.05876209385867257, "loss": 2.063483715057373, "grdn": 6.95437479019165, "lr": 5e-05, "seconds": 36.67180755699519, "memory_gb": 10.425317376}
{"event": "TRAIN", "step": 2090, "effective_epoch": 0.05904460392530081, "loss": 2.1271748542785645, "grdn": 8.035250663757324, "lr": 5e-05, "seconds": 42.13295155600645, "memory_gb": 10.425317376}
{"event": "TRAIN", "step": 2100, "effective_epoch": 0.05932711399192904, "loss": 2.0439743995666504, "grdn": 7.1220903396606445, "lr": 5e-05, "seconds": 38.83566458092537, "memory_gb": 10.425317376}
{"event": "TRAIN", "step": 2110, "effective_epoch": 0.05960962405855728, "loss": 2.1016364097595215, "grdn": 7.253837585449219, "lr": 5e-05, "seconds": 33.9007102510659, "memory_gb": 10.425317376}
{"event": "TRAIN", "step": 2120, "effective_epoch": 0.05989213412518551, "loss": 2.07191801071167, "grdn": 7.142801761627197, "lr": 5e-05, "seconds": 34.57876200100873, "memory_gb": 10.425317376}
{"event": "TRAIN", "step": 2130, "effective_epoch": 0.06017464419181374, "loss": 2.0456275939941406, "grdn": 7.049383640289307, "lr": 5e-05, "seconds": 35.8983911620453, "memory_gb": 10.425317376}
{"event": "TRAIN", "step": 2140, "effective_epoch": 0.060457154258441975, "loss": 2.085834264755249, "grdn": 7.68451452255249, "lr": 5e-05, "seconds": 44.15014119108673, "memory_gb": 10.425317376}
{"event": "TRAIN", "step": 2150, "effective_epoch": 0.060739664325070206, "loss": 2.1721761226654053, "grdn": 7.4496002197265625, "lr": 5e-05, "seconds": 36.908997004968114, "memory_gb": 10.425317376}
{"event": "TRAIN", "step": 2160, "effective_epoch": 0.06102217439169844, "loss": 2.258368492126465, "grdn": 7.71078634262085, "lr": 5e-05, "seconds": 44.07754631398711, "memory_gb": 10.425317376}
{"event": "TRAIN", "step": 2170, "effective_epoch": 0.06130468445832667, "loss": 2.1302428245544434, "grdn": 8.046537399291992, "lr": 5e-05, "seconds": 39.49038369697519, "memory_gb": 10.425317376}
{"event": "TRAIN", "step": 2180, "effective_epoch": 0.06158719452495491, "loss": 2.106656789779663, "grdn": 7.701023101806641, "lr": 5e-05, "seconds": 40.354814513004385, "memory_gb": 10.425317376}
{"event": "TRAIN", "step": 2190, "effective_epoch": 0.06186970459158314, "loss": 2.138378620147705, "grdn": 7.639044284820557, "lr": 5e-05, "seconds": 36.63175528193824, "memory_gb": 10.425317376}
{"event": "TRAIN", "step": 2200, "effective_epoch": 0.06215221465821138, "loss": 2.1656880378723145, "grdn": 8.13477897644043, "lr": 5e-05, "seconds": 40.65011245908681, "memory_gb": 10.425317376}
{"event": "TRAIN", "step": 2210, "effective_epoch": 0.06243472472483961, "loss": 2.1810431480407715, "grdn": 7.578568935394287, "lr": 5e-05, "seconds": 33.714068660046905, "memory_gb": 10.425317376}
{"event": "TRAIN", "step": 2220, "effective_epoch": 0.06271723479146785, "loss": 2.095585584640503, "grdn": 7.787844657897949, "lr": 5e-05, "seconds": 40.17023886402603, "memory_gb": 10.425317376}
{"event": "TRAIN", "step": 2230, "effective_epoch": 0.06299974485809608, "loss": 2.1589252948760986, "grdn": 7.522594451904297, "lr": 5e-05, "seconds": 39.043840043013915, "memory_gb": 10.425317376}
{"event": "TRAIN", "step": 2240, "effective_epoch": 0.06328225492472431, "loss": 2.1043968200683594, "grdn": 8.070351600646973, "lr": 5e-05, "seconds": 37.28751526400447, "memory_gb": 10.425317376}
{"event": "TRAIN", "step": 2250, "effective_epoch": 0.06356476499135254, "loss": 2.244558095932007, "grdn": 8.269285202026367, "lr": 5e-05, "seconds": 41.73111673700623, "memory_gb": 10.425317376}
{"event": "EVAL", "step": 2250, "effective_epoch": 0.06356476499135254, "train": {"frames": 1792, "episodes": 56, "ce": 2.1049626052180037, "mae": 0.008055686368217201, "rmse": 0.010438999891559879, "episode_mae": 0.008055686368217201, "baseline_mae": 0.05248346601729281, "baseline_rmse": 0.06225099910710391, "mae_remaining_seconds": 3.996157484393613, "bias": -0.004099241560652445, "crps": 0.006299142704006856, "entropy": 1.942080425530938, "interval90_coverage": 0.8275669642857143, "interval90_width": 0.031336494675217964}, "test": {"frames": 1792, "episodes": 56, "ce": 2.91358744572582, "mae": 0.014921917386865451, "rmse": 0.02277074307855383, "episode_mae": 0.014921917386865451, "baseline_mae": 0.05533733551939284, "baseline_rmse": 0.06688020310571469, "mae_remaining_seconds": 7.402265818377722, "bias": -0.000633964861403261, "crps": 0.011844780633903642, "entropy": 1.9295825461324836, "interval90_coverage": 0.6266741071428571, "interval90_width": 0.03172153926997063}, "best_step": 1500, "best_episode_mae": 0.012883580603816622, "bad_evaluations": 3}
{"event": "TRAIN", "step": 2260, "effective_epoch": 0.06384727505798078, "loss": 2.226280689239502, "grdn": 8.049882888793945, "lr": 5e-05, "seconds": 433.86895524093416, "memory_gb": 10.425317376}
{"event": "TRAIN", "step": 2270, "effective_epoch": 0.06412978512460901, "loss": 2.0874273777008057, "grdn": 6.729340553283691, "lr": 5e-05, "seconds": 39.45938080502674, "memory_gb": 10.425317376}
{"event": "TRAIN", "step": 2280, "effective_epoch": 0.06441229519123724, "loss": 2.0560436248779297, "grdn": 8.02993392944336, "lr": 5e-05, "seconds": 43.089977076044306, "memory_gb": 10.425317376}
{"event": "TRAIN", "step": 2290, "effective_epoch": 0.06469480525786547, "loss": 2.0774753093719482, "grdn": 7.911076545715332, "lr": 5e-05, "seconds": 38.230561329983175, "memory_gb": 10.425317376}
{"event": "TRAIN", "step": 2300, "effective_epoch": 0.06497731532449372, "loss": 2.028074026107788, "grdn": 7.0318922996521, "lr": 5e-05, "seconds": 45.03185774106532, "memory_gb": 10.425317376}
{"event": "TRAIN", "step": 2310, "effective_epoch": 0.06525982539112195, "loss": 2.1390633583068848, "grdn": 7.320827484130859, "lr": 5e-05, "seconds": 39.33519963710569, "memory_gb": 10.425317376}
{"event": "TRAIN", "step": 2320, "effective_epoch": 0.06554233545775018, "loss": 2.1411221027374268, "grdn": 7.627448081970215, "lr": 5e-05, "seconds": 44.65012084005866, "memory_gb": 10.425317376}
{"event": "TRAIN", "step": 2330, "effective_epoch": 0.06582484552437841, "loss": 2.0167648792266846, "grdn": 7.226885795593262, "lr": 5e-05, "seconds": 36.71647153003141, "memory_gb": 10.425317376}
{"event": "TRAIN", "step": 2340, "effective_epoch": 0.06610735559100664, "loss": 2.0363211631774902, "grdn": 7.468174934387207, "lr": 5e-05, "seconds": 37.64199453801848, "memory_gb": 10.425317376}
{"event": "TRAIN", "step": 2350, "effective_epoch": 0.06638986565763488, "loss": 2.1027956008911133, "grdn": 8.166807174682617, "lr": 5e-05, "seconds": 36.16102618200239, "memory_gb": 10.425317376}
{"event": "TRAIN", "step": 2360, "effective_epoch": 0.06667237572426311, "loss": 1.9933326244354248, "grdn": 7.473044395446777, "lr": 5e-05, "seconds": 34.76981028798036, "memory_gb": 10.425317376}
{"event": "TRAIN", "step": 2370, "effective_epoch": 0.06695488579089134, "loss": 2.156677484512329, "grdn": 7.817911624908447, "lr": 5e-05, "seconds": 35.07723115105182, "memory_gb": 10.425317376}
{"event": "TRAIN", "step": 2380, "effective_epoch": 0.06723739585751957, "loss": 2.1565017700195312, "grdn": 8.487957000732422, "lr": 5e-05, "seconds": 35.205046024988405, "memory_gb": 10.425317376}
{"event": "TRAIN", "step": 2390, "effective_epoch": 0.06751990592414782, "loss": 2.0877225399017334, "grdn": 7.948949337005615, "lr": 5e-05, "seconds": 33.152556200977415, "memory_gb": 10.425317376}
{"event": "TRAIN", "step": 2400, "effective_epoch": 0.06780241599077605, "loss": 2.206423282623291, "grdn": 8.222070693969727, "lr": 5e-05, "seconds": 35.690011298051104, "memory_gb": 10.425317376}
{"event": "TRAIN", "step": 2410, "effective_epoch": 0.06808492605740428, "loss": 2.073594570159912, "grdn": 7.773324489593506, "lr": 5e-05, "seconds": 37.69489408296067, "memory_gb": 10.425317376}
{"event": "TRAIN", "step": 2420, "effective_epoch": 0.06836743612403251, "loss": 2.1071014404296875, "grdn": 8.839960098266602, "lr": 5e-05, "seconds": 44.3535156090511, "memory_gb": 10.425317376}
{"event": "TRAIN", "step": 2430, "effective_epoch": 0.06864994619066074, "loss": 2.153364658355713, "grdn": 7.962900638580322, "lr": 5e-05, "seconds": 45.10967877402436, "memory_gb": 10.425317376}
{"event": "TRAIN", "step": 2440, "effective_epoch": 0.06893245625728898, "loss": 2.0959677696228027, "grdn": 8.033823013305664, "lr": 5e-05, "seconds": 36.96404942404479, "memory_gb": 10.425317376}
{"event": "TRAIN", "step": 2450, "effective_epoch": 0.06921496632391722, "loss": 2.0334086418151855, "grdn": 7.238219261169434, "lr": 5e-05, "seconds": 39.06748794100713, "memory_gb": 10.425317376}
{"event": "TRAIN", "step": 2460, "effective_epoch": 0.06949747639054545, "loss": 2.084510087966919, "grdn": 7.732263088226318, "lr": 5e-05, "seconds": 40.515893443953246, "memory_gb": 10.425317376}
{"event": "TRAIN", "step": 2470, "effective_epoch": 0.06977998645717368, "loss": 2.16166615486145, "grdn": 8.061948776245117, "lr": 5e-05, "seconds": 40.045815528021194, "memory_gb": 10.425317376}
{"event": "TRAIN", "step": 2480, "effective_epoch": 0.07006249652380192, "loss": 2.0306570529937744, "grdn": 6.8316755294799805, "lr": 5e-05, "seconds": 36.705041222972795, "memory_gb": 10.425317376}
{"event": "TRAIN", "step": 2490, "effective_epoch": 0.07034500659043015, "loss": 2.123955488204956, "grdn": 7.476140022277832, "lr": 5e-05, "seconds": 36.89601928310003, "memory_gb": 10.425317376}
{"event": "TRAIN", "step": 2500, "effective_epoch": 0.07062751665705838, "loss": 2.1720211505889893, "grdn": 7.362841606140137, "lr": 5e-05, "seconds": 37.78907791804522, "memory_gb": 10.425317376}
{"event": "EVAL", "step": 2500, "effective_epoch": 0.07062751665705838, "train": {"frames": 1792, "episodes": 56, "ce": 1.8102856841869652, "mae": 0.006260638980815462, "rmse": 0.009329005403480299, "episode_mae": 0.006260638980815462, "baseline_mae": 0.05248346601729281, "baseline_rmse": 0.06225099910710391, "mae_remaining_seconds": 3.1056943104165233, "bias": -0.0009940216598676801, "crps": 0.0045410671890278665, "entropy": 1.9161555797659926, "interval90_coverage": 0.9391741071428571, "interval90_width": 0.03155970890085363}, "test": {"frames": 1792, "episodes": 56, "ce": 2.6010401031734154, "mae": 0.013021540773609428, "rmse": 0.021340394144921053, "episode_mae": 0.013021540773609428, "baseline_mae": 0.05533733551939284, "baseline_rmse": 0.06688020310571469, "mae_remaining_seconds": 6.4595523264285175, "bias": 0.002137540476724098, "crps": 0.010050828307474344, "entropy": 1.8972550316580705, "interval90_coverage": 0.71875, "interval90_width": 0.031330914315081566}, "best_step": 1500, "best_episode_mae": 0.012883580603816622, "bad_evaluations": 4}
{"event": "TRAIN", "step": 2510, "effective_epoch": 0.07091002672368661, "loss": 2.0377907752990723, "grdn": 6.797724723815918, "lr": 5e-05, "seconds": 431.8120465729153, "memory_gb": 10.425317376}
{"event": "TRAIN", "step": 2520, "effective_epoch": 0.07119253679031484, "loss": 1.999748945236206, "grdn": 7.324489593505859, "lr": 5e-05, "seconds": 39.79028349905275, "memory_gb": 10.425317376}
{"event": "TRAIN", "step": 2530, "effective_epoch": 0.07147504685694309, "loss": 2.0782053470611572, "grdn": 7.2331414222717285, "lr": 5e-05, "seconds": 40.18669805605896, "memory_gb": 10.425317376}
{"event": "TRAIN", "step": 2540, "effective_epoch": 0.07175755692357132, "loss": 1.9731099605560303, "grdn": 6.91428279876709, "lr": 5e-05, "seconds": 41.591512453975156, "memory_gb": 10.425317376}
{"event": "TRAIN", "step": 2550, "effective_epoch": 0.07204006699019955, "loss": 2.2035508155822754, "grdn": 8.704960823059082, "lr": 5e-05, "seconds": 40.84464743093122, "memory_gb": 10.425317376}
{"event": "TRAIN", "step": 2560, "effective_epoch": 0.07232257705682778, "loss": 2.0275492668151855, "grdn": 7.7668962478637695, "lr": 5e-05, "seconds": 41.23353936802596, "memory_gb": 10.425317376}
{"event": "TRAIN", "step": 2570, "effective_epoch": 0.07260508712345602, "loss": 2.0130808353424072, "grdn": 8.039032936096191, "lr": 5e-05, "seconds": 40.151800798019394, "memory_gb": 10.425317376}
{"event": "TRAIN", "step": 2580, "effective_epoch": 0.07288759719008425, "loss": 2.0127816200256348, "grdn": 6.8038787841796875, "lr": 5e-05, "seconds": 39.694790977053344, "memory_gb": 10.425317376}
{"event": "TRAIN", "step": 2590, "effective_epoch": 0.07317010725671248, "loss": 1.9944250583648682, "grdn": 7.3055419921875, "lr": 5e-05, "seconds": 33.52976554597262, "memory_gb": 10.425317376}
{"event": "TRAIN", "step": 2600, "effective_epoch": 0.07345261732334071, "loss": 2.012155055999756, "grdn": 7.2850799560546875, "lr": 5e-05, "seconds": 40.09656375902705, "memory_gb": 10.425317376}
{"event": "TRAIN", "step": 2610, "effective_epoch": 0.07373512738996894, "loss": 2.0625228881835938, "grdn": 7.383879661560059, "lr": 5e-05, "seconds": 37.507664293050766, "memory_gb": 10.425317376}
{"event": "TRAIN", "step": 2620, "effective_epoch": 0.07401763745659719, "loss": 2.0068001747131348, "grdn": 6.85135555267334, "lr": 5e-05, "seconds": 34.54632556298748, "memory_gb": 10.425317376}
{"event": "TRAIN", "step": 2630, "effective_epoch": 0.07430014752322542, "loss": 2.0217556953430176, "grdn": 7.525710105895996, "lr": 5e-05, "seconds": 35.2046161480248, "memory_gb": 10.425317376}
{"event": "TRAIN", "step": 2640, "effective_epoch": 0.07458265758985365, "loss": 2.0908570289611816, "grdn": 7.954046726226807, "lr": 5e-05, "seconds": 41.10941983596422, "memory_gb": 10.425317376}
{"event": "TRAIN", "step": 2650, "effective_epoch": 0.07486516765648188, "loss": 2.0421319007873535, "grdn": 7.462109565734863, "lr": 5e-05, "seconds": 34.75590114702936, "memory_gb": 10.425317376}
{"event": "TRAIN", "step": 2660, "effective_epoch": 0.07514767772311012, "loss": 1.968027114868164, "grdn": 6.484013557434082, "lr": 5e-05, "seconds": 37.07467219198588, "memory_gb": 10.425317376}
{"event": "TRAIN", "step": 2670, "effective_epoch": 0.07543018778973835, "loss": 2.1090431213378906, "grdn": 7.532952308654785, "lr": 5e-05, "seconds": 38.142351420014165, "memory_gb": 10.425317376}
{"event": "TRAIN", "step": 2680, "effective_epoch": 0.07571269785636658, "loss": 1.9400660991668701, "grdn": 6.96898889541626, "lr": 5e-05, "seconds": 35.537542385049164, "memory_gb": 10.425317376}
{"event": "TRAIN", "step": 2690, "effective_epoch": 0.07599520792299481, "loss": 2.0319998264312744, "grdn": 8.061277389526367, "lr": 5e-05, "seconds": 43.065730111906305, "memory_gb": 10.425317376}
{"event": "TRAIN", "step": 2700, "effective_epoch": 0.07627771798962306, "loss": 2.074657917022705, "grdn": 7.865698337554932, "lr": 5e-05, "seconds": 31.504290548036806, "memory_gb": 10.425317376}
{"event": "TRAIN", "step": 2710, "effective_epoch": 0.07656022805625129, "loss": 1.9795475006103516, "grdn": 8.095108032226562, "lr": 5e-05, "seconds": 36.24860178900417, "memory_gb": 10.425317376}
{"event": "TRAIN", "step": 2720, "effective_epoch": 0.07684273812287952, "loss": 2.0057663917541504, "grdn": 7.447400093078613, "lr": 5e-05, "seconds": 37.00871814601123, "memory_gb": 10.425317376}
{"event": "TRAIN", "step": 2730, "effective_epoch": 0.07712524818950775, "loss": 1.982983946800232, "grdn": 7.759390354156494, "lr": 5e-05, "seconds": 34.41579041199293, "memory_gb": 10.425317376}
{"event": "TRAIN", "step": 2740, "effective_epoch": 0.07740775825613598, "loss": 2.1168479919433594, "grdn": 7.733035087585449, "lr": 5e-05, "seconds": 40.24995956104249, "memory_gb": 10.425317376}
{"event": "TRAIN", "step": 2750, "effective_epoch": 0.07769026832276422, "loss": 2.104320526123047, "grdn": 7.800697326660156, "lr": 5e-05, "seconds": 39.18158264900558, "memory_gb": 10.425317376}
{"event": "EVAL", "step": 2750, "effective_epoch": 0.07769026832276422, "train": {"frames": 1792, "episodes": 56, "ce": 1.7612796524606114, "mae": 0.0064824347787829795, "rmse": 0.009654626367946133, "episode_mae": 0.0064824347787829795, "baseline_mae": 0.05248346601729281, "baseline_rmse": 0.06225099910710391, "mae_remaining_seconds": 3.2157198125949433, "bias": -0.0020365317680313766, "crps": 0.004838690587575911, "entropy": 1.861489407418828, "interval90_coverage": 0.9341517857142857, "interval90_width": 0.029056918790696988}, "test": {"frames": 1792, "episodes": 56, "ce": 2.695919683685393, "mae": 0.013453128450237273, "rmse": 0.021478493738726474, "episode_mae": 0.013453128450237273, "baseline_mae": 0.05533733551939284, "baseline_rmse": 0.06688020310571469, "mae_remaining_seconds": 6.673648586547703, "bias": -0.0005033645825928293, "crps": 0.010753523758467054, "entropy": 1.8650969700954323, "interval90_coverage": 0.6763392857142857, "interval90_width": 0.02924386086098301}, "best_step": 1500, "best_episode_mae": 0.012883580603816622, "bad_evaluations": 5}
{"event": "TRAIN", "step": 2760, "effective_epoch": 0.07797277838939246, "loss": 2.074795961380005, "grdn": 7.601790428161621, "lr": 5e-05, "seconds": 431.57284853293095, "memory_gb": 10.425317376}
{"event": "TRAIN", "step": 2770, "effective_epoch": 0.07825528845602069, "loss": 2.067878007888794, "grdn": 7.742772102355957, "lr": 5e-05, "seconds": 33.55727675196249, "memory_gb": 10.425317376}
{"event": "TRAIN", "step": 2780, "effective_epoch": 0.07853779852264892, "loss": 1.9849507808685303, "grdn": 6.990772247314453, "lr": 5e-05, "seconds": 36.76670737203676, "memory_gb": 10.425317376}
{"event": "TRAIN", "step": 2790, "effective_epoch": 0.07882030858927716, "loss": 1.9900720119476318, "grdn": 7.641242980957031, "lr": 5e-05, "seconds": 40.290258480003104, "memory_gb": 10.425317376}
{"event": "TRAIN", "step": 2800, "effective_epoch": 0.07910281865590539, "loss": 2.0585665702819824, "grdn": 7.732946872711182, "lr": 5e-05, "seconds": 39.86861538805533, "memory_gb": 10.425317376}
{"event": "TRAIN", "step": 2810, "effective_epoch": 0.07938532872253362, "loss": 1.9869086742401123, "grdn": 7.377228736877441, "lr": 5e-05, "seconds": 41.01134418300353, "memory_gb": 10.425317376}
{"event": "TRAIN", "step": 2820, "effective_epoch": 0.07966783878916185, "loss": 2.008495807647705, "grdn": 9.316324234008789, "lr": 5e-05, "seconds": 40.0716452379711, "memory_gb": 10.425317376}
{"event": "TRAIN", "step": 2830, "effective_epoch": 0.07995034885579008, "loss": 2.2389867305755615, "grdn": 8.616036415100098, "lr": 5e-05, "seconds": 35.910598717979155, "memory_gb": 10.425317376}
{"event": "TRAIN", "step": 2840, "effective_epoch": 0.08023285892241833, "loss": 2.0175113677978516, "grdn": 7.077485084533691, "lr": 5e-05, "seconds": 33.77760614792351, "memory_gb": 10.425317376}
{"event": "TRAIN", "step": 2850, "effective_epoch": 0.08051536898904656, "loss": 1.9940919876098633, "grdn": 7.849638938903809, "lr": 5e-05, "seconds": 42.13845940493047, "memory_gb": 10.425317376}
{"event": "TRAIN", "step": 2860, "effective_epoch": 0.08079787905567479, "loss": 2.084374189376831, "grdn": 8.383212089538574, "lr": 5e-05, "seconds": 40.99302999698557, "memory_gb": 10.425317376}
{"event": "TRAIN", "step": 2870, "effective_epoch": 0.08108038912230302, "loss": 2.052591323852539, "grdn": 6.951079368591309, "lr": 5e-05, "seconds": 38.036849363008514, "memory_gb": 10.425317376}
{"event": "TRAIN", "step": 2880, "effective_epoch": 0.08136289918893126, "loss": 1.959409475326538, "grdn": 8.039759635925293, "lr": 5e-05, "seconds": 48.840069035068154, "memory_gb": 10.425317376}
{"event": "TRAIN", "step": 2890, "effective_epoch": 0.08164540925555949, "loss": 1.9899120330810547, "grdn": 6.825229644775391, "lr": 5e-05, "seconds": 39.723237602971494, "memory_gb": 10.425317376}
{"event": "TRAIN", "step": 2900, "effective_epoch": 0.08192791932218772, "loss": 2.0395963191986084, "grdn": 7.299751281738281, "lr": 5e-05, "seconds": 39.6898124020081, "memory_gb": 10.425317376}
{"event": "TRAIN", "step": 2910, "effective_epoch": 0.08221042938881595, "loss": 2.037353277206421, "grdn": 7.432610988616943, "lr": 5e-05, "seconds": 38.95832766999956, "memory_gb": 10.425317376}
{"event": "TRAIN", "step": 2920, "effective_epoch": 0.08249293945544418, "loss": 2.053774356842041, "grdn": 7.312094688415527, "lr": 5e-05, "seconds": 36.60979596094694, "memory_gb": 10.425317376}
{"event": "TRAIN", "step": 2930, "effective_epoch": 0.08277544952207243, "loss": 1.9207611083984375, "grdn": 6.618222713470459, "lr": 5e-05, "seconds": 34.57791847398039, "memory_gb": 10.425317376}
{"event": "TRAIN", "step": 2940, "effective_epoch": 0.08305795958870066, "loss": 1.9706037044525146, "grdn": 7.100205421447754, "lr": 5e-05, "seconds": 36.39821169595234, "memory_gb": 10.425317376}
{"event": "TRAIN", "step": 2950, "effective_epoch": 0.08334046965532889, "loss": 1.9353492259979248, "grdn": 7.476589202880859, "lr": 5e-05, "seconds": 34.231691336026415, "memory_gb": 10.425317376}
{"event": "TRAIN", "step": 2960, "effective_epoch": 0.08362297972195712, "loss": 2.0895111560821533, "grdn": 8.367220878601074, "lr": 5e-05, "seconds": 38.523600465036, "memory_gb": 10.425317376}
{"event": "TRAIN", "step": 2970, "effective_epoch": 0.08390548978858536, "loss": 1.9413344860076904, "grdn": 7.22020959854126, "lr": 5e-05, "seconds": 39.614082952961326, "memory_gb": 10.425317376}
{"event": "TRAIN", "step": 2980, "effective_epoch": 0.0841879998552136, "loss": 1.9494460821151733, "grdn": 7.277000427246094, "lr": 5e-05, "seconds": 39.47723684296943, "memory_gb": 10.425317376}
{"event": "TRAIN", "step": 2990, "effective_epoch": 0.08447050992184182, "loss": 2.096245288848877, "grdn": 8.614410400390625, "lr": 5e-05, "seconds": 43.03594982891809, "memory_gb": 10.425317376}
{"event": "TRAIN", "step": 3000, "effective_epoch": 0.08475301998847005, "loss": 2.0654819011688232, "grdn": 7.533760070800781, "lr": 5e-05, "seconds": 44.810691177030094, "memory_gb": 10.425317376}
{"event": "EVAL", "step": 3000, "effective_epoch": 0.08475301998847005, "train": {"frames": 1792, "episodes": 56, "ce": 1.7127113457037402, "mae": 0.005883593573733898, "rmse": 0.008595982381726095, "episode_mae": 0.005883593573733898, "baseline_mae": 0.05248346601729281, "baseline_rmse": 0.06225099910710391, "mae_remaining_seconds": 2.9186546521435957, "bias": -0.0015654689772678207, "crps": 0.004358906306817646, "entropy": 1.8084705991537444, "interval90_coverage": 0.9363839285714286, "interval90_width": 0.0276227671160346}, "test": {"frames": 1792, "episodes": 56, "ce": 2.6368785889353603, "mae": 0.01239803092045934, "rmse": 0.019750885276922335, "episode_mae": 0.01239803092045934, "baseline_mae": 0.05533733551939284, "baseline_rmse": 0.06688020310571469, "mae_remaining_seconds": 6.15024987194253, "bias": 0.0015830931541651288, "crps": 0.009772279072795495, "entropy": 1.8124295065645128, "interval90_coverage": 0.6891741071428571, "interval90_width": 0.028203124415345622}, "best_step": 3000, "best_episode_mae": 0.01239803092045934, "bad_evaluations": 0}
{"event": "TRAIN", "step": 3010, "effective_epoch": 0.08503553005509829, "loss": 2.0022125244140625, "grdn": 7.015385627746582, "lr": 5e-05, "seconds": 438.1772206579335, "memory_gb": 10.425317376}
{"event": "TRAIN", "step": 3020, "effective_epoch": 0.08531804012172653, "loss": 2.0667011737823486, "grdn": 7.398332118988037, "lr": 5e-05, "seconds": 32.519344237982295, "memory_gb": 10.425317376}
{"event": "TRAIN", "step": 3030, "effective_epoch": 0.08560055018835476, "loss": 1.9611635208129883, "grdn": 7.044312953948975, "lr": 5e-05, "seconds": 47.27014933293685, "memory_gb": 10.425317376}
{"event": "TRAIN", "step": 3040, "effective_epoch": 0.08588306025498299, "loss": 1.9506397247314453, "grdn": 7.637033939361572, "lr": 5e-05, "seconds": 39.0821065120399, "memory_gb": 10.425317376}
{"event": "TRAIN", "step": 3050, "effective_epoch": 0.08616557032161122, "loss": 1.954891562461853, "grdn": 7.926336765289307, "lr": 5e-05, "seconds": 47.28373272402678, "memory_gb": 10.425317376}
{"event": "TRAIN", "step": 3060, "effective_epoch": 0.08644808038823946, "loss": 1.9297012090682983, "grdn": 7.301553249359131, "lr": 5e-05, "seconds": 42.50421763397753, "memory_gb": 10.425317376}
{"event": "TRAIN", "step": 3070, "effective_epoch": 0.0867305904548677, "loss": 2.082473039627075, "grdn": 7.979156494140625, "lr": 5e-05, "seconds": 39.363505086977966, "memory_gb": 10.425317376}
{"event": "TRAIN", "step": 3080, "effective_epoch": 0.08701310052149593, "loss": 2.0201938152313232, "grdn": 7.142478942871094, "lr": 5e-05, "seconds": 37.1557520480128, "memory_gb": 10.425317376}
{"event": "TRAIN", "step": 3090, "effective_epoch": 0.08729561058812416, "loss": 2.0311713218688965, "grdn": 7.892298698425293, "lr": 5e-05, "seconds": 40.54692657710984, "memory_gb": 10.425317376}
{"event": "TRAIN", "step": 3100, "effective_epoch": 0.08757812065475239, "loss": 1.9217042922973633, "grdn": 6.933749198913574, "lr": 5e-05, "seconds": 39.1778194779763, "memory_gb": 10.425317376}
{"event": "TRAIN", "step": 3110, "effective_epoch": 0.08786063072138063, "loss": 1.9260673522949219, "grdn": 6.7082319259643555, "lr": 5e-05, "seconds": 38.48392004403286, "memory_gb": 10.425317376}
{"event": "TRAIN", "step": 3120, "effective_epoch": 0.08814314078800886, "loss": 1.9736862182617188, "grdn": 7.2919111251831055, "lr": 5e-05, "seconds": 34.58889678202104, "memory_gb": 10.425317376}
{"event": "TRAIN", "step": 3130, "effective_epoch": 0.08842565085463709, "loss": 1.9790928363800049, "grdn": 7.165373802185059, "lr": 5e-05, "seconds": 38.28225581697188, "memory_gb": 10.425317376}
{"event": "TRAIN", "step": 3140, "effective_epoch": 0.08870816092126532, "loss": 1.979408621788025, "grdn": 7.06978702545166, "lr": 5e-05, "seconds": 40.050228910986334, "memory_gb": 10.425317376}
{"event": "TRAIN", "step": 3150, "effective_epoch": 0.08899067098789357, "loss": 2.060471773147583, "grdn": 7.345245361328125, "lr": 5e-05, "seconds": 40.11583326908294, "memory_gb": 10.425317376}
{"event": "TRAIN", "step": 3160, "effective_epoch": 0.0892731810545218, "loss": 1.9651559591293335, "grdn": 6.755423545837402, "lr": 5e-05, "seconds": 39.41712813510094, "memory_gb": 10.425317376}
{"event": "TRAIN", "step": 3170, "effective_epoch": 0.08955569112115003, "loss": 1.9197196960449219, "grdn": 6.817412376403809, "lr": 5e-05, "seconds": 39.81203163706232, "memory_gb": 10.425317376}
{"event": "TRAIN", "step": 3180, "effective_epoch": 0.08983820118777826, "loss": 1.9271562099456787, "grdn": 6.946523189544678, "lr": 5e-05, "seconds": 37.43476859596558, "memory_gb": 10.425317376}
{"event": "TRAIN", "step": 3190, "effective_epoch": 0.09012071125440649, "loss": 1.9672138690948486, "grdn": 7.102252006530762, "lr": 5e-05, "seconds": 36.922257542959414, "memory_gb": 10.425317376}
{"event": "TRAIN", "step": 3200, "effective_epoch": 0.09040322132103473, "loss": 1.8987131118774414, "grdn": 6.623679161071777, "lr": 5e-05, "seconds": 36.36547946603969, "memory_gb": 10.425317376}
{"event": "TRAIN", "step": 3210, "effective_epoch": 0.09068573138766296, "loss": 1.9661052227020264, "grdn": 7.616121768951416, "lr": 5e-05, "seconds": 34.53507385391276, "memory_gb": 10.425317376}
{"event": "TRAIN", "step": 3220, "effective_epoch": 0.0909682414542912, "loss": 1.889941930770874, "grdn": 7.239579677581787, "lr": 5e-05, "seconds": 36.45497459592298, "memory_gb": 10.425317376}
{"event": "TRAIN", "step": 3230, "effective_epoch": 0.09125075152091942, "loss": 1.834363579750061, "grdn": 7.57175350189209, "lr": 5e-05, "seconds": 38.249907901044935, "memory_gb": 10.425317376}
{"event": "TRAIN", "step": 3240, "effective_epoch": 0.09153326158754767, "loss": 2.0012729167938232, "grdn": 7.821023464202881, "lr": 5e-05, "seconds": 38.309134908020496, "memory_gb": 10.425317376}
{"event": "TRAIN", "step": 3250, "effective_epoch": 0.0918157716541759, "loss": 1.9720611572265625, "grdn": 7.772737979888916, "lr": 5e-05, "seconds": 34.81560118100606, "memory_gb": 10.425317376}
{"event": "EVAL", "step": 3250, "effective_epoch": 0.0918157716541759, "train": {"frames": 1792, "episodes": 56, "ce": 1.7401577387104876, "mae": 0.005725027086165417, "rmse": 0.009395883198058322, "episode_mae": 0.005725027086165417, "baseline_mae": 0.05248346601729281, "baseline_rmse": 0.06225099910710391, "mae_remaining_seconds": 2.839995103210458, "bias": 0.0008128446139120829, "crps": 0.004058052700543158, "entropy": 1.7402496135327965, "interval90_coverage": 0.9112723214285714, "interval90_width": 0.025505021548659506}, "test": {"frames": 1792, "episodes": 56, "ce": 2.7131655409965396, "mae": 0.012931635970744537, "rmse": 0.02218242034359122, "episode_mae": 0.012931635970744537, "baseline_mae": 0.05533733551939284, "baseline_rmse": 0.06688020310571469, "mae_remaining_seconds": 6.4149535505540065, "bias": 0.004764250174827923, "crps": 0.010274741669393603, "entropy": 1.7286560420013433, "interval90_coverage": 0.6607142857142857, "interval90_width": 0.025376673355432495}, "best_step": 3000, "best_episode_mae": 0.01239803092045934, "bad_evaluations": 1}
{"event": "TRAIN", "step": 3260, "effective_epoch": 0.09209828172080413, "loss": 1.868734359741211, "grdn": 7.021049499511719, "lr": 5e-05, "seconds": 464.9998888199916, "memory_gb": 10.425317376}
{"event": "TRAIN", "step": 3270, "effective_epoch": 0.09238079178743236, "loss": 1.908974051475525, "grdn": 7.738308906555176, "lr": 5e-05, "seconds": 35.614672970958054, "memory_gb": 10.425317376}
{"event": "TRAIN", "step": 3280, "effective_epoch": 0.0926633018540606, "loss": 2.063457489013672, "grdn": 8.626115798950195, "lr": 5e-05, "seconds": 37.56194737099577, "memory_gb": 10.425317376}
{"event": "TRAIN", "step": 3290, "effective_epoch": 0.09294581192068883, "loss": 2.010380744934082, "grdn": 8.220457077026367, "lr": 5e-05, "seconds": 38.39372568204999, "memory_gb": 10.425317376}
{"event": "TRAIN", "step": 3300, "effective_epoch": 0.09322832198731706, "loss": 1.9899944067001343, "grdn": 7.797335624694824, "lr": 5e-05, "seconds": 35.221439047018066, "memory_gb": 10.425317376}
{"event": "TRAIN", "step": 3310, "effective_epoch": 0.0935108320539453, "loss": 1.887455940246582, "grdn": 7.23769998550415, "lr": 5e-05, "seconds": 38.38740197697189, "memory_gb": 10.425317376}
{"event": "TRAIN", "step": 3320, "effective_epoch": 0.09379334212057353, "loss": 2.0320746898651123, "grdn": 7.785877227783203, "lr": 5e-05, "seconds": 38.83913293189835, "memory_gb": 10.425317376}
{"event": "TRAIN", "step": 3330, "effective_epoch": 0.09407585218720177, "loss": 1.8802131414413452, "grdn": 6.870230674743652, "lr": 5e-05, "seconds": 42.135491357999854, "memory_gb": 10.425317376}
{"event": "TRAIN", "step": 3340, "effective_epoch": 0.09435836225383, "loss": 2.040837049484253, "grdn": 7.340157985687256, "lr": 5e-05, "seconds": 37.237351218936965, "memory_gb": 10.425317376}
{"event": "TRAIN", "step": 3350, "effective_epoch": 0.09464087232045823, "loss": 1.9287402629852295, "grdn": 7.6217360496521, "lr": 5e-05, "seconds": 39.3499100030167, "memory_gb": 10.425317376}
{"event": "TRAIN", "step": 3360, "effective_epoch": 0.09492338238708646, "loss": 1.9413478374481201, "grdn": 7.545182704925537, "lr": 5e-05, "seconds": 40.467419099994004, "memory_gb": 10.425317376}
{"event": "TRAIN", "step": 3370, "effective_epoch": 0.0952058924537147, "loss": 1.966181755065918, "grdn": 7.593303680419922, "lr": 5e-05, "seconds": 39.49198112892918, "memory_gb": 10.425317376}
{"event": "TRAIN", "step": 3380, "effective_epoch": 0.09548840252034294, "loss": 1.9224355220794678, "grdn": 7.275343894958496, "lr": 5e-05, "seconds": 38.50342096807435, "memory_gb": 10.425317376}
{"event": "TRAIN", "step": 3390, "effective_epoch": 0.09577091258697117, "loss": 1.9796632528305054, "grdn": 7.679990291595459, "lr": 5e-05, "seconds": 39.17423158604652, "memory_gb": 10.425317376}
{"event": "TRAIN", "step": 3400, "effective_epoch": 0.0960534226535994, "loss": 1.846956491470337, "grdn": 6.406680107116699, "lr": 5e-05, "seconds": 38.502346400986426, "memory_gb": 10.425317376}
{"event": "TRAIN", "step": 3410, "effective_epoch": 0.09633593272022763, "loss": 1.8874056339263916, "grdn": 6.800095558166504, "lr": 5e-05, "seconds": 37.94948229705915, "memory_gb": 10.425317376}
{"event": "TRAIN", "step": 3420, "effective_epoch": 0.09661844278685587, "loss": 1.958357810974121, "grdn": 8.300076484680176, "lr": 5e-05, "seconds": 37.88831116608344, "memory_gb": 10.425317376}
{"event": "TRAIN", "step": 3430, "effective_epoch": 0.0969009528534841, "loss": 1.9023475646972656, "grdn": 7.937036037445068, "lr": 5e-05, "seconds": 44.1932513610227, "memory_gb": 10.425317376}
{"event": "TRAIN", "step": 3440, "effective_epoch": 0.09718346292011233, "loss": 1.8943405151367188, "grdn": 7.602076053619385, "lr": 5e-05, "seconds": 33.468831456964836, "memory_gb": 10.425317376}
{"event": "TRAIN", "step": 3450, "effective_epoch": 0.09746597298674056, "loss": 1.9625968933105469, "grdn": 7.248045444488525, "lr": 5e-05, "seconds": 37.54083126899786, "memory_gb": 10.425317376}
{"event": "TRAIN", "step": 3460, "effective_epoch": 0.0977484830533688, "loss": 2.0040855407714844, "grdn": 7.882977485656738, "lr": 5e-05, "seconds": 37.40525306900963, "memory_gb": 10.425317376}
{"event": "TRAIN", "step": 3470, "effective_epoch": 0.09803099311999704, "loss": 1.8896815776824951, "grdn": 7.139759063720703, "lr": 5e-05, "seconds": 38.44193310698029, "memory_gb": 10.425317376}
{"event": "TRAIN", "step": 3480, "effective_epoch": 0.09831350318662527, "loss": 2.0055346488952637, "grdn": 8.262969017028809, "lr": 5e-05, "seconds": 38.86473440809641, "memory_gb": 10.425317376}
{"event": "TRAIN", "step": 3490, "effective_epoch": 0.0985960132532535, "loss": 1.9803138971328735, "grdn": 7.614633083343506, "lr": 5e-05, "seconds": 46.92114743904676, "memory_gb": 10.425317376}
{"event": "TRAIN", "step": 3500, "effective_epoch": 0.09887852331988173, "loss": 1.9093316793441772, "grdn": 7.635561943054199, "lr": 5e-05, "seconds": 34.485464563942514, "memory_gb": 10.425317376}
{"event": "EVAL", "step": 3500, "effective_epoch": 0.09887852331988173, "train": {"frames": 1792, "episodes": 56, "ce": 1.6545195214317314, "mae": 0.005228058100718564, "rmse": 0.007948649994564995, "episode_mae": 0.005228058100718564, "baseline_mae": 0.05248346601729281, "baseline_rmse": 0.06225099910710391, "mae_remaining_seconds": 2.5934653551631226, "bias": -0.0009238905597937576, "crps": 0.004119743090996053, "entropy": 1.706761118623295, "interval90_coverage": 0.9241071428571429, "interval90_width": 0.025438057492075523}, "test": {"frames": 1792, "episodes": 56, "ce": 2.8001261410536245, "mae": 0.012876580796208665, "rmse": 0.021389554795132305, "episode_mae": 0.012876580796208665, "baseline_mae": 0.05533733551939284, "baseline_rmse": 0.06688020310571469, "mae_remaining_seconds": 6.387642513639245, "bias": 0.002879304239416212, "crps": 0.010416847172718593, "entropy": 1.6969618749405657, "interval90_coverage": 0.6383928571428571, "interval90_width": 0.024868861109488143}, "best_step": 3000, "best_episode_mae": 0.01239803092045934, "bad_evaluations": 2}
{"event": "TRAIN", "step": 3510, "effective_epoch": 0.09916103338650997, "loss": 2.04571270942688, "grdn": 7.915275573730469, "lr": 5e-05, "seconds": 460.43561135802884, "memory_gb": 10.425317376}
{"event": "TRAIN", "step": 3520, "effective_epoch": 0.0994435434531382, "loss": 1.9227291345596313, "grdn": 8.101409912109375, "lr": 5e-05, "seconds": 35.47235911607277, "memory_gb": 10.425317376}
{"event": "TRAIN", "step": 3530, "effective_epoch": 0.09972605351976643, "loss": 1.9054603576660156, "grdn": 7.051424980163574, "lr": 5e-05, "seconds": 40.059737906907685, "memory_gb": 10.425317376}
{"event": "TRAIN", "step": 3540, "effective_epoch": 0.10000856358639466, "loss": 1.8711128234863281, "grdn": 6.923655033111572, "lr": 5e-05, "seconds": 41.766557191032916, "memory_gb": 10.425317376}
{"event": "TRAIN", "step": 3550, "effective_epoch": 0.10029107365302291, "loss": 1.9453060626983643, "grdn": 7.435948848724365, "lr": 5e-05, "seconds": 45.620382036897354, "memory_gb": 10.425317376}
{"event": "TRAIN", "step": 3560, "effective_epoch": 0.10057358371965114, "loss": 1.7962840795516968, "grdn": 6.823094844818115, "lr": 5e-05, "seconds": 38.51750574295875, "memory_gb": 10.425317376}
{"event": "TRAIN", "step": 3570, "effective_epoch": 0.10085609378627937, "loss": 1.9249645471572876, "grdn": 7.246577262878418, "lr": 5e-05, "seconds": 39.16663946805056, "memory_gb": 10.425317376}
{"event": "TRAIN", "step": 3580, "effective_epoch": 0.1011386038529076, "loss": 1.905755639076233, "grdn": 7.105123996734619, "lr": 5e-05, "seconds": 39.85612657503225, "memory_gb": 10.425317376}
{"event": "TRAIN", "step": 3590, "effective_epoch": 0.10142111391953583, "loss": 1.8868589401245117, "grdn": 7.689539432525635, "lr": 5e-05, "seconds": 42.42471451102756, "memory_gb": 10.425317376}
{"event": "TRAIN", "step": 3600, "effective_epoch": 0.10170362398616407, "loss": 1.9847427606582642, "grdn": 8.711433410644531, "lr": 5e-05, "seconds": 42.82710277906153, "memory_gb": 10.425317376}
{"event": "TRAIN", "step": 3610, "effective_epoch": 0.1019861340527923, "loss": 1.9298524856567383, "grdn": 8.493144035339355, "lr": 5e-05, "seconds": 47.25459641299676, "memory_gb": 10.425317376}
{"event": "TRAIN", "step": 3620, "effective_epoch": 0.10226864411942053, "loss": 1.8929920196533203, "grdn": 7.388275146484375, "lr": 5e-05, "seconds": 39.85947944398504, "memory_gb": 10.425317376}
{"event": "TRAIN", "step": 3630, "effective_epoch": 0.10255115418604877, "loss": 1.8198121786117554, "grdn": 6.487513065338135, "lr": 5e-05, "seconds": 47.73059725493658, "memory_gb": 10.425317376}
{"event": "TRAIN", "step": 3640, "effective_epoch": 0.10283366425267701, "loss": 1.9290437698364258, "grdn": 8.067594528198242, "lr": 5e-05, "seconds": 44.297399602946825, "memory_gb": 10.425317376}
{"event": "TRAIN", "step": 3650, "effective_epoch": 0.10311617431930524, "loss": 1.959428071975708, "grdn": 7.162095546722412, "lr": 5e-05, "seconds": 38.71788856794592, "memory_gb": 10.425317376}
{"event": "TRAIN", "step": 3660, "effective_epoch": 0.10339868438593347, "loss": 1.922191858291626, "grdn": 7.58194637298584, "lr": 5e-05, "seconds": 41.13652737101074, "memory_gb": 10.425317376}
{"event": "TRAIN", "step": 3670, "effective_epoch": 0.1036811944525617, "loss": 2.027700901031494, "grdn": 8.758642196655273, "lr": 5e-05, "seconds": 38.803321768995374, "memory_gb": 10.425317376}
{"event": "TRAIN", "step": 3680, "effective_epoch": 0.10396370451918993, "loss": 1.9446995258331299, "grdn": 7.221384525299072, "lr": 5e-05, "seconds": 43.17098134604748, "memory_gb": 10.425317376}
{"event": "TRAIN", "step": 3690, "effective_epoch": 0.10424621458581818, "loss": 1.9380967617034912, "grdn": 8.688875198364258, "lr": 5e-05, "seconds": 37.94341102789622, "memory_gb": 10.425317376}
{"event": "TRAIN", "step": 3700, "effective_epoch": 0.1045287246524464, "loss": 1.9710105657577515, "grdn": 7.849758148193359, "lr": 5e-05, "seconds": 44.329565557069145, "memory_gb": 10.425317376}
{"event": "TRAIN", "step": 3710, "effective_epoch": 0.10481123471907464, "loss": 1.857566475868225, "grdn": 7.235515594482422, "lr": 5e-05, "seconds": 37.67202625400387, "memory_gb": 10.425317376}
{"event": "TRAIN", "step": 3720, "effective_epoch": 0.10509374478570287, "loss": 1.9097074270248413, "grdn": 7.500685214996338, "lr": 5e-05, "seconds": 47.38114948896691, "memory_gb": 10.425317376}
{"event": "TRAIN", "step": 3730, "effective_epoch": 0.10537625485233111, "loss": 2.006549835205078, "grdn": 7.3641180992126465, "lr": 5e-05, "seconds": 46.06328551308252, "memory_gb": 10.425317376}
{"event": "TRAIN", "step": 3740, "effective_epoch": 0.10565876491895934, "loss": 1.9434198141098022, "grdn": 7.469998359680176, "lr": 5e-05, "seconds": 40.662010003929026, "memory_gb": 10.425317376}
{"event": "TRAIN", "step": 3750, "effective_epoch": 0.10594127498558757, "loss": 1.8584153652191162, "grdn": 6.667629241943359, "lr": 5e-05, "seconds": 37.829308142885566, "memory_gb": 10.425317376}
{"event": "EVAL", "step": 3750, "effective_epoch": 0.10594127498558757, "train": {"frames": 1792, "episodes": 56, "ce": 1.6023285894022723, "mae": 0.00494365164935776, "rmse": 0.00800239410233215, "episode_mae": 0.00494365164935776, "baseline_mae": 0.05248346601729281, "baseline_rmse": 0.06225099910710391, "mae_remaining_seconds": 2.4523807948580725, "bias": 0.00014047047066664424, "crps": 0.0037338694857607735, "entropy": 1.7287289732069309, "interval90_coverage": 0.9464285714285714, "interval90_width": 0.02476004395378238}, "test": {"frames": 1792, "episodes": 56, "ce": 2.694974019075744, "mae": 0.012737387607947832, "rmse": 0.021047748273592282, "episode_mae": 0.012737387607947832, "baseline_mae": 0.05533733551939284, "baseline_rmse": 0.06688020310571469, "mae_remaining_seconds": 6.3185934127159875, "bias": 0.002798535234433075, "crps": 0.010163058730057628, "entropy": 1.736894314210596, "interval90_coverage": 0.6573660714285714, "interval90_width": 0.02530691887971313}, "best_step": 3000, "best_episode_mae": 0.01239803092045934, "bad_evaluations": 3}
{"event": "TRAIN", "step": 3760, "effective_epoch": 0.1062237850522158, "loss": 1.9616811275482178, "grdn": 6.922299861907959, "lr": 5e-05, "seconds": 454.8363731749123, "memory_gb": 10.425317376}
{"event": "TRAIN", "step": 3770, "effective_epoch": 0.10650629511884403, "loss": 1.8308508396148682, "grdn": 6.866175651550293, "lr": 5e-05, "seconds": 41.625636402051896, "memory_gb": 10.425317376}
{"event": "TRAIN", "step": 3780, "effective_epoch": 0.10678880518547228, "loss": 1.8855247497558594, "grdn": 7.560024261474609, "lr": 5e-05, "seconds": 37.039357731933706, "memory_gb": 10.425317376}
{"event": "TRAIN", "step": 3790, "effective_epoch": 0.10707131525210051, "loss": 1.9361320734024048, "grdn": 7.872920989990234, "lr": 5e-05, "seconds": 40.960566369933076, "memory_gb": 10.425317376}
{"event": "TRAIN", "step": 3800, "effective_epoch": 0.10735382531872874, "loss": 1.895775556564331, "grdn": 7.522961616516113, "lr": 5e-05, "seconds": 35.37452981597744, "memory_gb": 10.425317376}
{"event": "TRAIN", "step": 3810, "effective_epoch": 0.10763633538535697, "loss": 1.954667329788208, "grdn": 7.654122829437256, "lr": 5e-05, "seconds": 39.53931163495872, "memory_gb": 10.425317376}
{"event": "TRAIN", "step": 3820, "effective_epoch": 0.10791884545198521, "loss": 1.8632562160491943, "grdn": 7.393590450286865, "lr": 5e-05, "seconds": 38.178589707938954, "memory_gb": 10.425317376}
{"event": "TRAIN", "step": 3830, "effective_epoch": 0.10820135551861344, "loss": 1.8669980764389038, "grdn": 7.526213645935059, "lr": 5e-05, "seconds": 36.574536317028105, "memory_gb": 10.425317376}
{"event": "TRAIN", "step": 3840, "effective_epoch": 0.10848386558524167, "loss": 2.015155076980591, "grdn": 7.5610809326171875, "lr": 5e-05, "seconds": 40.01472316298168, "memory_gb": 10.425317376}
{"event": "TRAIN", "step": 3850, "effective_epoch": 0.1087663756518699, "loss": 2.034857988357544, "grdn": 8.230485916137695, "lr": 5e-05, "seconds": 43.70888827403542, "memory_gb": 10.425317376}
{"event": "TRAIN", "step": 3860, "effective_epoch": 0.10904888571849815, "loss": 1.7793159484863281, "grdn": 7.433869361877441, "lr": 5e-05, "seconds": 37.095544958952814, "memory_gb": 10.425317376}
{"event": "TRAIN", "step": 3870, "effective_epoch": 0.10933139578512638, "loss": 1.8880202770233154, "grdn": 7.831807613372803, "lr": 5e-05, "seconds": 44.38946891098749, "memory_gb": 10.425317376}
{"event": "TRAIN", "step": 3880, "effective_epoch": 0.10961390585175461, "loss": 1.9222294092178345, "grdn": 8.330320358276367, "lr": 5e-05, "seconds": 38.49724064802285, "memory_gb": 10.425317376}
{"event": "TRAIN", "step": 3890, "effective_epoch": 0.10989641591838284, "loss": 1.9554698467254639, "grdn": 7.926551818847656, "lr": 5e-05, "seconds": 42.717197810066864, "memory_gb": 10.425317376}
{"event": "TRAIN", "step": 3900, "effective_epoch": 0.11017892598501107, "loss": 1.8909156322479248, "grdn": 7.149252891540527, "lr": 5e-05, "seconds": 37.33110694994684, "memory_gb": 10.425317376}
{"event": "TRAIN", "step": 3910, "effective_epoch": 0.11046143605163931, "loss": 1.8916165828704834, "grdn": 7.318371772766113, "lr": 5e-05, "seconds": 35.93489327398129, "memory_gb": 10.425317376}
{"event": "TRAIN", "step": 3920, "effective_epoch": 0.11074394611826754, "loss": 1.9231507778167725, "grdn": 7.585058689117432, "lr": 5e-05, "seconds": 37.039826884982176, "memory_gb": 10.425317376}
{"event": "TRAIN", "step": 3930, "effective_epoch": 0.11102645618489577, "loss": 1.9556999206542969, "grdn": 7.387825012207031, "lr": 5e-05, "seconds": 37.242637621006, "memory_gb": 10.425317376}
{"event": "TRAIN", "step": 3940, "effective_epoch": 0.111308966251524, "loss": 1.8866811990737915, "grdn": 6.861438751220703, "lr": 5e-05, "seconds": 38.78035398898646, "memory_gb": 10.425317376}
{"event": "TRAIN", "step": 3950, "effective_epoch": 0.11159147631815225, "loss": 1.8207836151123047, "grdn": 7.1074347496032715, "lr": 5e-05, "seconds": 39.661793307051994, "memory_gb": 10.425317376}
{"event": "TRAIN", "step": 3960, "effective_epoch": 0.11187398638478048, "loss": 1.9218097925186157, "grdn": 7.2098212242126465, "lr": 5e-05, "seconds": 41.93906626291573, "memory_gb": 10.425317376}
{"event": "TRAIN", "step": 3970, "effective_epoch": 0.11215649645140871, "loss": 1.946894884109497, "grdn": 7.689235687255859, "lr": 5e-05, "seconds": 42.62068639497738, "memory_gb": 10.425317376}
{"event": "TRAIN", "step": 3980, "effective_epoch": 0.11243900651803694, "loss": 1.818372368812561, "grdn": 6.865915775299072, "lr": 5e-05, "seconds": 38.24503880389966, "memory_gb": 10.425317376}
{"event": "TRAIN", "step": 3990, "effective_epoch": 0.11272151658466517, "loss": 1.9120054244995117, "grdn": 7.4330339431762695, "lr": 5e-05, "seconds": 42.572434720932506, "memory_gb": 10.425317376}
{"event": "TRAIN", "step": 4000, "effective_epoch": 0.11300402665129342, "loss": 1.8994083404541016, "grdn": 7.94284725189209, "lr": 5e-05, "seconds": 39.15116020303685, "memory_gb": 10.425317376}
{"event": "EVAL", "step": 4000, "effective_epoch": 0.11300402665129342, "train": {"frames": 1792, "episodes": 56, "ce": 1.6240038952590632, "mae": 0.005137591310033583, "rmse": 0.007304333110981446, "episode_mae": 0.005137591310033583, "baseline_mae": 0.05248346601729281, "baseline_rmse": 0.06225099910710391, "mae_remaining_seconds": 2.548587795863993, "bias": -0.00038563230776032597, "crps": 0.00396921963749719, "entropy": 1.648686875788761, "interval90_coverage": 0.9146205357142857, "interval90_width": 0.022820869800593106}, "test": {"frames": 1792, "episodes": 56, "ce": 2.803950621646696, "mae": 0.01267365381928747, "rmse": 0.021005331326972413, "episode_mae": 0.01267365381928747, "baseline_mae": 0.05533733551939284, "baseline_rmse": 0.06688020310571469, "mae_remaining_seconds": 6.286977204621205, "bias": 0.0018457777071359618, "crps": 0.01039984589843763, "entropy": 1.6659927797237677, "interval90_coverage": 0.6004464285714286, "interval90_width": 0.023895088527621868}, "best_step": 3000, "best_episode_mae": 0.01239803092045934, "bad_evaluations": 4}
{"event": "TRAIN", "step": 4010, "effective_epoch": 0.11328653671792165, "loss": 1.9074327945709229, "grdn": 7.440499305725098, "lr": 5e-05, "seconds": 469.6712854349753, "memory_gb": 10.425317376}
{"event": "TRAIN", "step": 4020, "effective_epoch": 0.11356904678454988, "loss": 1.801536202430725, "grdn": 7.214512825012207, "lr": 5e-05, "seconds": 32.64557020610664, "memory_gb": 10.425317376}
{"event": "TRAIN", "step": 4030, "effective_epoch": 0.1138515568511781, "loss": 1.873556137084961, "grdn": 7.6794562339782715, "lr": 5e-05, "seconds": 38.861790989059955, "memory_gb": 10.425317376}
{"event": "TRAIN", "step": 4040, "effective_epoch": 0.11413406691780635, "loss": 1.990939736366272, "grdn": 8.118342399597168, "lr": 5e-05, "seconds": 39.057480985997245, "memory_gb": 10.425317376}
{"event": "TRAIN", "step": 4050, "effective_epoch": 0.11441657698443458, "loss": 1.8293914794921875, "grdn": 7.369194030761719, "lr": 5e-05, "seconds": 40.4057679050602, "memory_gb": 10.425317376}
{"event": "TRAIN", "step": 4060, "effective_epoch": 0.11469908705106281, "loss": 1.9061040878295898, "grdn": 7.773362159729004, "lr": 5e-05, "seconds": 36.03905262798071, "memory_gb": 10.425317376}
{"event": "TRAIN", "step": 4070, "effective_epoch": 0.11498159711769104, "loss": 1.8547788858413696, "grdn": 7.182814121246338, "lr": 5e-05, "seconds": 38.108109649969265, "memory_gb": 10.425317376}
{"event": "TRAIN", "step": 4080, "effective_epoch": 0.11526410718431927, "loss": 1.893807053565979, "grdn": 7.401223182678223, "lr": 5e-05, "seconds": 36.32323536998592, "memory_gb": 10.425317376}
{"event": "TRAIN", "step": 4090, "effective_epoch": 0.11554661725094752, "loss": 1.8410488367080688, "grdn": 6.489534854888916, "lr": 5e-05, "seconds": 44.28997012996115, "memory_gb": 10.425317376}
{"event": "TRAIN", "step": 4100, "effective_epoch": 0.11582912731757575, "loss": 1.8468282222747803, "grdn": 6.937573432922363, "lr": 5e-05, "seconds": 41.42120971903205, "memory_gb": 10.425317376}
{"event": "TRAIN", "step": 4110, "effective_epoch": 0.11611163738420398, "loss": 1.8550302982330322, "grdn": 7.244048118591309, "lr": 5e-05, "seconds": 42.67960243392736, "memory_gb": 10.425317376}
{"event": "TRAIN", "step": 4120, "effective_epoch": 0.11639414745083221, "loss": 1.8477981090545654, "grdn": 7.4812164306640625, "lr": 5e-05, "seconds": 41.86309163598344, "memory_gb": 10.425317376}
{"event": "TRAIN", "step": 4130, "effective_epoch": 0.11667665751746045, "loss": 1.8081659078598022, "grdn": 7.337529182434082, "lr": 5e-05, "seconds": 39.588026409968734, "memory_gb": 10.425317376}
{"event": "TRAIN", "step": 4140, "effective_epoch": 0.11695916758408868, "loss": 1.889635443687439, "grdn": 7.757072448730469, "lr": 5e-05, "seconds": 38.88124464498833, "memory_gb": 10.425317376}
{"event": "TRAIN", "step": 4150, "effective_epoch": 0.11724167765071691, "loss": 1.9544597864151, "grdn": 7.594513893127441, "lr": 5e-05, "seconds": 43.23045931197703, "memory_gb": 10.425317376}
{"event": "TRAIN", "step": 4160, "effective_epoch": 0.11752418771734514, "loss": 1.8595616817474365, "grdn": 6.768683433532715, "lr": 5e-05, "seconds": 37.02209527697414, "memory_gb": 10.425317376}
{"event": "TRAIN", "step": 4170, "effective_epoch": 0.11780669778397337, "loss": 1.8295974731445312, "grdn": 7.145474910736084, "lr": 5e-05, "seconds": 41.620024569914676, "memory_gb": 10.425317376}
{"event": "TRAIN", "step": 4180, "effective_epoch": 0.11808920785060162, "loss": 1.8873176574707031, "grdn": 7.4280242919921875, "lr": 5e-05, "seconds": 34.694077481050044, "memory_gb": 10.425317376}
{"event": "TRAIN", "step": 4190, "effective_epoch": 0.11837171791722985, "loss": 1.9639419317245483, "grdn": 7.036971092224121, "lr": 5e-05, "seconds": 40.71334380598273, "memory_gb": 10.425317376}
{"event": "TRAIN", "step": 4200, "effective_epoch": 0.11865422798385808, "loss": 1.7835769653320312, "grdn": 6.522621154785156, "lr": 5e-05, "seconds": 39.9810517950682, "memory_gb": 10.425317376}
{"event": "TRAIN", "step": 4210, "effective_epoch": 0.11893673805048631, "loss": 1.873697280883789, "grdn": 7.6035590171813965, "lr": 5e-05, "seconds": 39.58205685194116, "memory_gb": 10.425317376}
{"event": "TRAIN", "step": 4220, "effective_epoch": 0.11921924811711455, "loss": 1.8013187646865845, "grdn": 7.19918966293335, "lr": 5e-05, "seconds": 37.29643041698728, "memory_gb": 10.425317376}
{"event": "TRAIN", "step": 4230, "effective_epoch": 0.11950175818374278, "loss": 1.7673332691192627, "grdn": 7.440682411193848, "lr": 5e-05, "seconds": 33.697750743012875, "memory_gb": 10.425317376}
{"event": "TRAIN", "step": 4240, "effective_epoch": 0.11978426825037101, "loss": 1.8068549633026123, "grdn": 7.307106018066406, "lr": 5e-05, "seconds": 34.18623643403407, "memory_gb": 10.425317376}
{"event": "TRAIN", "step": 4250, "effective_epoch": 0.12006677831699925, "loss": 1.8743045330047607, "grdn": 7.787420749664307, "lr": 5e-05, "seconds": 40.292906699934974, "memory_gb": 10.425317376}
{"event": "EVAL", "step": 4250, "effective_epoch": 0.12006677831699925, "train": {"frames": 1792, "episodes": 56, "ce": 1.6153902848018333, "mae": 0.0050654952027408785, "rmse": 0.00767867490451285, "episode_mae": 0.0050654952027408785, "baseline_mae": 0.05248346601729281, "baseline_rmse": 0.06225099910710391, "mae_remaining_seconds": 2.512823320239659, "bias": -0.001232376707126345, "crps": 0.003987689442088335, "entropy": 1.6395376392507128, "interval90_coverage": 0.90234375, "interval90_width": 0.022806918951703534}, "test": {"frames": 1792, "episodes": 56, "ce": 2.7833112129176567, "mae": 0.012518586738743969, "rmse": 0.020841438561770693, "episode_mae": 0.012518586738743969, "baseline_mae": 0.05533733551939284, "baseline_rmse": 0.06688020310571469, "mae_remaining_seconds": 6.210053594866258, "bias": 0.0009984785491334541, "crps": 0.010188804444400798, "entropy": 1.6546360504414355, "interval90_coverage": 0.6283482142857143, "interval90_width": 0.024380579693700253}, "best_step": 3000, "best_episode_mae": 0.01239803092045934, "bad_evaluations": 5}
{"event": "TRAIN", "step": 4260, "effective_epoch": 0.12034928838362748, "loss": 1.8308665752410889, "grdn": 7.342801094055176, "lr": 5e-05, "seconds": 455.01125429407693, "memory_gb": 10.425317376}
{"event": "TRAIN", "step": 4270, "effective_epoch": 0.12063179845025572, "loss": 1.774662733078003, "grdn": 7.174794673919678, "lr": 5e-05, "seconds": 37.37674133700784, "memory_gb": 10.425317376}
{"event": "TRAIN", "step": 4280, "effective_epoch": 0.12091430851688395, "loss": 1.8684965372085571, "grdn": 7.781546592712402, "lr": 5e-05, "seconds": 39.85675591300242, "memory_gb": 10.425317376}
{"event": "TRAIN", "step": 4290, "effective_epoch": 0.12119681858351218, "loss": 1.841897964477539, "grdn": 8.112055778503418, "lr": 5e-05, "seconds": 37.173857574001886, "memory_gb": 10.425317376}
{"event": "TRAIN", "step": 4300, "effective_epoch": 0.12147932865014041, "loss": 1.9273719787597656, "grdn": 7.8091020584106445, "lr": 5e-05, "seconds": 43.472763895988464, "memory_gb": 10.425317376}
{"event": "TRAIN", "step": 4310, "effective_epoch": 0.12176183871676866, "loss": 1.9758018255233765, "grdn": 8.0604887008667, "lr": 5e-05, "seconds": 36.686604251968674, "memory_gb": 10.425317376}
{"event": "TRAIN", "step": 4320, "effective_epoch": 0.12204434878339689, "loss": 1.931174635887146, "grdn": 7.256158351898193, "lr": 5e-05, "seconds": 47.66167157806922, "memory_gb": 10.425317376}
{"event": "TRAIN", "step": 4330, "effective_epoch": 0.12232685885002512, "loss": 1.8502929210662842, "grdn": 6.881140232086182, "lr": 5e-05, "seconds": 41.581832585972734, "memory_gb": 10.425317376}
{"event": "TRAIN", "step": 4340, "effective_epoch": 0.12260936891665335, "loss": 1.870025634765625, "grdn": 7.397058010101318, "lr": 5e-05, "seconds": 41.65537827601656, "memory_gb": 10.425317376}
{"event": "TRAIN", "step": 4350, "effective_epoch": 0.12289187898328158, "loss": 1.7770907878875732, "grdn": 6.787285804748535, "lr": 5e-05, "seconds": 39.0833167869132, "memory_gb": 10.425317376}
{"event": "TRAIN", "step": 4360, "effective_epoch": 0.12317438904990982, "loss": 1.8208706378936768, "grdn": 7.1499528884887695, "lr": 5e-05, "seconds": 41.022544770967215, "memory_gb": 10.425317376}
{"event": "TRAIN", "step": 4370, "effective_epoch": 0.12345689911653805, "loss": 1.8482612371444702, "grdn": 7.282628536224365, "lr": 5e-05, "seconds": 42.28112879302353, "memory_gb": 10.425317376}
{"event": "TRAIN", "step": 4380, "effective_epoch": 0.12373940918316628, "loss": 1.8572137355804443, "grdn": 6.895009517669678, "lr": 5e-05, "seconds": 38.66224944894202, "memory_gb": 10.425317376}
{"event": "TRAIN", "step": 4390, "effective_epoch": 0.12402191924979451, "loss": 1.7607004642486572, "grdn": 6.522204399108887, "lr": 5e-05, "seconds": 44.08091355196666, "memory_gb": 10.425317376}
{"event": "TRAIN", "step": 4400, "effective_epoch": 0.12430442931642276, "loss": 1.7702995538711548, "grdn": 6.840683937072754, "lr": 5e-05, "seconds": 41.85632356395945, "memory_gb": 10.425317376}
{"event": "TRAIN", "step": 4410, "effective_epoch": 0.12458693938305099, "loss": 1.7900574207305908, "grdn": 7.2622504234313965, "lr": 5e-05, "seconds": 42.94243648205884, "memory_gb": 10.425317376}
{"event": "TRAIN", "step": 4420, "effective_epoch": 0.12486944944967922, "loss": 1.8170967102050781, "grdn": 7.524237632751465, "lr": 5e-05, "seconds": 47.3088560589822, "memory_gb": 10.425317376}
{"event": "TRAIN", "step": 4430, "effective_epoch": 0.12515195951630745, "loss": 1.8947556018829346, "grdn": 7.9772748947143555, "lr": 5e-05, "seconds": 39.6653948049061, "memory_gb": 10.425317376}
{"event": "TRAIN", "step": 4440, "effective_epoch": 0.1254344695829357, "loss": 1.8002315759658813, "grdn": 7.3673858642578125, "lr": 5e-05, "seconds": 42.00670571695082, "memory_gb": 10.425317376}
{"event": "TRAIN", "step": 4450, "effective_epoch": 0.1257169796495639, "loss": 1.8028148412704468, "grdn": 7.041893005371094, "lr": 5e-05, "seconds": 41.66752355499193, "memory_gb": 10.425317376}
{"event": "TRAIN", "step": 4460, "effective_epoch": 0.12599948971619215, "loss": 1.8218462467193604, "grdn": 7.585936069488525, "lr": 5e-05, "seconds": 44.9450946849538, "memory_gb": 10.425317376}
{"event": "TRAIN", "step": 4470, "effective_epoch": 0.1262819997828204, "loss": 1.8644523620605469, "grdn": 7.09728479385376, "lr": 5e-05, "seconds": 38.78813890693709, "memory_gb": 10.425317376}
{"event": "TRAIN", "step": 4480, "effective_epoch": 0.12656450984944861, "loss": 1.8914560079574585, "grdn": 7.115875244140625, "lr": 5e-05, "seconds": 32.38603096094448, "memory_gb": 10.425317376}
{"event": "TRAIN", "step": 4490, "effective_epoch": 0.12684701991607686, "loss": 1.8692649602890015, "grdn": 7.319022178649902, "lr": 5e-05, "seconds": 39.180637261946686, "memory_gb": 10.425317376}
{"event": "TRAIN", "step": 4500, "effective_epoch": 0.12712952998270508, "loss": 1.8863470554351807, "grdn": 7.957360744476318, "lr": 5e-05, "seconds": 39.90935143001843, "memory_gb": 10.425317376}
{"event": "EVAL", "step": 4500, "effective_epoch": 0.12712952998270508, "train": {"frames": 1792, "episodes": 56, "ce": 1.8596827208530158, "mae": 0.006418524644426985, "rmse": 0.008788072177663211, "episode_mae": 0.006418524644426985, "baseline_mae": 0.05248346601729281, "baseline_rmse": 0.06225099910710391, "mae_remaining_seconds": 3.1840161252787462, "bias": -0.004778529272048867, "crps": 0.005576212808502338, "entropy": 1.6767766487984253, "interval90_coverage": 0.8203125, "interval90_width": 0.023702566222449865}, "test": {"frames": 1792, "episodes": 56, "ce": 3.0766320742134536, "mae": 0.013179803661842016, "rmse": 0.019734349584915437, "episode_mae": 0.013179803661842016, "baseline_mae": 0.05533733551939284, "baseline_rmse": 0.06688020310571469, "mae_remaining_seconds": 6.538061269851096, "bias": -0.002068659844423694, "crps": 0.011108588630366154, "entropy": 1.6854155058307307, "interval90_coverage": 0.5502232142857143, "interval90_width": 0.023889508308846934}, "best_step": 3000, "best_episode_mae": 0.01239803092045934, "bad_evaluations": 6}
{"event": "TRAIN", "step": 4510, "effective_epoch": 0.12741204004933332, "loss": 1.9220281839370728, "grdn": 7.372649192810059, "lr": 5e-05, "seconds": 445.7117420670111, "memory_gb": 10.425317376}
{"event": "TRAIN", "step": 4520, "effective_epoch": 0.12769455011596156, "loss": 1.863410234451294, "grdn": 7.212841987609863, "lr": 5e-05, "seconds": 38.8883806449594, "memory_gb": 10.425317376}
{"event": "TRAIN", "step": 4530, "effective_epoch": 0.12797706018258978, "loss": 1.886305570602417, "grdn": 7.720384120941162, "lr": 5e-05, "seconds": 43.24393365299329, "memory_gb": 10.425317376}
{"event": "TRAIN", "step": 4540, "effective_epoch": 0.12825957024921802, "loss": 1.852905035018921, "grdn": 7.3878021240234375, "lr": 5e-05, "seconds": 38.82564082497265, "memory_gb": 10.425317376}
{"event": "TRAIN", "step": 4550, "effective_epoch": 0.12854208031584624, "loss": 1.8196361064910889, "grdn": 7.5603837966918945, "lr": 5e-05, "seconds": 43.23675363196526, "memory_gb": 10.425317376}
{"event": "TRAIN", "step": 4560, "effective_epoch": 0.12882459038247449, "loss": 1.7483221292495728, "grdn": 7.314062595367432, "lr": 5e-05, "seconds": 38.8717957099434, "memory_gb": 10.425317376}
{"event": "TRAIN", "step": 4570, "effective_epoch": 0.12910710044910273, "loss": 1.764693260192871, "grdn": 7.071341037750244, "lr": 5e-05, "seconds": 44.82068535394501, "memory_gb": 10.425317376}
{"event": "TRAIN", "step": 4580, "effective_epoch": 0.12938961051573095, "loss": 1.7828953266143799, "grdn": 7.613552093505859, "lr": 5e-05, "seconds": 41.56761107908096, "memory_gb": 10.425317376}
{"event": "TRAIN", "step": 4590, "effective_epoch": 0.1296721205823592, "loss": 1.7722465991973877, "grdn": 7.1299147605896, "lr": 5e-05, "seconds": 44.47289225703571, "memory_gb": 10.425317376}
{"event": "TRAIN", "step": 4600, "effective_epoch": 0.12995463064898743, "loss": 1.8282546997070312, "grdn": 7.394028663635254, "lr": 5e-05, "seconds": 37.14696359902155, "memory_gb": 10.425317376}
{"event": "TRAIN", "step": 4610, "effective_epoch": 0.13023714071561565, "loss": 1.7319996356964111, "grdn": 7.009137153625488, "lr": 5e-05, "seconds": 41.91462334396783, "memory_gb": 10.425317376}
{"event": "TRAIN", "step": 4620, "effective_epoch": 0.1305196507822439, "loss": 1.770622968673706, "grdn": 6.752951145172119, "lr": 5e-05, "seconds": 44.86738144909032, "memory_gb": 10.425317376}
{"event": "TRAIN", "step": 4630, "effective_epoch": 0.1308021608488721, "loss": 1.8406410217285156, "grdn": 7.811215400695801, "lr": 5e-05, "seconds": 37.81181146996096, "memory_gb": 10.425317376}
{"event": "TRAIN", "step": 4640, "effective_epoch": 0.13108467091550036, "loss": 1.7191108465194702, "grdn": 6.461360931396484, "lr": 5e-05, "seconds": 42.144713334040716, "memory_gb": 10.425317376}
{"event": "TRAIN", "step": 4650, "effective_epoch": 0.1313671809821286, "loss": 1.8033632040023804, "grdn": 7.652259826660156, "lr": 5e-05, "seconds": 36.44414444488939, "memory_gb": 10.425317376}
{"event": "TRAIN", "step": 4660, "effective_epoch": 0.13164969104875682, "loss": 1.8149334192276, "grdn": 7.734053134918213, "lr": 5e-05, "seconds": 38.12419871496968, "memory_gb": 10.425317376}
{"event": "TRAIN", "step": 4670, "effective_epoch": 0.13193220111538506, "loss": 1.9080440998077393, "grdn": 8.519556999206543, "lr": 5e-05, "seconds": 42.8901882939972, "memory_gb": 10.425317376}
{"event": "TRAIN", "step": 4680, "effective_epoch": 0.13221471118201328, "loss": 1.889596700668335, "grdn": 7.664463043212891, "lr": 5e-05, "seconds": 40.61493216198869, "memory_gb": 10.425317376}
{"event": "TRAIN", "step": 4690, "effective_epoch": 0.13249722124864152, "loss": 1.7947654724121094, "grdn": 7.209310054779053, "lr": 5e-05, "seconds": 40.51698354200926, "memory_gb": 10.425317376}
{"event": "TRAIN", "step": 4700, "effective_epoch": 0.13277973131526977, "loss": 1.8546264171600342, "grdn": 7.562244415283203, "lr": 5e-05, "seconds": 41.285534468945116, "memory_gb": 10.425317376}
{"event": "TRAIN", "step": 4710, "effective_epoch": 0.13306224138189798, "loss": 1.866567850112915, "grdn": 7.611881256103516, "lr": 5e-05, "seconds": 42.09361450700089, "memory_gb": 10.425317376}
{"event": "TRAIN", "step": 4720, "effective_epoch": 0.13334475144852623, "loss": 1.7809669971466064, "grdn": 6.989784240722656, "lr": 5e-05, "seconds": 37.615477458923124, "memory_gb": 10.425317376}
{"event": "TRAIN", "step": 4730, "effective_epoch": 0.13362726151515447, "loss": 1.7761939764022827, "grdn": 7.188771724700928, "lr": 5e-05, "seconds": 39.52781856292859, "memory_gb": 10.425317376}
{"event": "TRAIN", "step": 4740, "effective_epoch": 0.1339097715817827, "loss": 1.811465859413147, "grdn": 7.3298163414001465, "lr": 5e-05, "seconds": 35.41635118005797, "memory_gb": 10.425317376}
{"event": "TRAIN", "step": 4750, "effective_epoch": 0.13419228164841093, "loss": 1.7355241775512695, "grdn": 7.215236663818359, "lr": 5e-05, "seconds": 38.7097690589726, "memory_gb": 10.425317376}
{"event": "EVAL", "step": 4750, "effective_epoch": 0.13419228164841093, "train": {"frames": 1792, "episodes": 56, "ce": 1.5105080871476926, "mae": 0.004383908262363028, "rmse": 0.0065002666584852145, "episode_mae": 0.004383908262363028, "baseline_mae": 0.05248346601729281, "baseline_rmse": 0.06225099910710391, "mae_remaining_seconds": 2.174710758682886, "bias": 0.0004264797372733093, "crps": 0.0034289339032836453, "entropy": 1.5776788051838853, "interval90_coverage": 0.9285714285714286, "interval90_width": 0.02075334754668542}, "test": {"frames": 1792, "episodes": 56, "ce": 3.0122030540203144, "mae": 0.01304468036817395, "rmse": 0.02152990165286921, "episode_mae": 0.01304468036817395, "baseline_mae": 0.05533733551939284, "baseline_rmse": 0.06688020310571469, "mae_remaining_seconds": 6.471031107972157, "bias": 0.0029746615644918556, "crps": 0.010833506901572523, "entropy": 1.582260637444311, "interval90_coverage": 0.5809151785714286, "interval90_width": 0.021104910063773526}, "best_step": 3000, "best_episode_mae": 0.01239803092045934, "bad_evaluations": 7}
{"event": "TRAIN", "step": 4760, "effective_epoch": 0.13447479171503915, "loss": 1.8438701629638672, "grdn": 7.566549777984619, "lr": 5e-05, "seconds": 438.69583931798115, "memory_gb": 10.425317376}
{"event": "TRAIN", "step": 4770, "effective_epoch": 0.1347573017816674, "loss": 1.8648936748504639, "grdn": 7.203948020935059, "lr": 5e-05, "seconds": 45.228825647966005, "memory_gb": 10.425317376}
{"event": "TRAIN", "step": 4780, "effective_epoch": 0.13503981184829564, "loss": 1.7671136856079102, "grdn": 6.939826965332031, "lr": 5e-05, "seconds": 40.63996953703463, "memory_gb": 10.425317376}
{"event": "TRAIN", "step": 4790, "effective_epoch": 0.13532232191492385, "loss": 1.797727346420288, "grdn": 6.916987419128418, "lr": 5e-05, "seconds": 40.45700240903534, "memory_gb": 10.425317376}
{"event": "TRAIN", "step": 4800, "effective_epoch": 0.1356048319815521, "loss": 1.6929317712783813, "grdn": 6.5469818115234375, "lr": 5e-05, "seconds": 47.10310771293007, "memory_gb": 10.425317376}
{"event": "TRAIN", "step": 4810, "effective_epoch": 0.13588734204818032, "loss": 1.6988036632537842, "grdn": 6.654519557952881, "lr": 5e-05, "seconds": 39.09819481696468, "memory_gb": 10.425317376}
{"event": "TRAIN", "step": 4820, "effective_epoch": 0.13616985211480856, "loss": 1.7091119289398193, "grdn": 6.968731880187988, "lr": 5e-05, "seconds": 38.46452779509127, "memory_gb": 10.425317376}
{"event": "TRAIN", "step": 4830, "effective_epoch": 0.1364523621814368, "loss": 1.852465033531189, "grdn": 7.340038299560547, "lr": 5e-05, "seconds": 34.53893949405756, "memory_gb": 10.425317376}
{"event": "TRAIN", "step": 4840, "effective_epoch": 0.13673487224806502, "loss": 1.8576202392578125, "grdn": 7.433785438537598, "lr": 5e-05, "seconds": 37.57964980707038, "memory_gb": 10.425317376}
{"event": "TRAIN", "step": 4850, "effective_epoch": 0.13701738231469326, "loss": 1.733759880065918, "grdn": 6.619960784912109, "lr": 5e-05, "seconds": 37.024947672965936, "memory_gb": 10.425317376}
{"event": "TRAIN", "step": 4860, "effective_epoch": 0.13729989238132148, "loss": 1.7211719751358032, "grdn": 6.757960319519043, "lr": 5e-05, "seconds": 35.92395983298775, "memory_gb": 10.425317376}
{"event": "TRAIN", "step": 4870, "effective_epoch": 0.13758240244794973, "loss": 1.7766987085342407, "grdn": 7.042439937591553, "lr": 5e-05, "seconds": 42.88243230106309, "memory_gb": 10.425317376}
{"event": "TRAIN", "step": 4880, "effective_epoch": 0.13786491251457797, "loss": 1.757541298866272, "grdn": 7.004980564117432, "lr": 5e-05, "seconds": 41.1680991910398, "memory_gb": 10.425317376}
{"event": "TRAIN", "step": 4890, "effective_epoch": 0.1381474225812062, "loss": 1.7403666973114014, "grdn": 6.526712894439697, "lr": 5e-05, "seconds": 39.57740407297388, "memory_gb": 10.425317376}
{"event": "TRAIN", "step": 4900, "effective_epoch": 0.13842993264783443, "loss": 1.7611976861953735, "grdn": 6.823785305023193, "lr": 5e-05, "seconds": 41.257762381923385, "memory_gb": 10.425317376}
{"event": "TRAIN", "step": 4910, "effective_epoch": 0.13871244271446267, "loss": 1.6611874103546143, "grdn": 7.11761999130249, "lr": 5e-05, "seconds": 40.837061331025325, "memory_gb": 10.425317376}
{"event": "TRAIN", "step": 4920, "effective_epoch": 0.1389949527810909, "loss": 1.771746039390564, "grdn": 7.6596574783325195, "lr": 5e-05, "seconds": 47.93279892310966, "memory_gb": 10.425317376}
{"event": "TRAIN", "step": 4930, "effective_epoch": 0.13927746284771914, "loss": 1.7317273616790771, "grdn": 7.069545745849609, "lr": 5e-05, "seconds": 37.85829365695827, "memory_gb": 10.425317376}
{"event": "TRAIN", "step": 4940, "effective_epoch": 0.13955997291434735, "loss": 1.856864333152771, "grdn": 7.378508567810059, "lr": 5e-05, "seconds": 37.68727545894217, "memory_gb": 10.425317376}
{"event": "TRAIN", "step": 4950, "effective_epoch": 0.1398424829809756, "loss": 1.7227052450180054, "grdn": 7.334290504455566, "lr": 5e-05, "seconds": 37.84574390610214, "memory_gb": 10.425317376}
{"event": "TRAIN", "step": 4960, "effective_epoch": 0.14012499304760384, "loss": 1.6967334747314453, "grdn": 6.907559394836426, "lr": 5e-05, "seconds": 44.02753742097411, "memory_gb": 10.425317376}
{"event": "TRAIN", "step": 4970, "effective_epoch": 0.14040750311423206, "loss": 1.6751534938812256, "grdn": 7.4443678855896, "lr": 5e-05, "seconds": 38.61535660200752, "memory_gb": 10.425317376}
{"event": "TRAIN", "step": 4980, "effective_epoch": 0.1406900131808603, "loss": 1.7846882343292236, "grdn": 7.794101715087891, "lr": 5e-05, "seconds": 42.70483293198049, "memory_gb": 10.425317376}
{"event": "TRAIN", "step": 4990, "effective_epoch": 0.14097252324748852, "loss": 1.7755626440048218, "grdn": 7.706993103027344, "lr": 5e-05, "seconds": 40.398719210061245, "memory_gb": 10.425317376}
{"event": "TRAIN", "step": 5000, "effective_epoch": 0.14125503331411676, "loss": 1.7286484241485596, "grdn": 7.679510593414307, "lr": 5e-05, "seconds": 40.12266010604799, "memory_gb": 10.425317376}
{"event": "EVAL", "step": 5000, "effective_epoch": 0.14125503331411676, "train": {"frames": 1792, "episodes": 56, "ce": 1.5243906590455611, "mae": 0.004657648877452759, "rmse": 0.007596220686659593, "episode_mae": 0.004657648877452759, "baseline_mae": 0.05248346601729281, "baseline_rmse": 0.06225099910710391, "mae_remaining_seconds": 2.310504353141732, "bias": -0.0014369178562836688, "crps": 0.003824521336809994, "entropy": 1.5592209287985628, "interval90_coverage": 0.9107142857142857, "interval90_width": 0.020588726975152634}, "test": {"frames": 1792, "episodes": 56, "ce": 2.9780776804379587, "mae": 0.012419799502432787, "rmse": 0.01999571206007367, "episode_mae": 0.012419799502432787, "baseline_mae": 0.05533733551939284, "baseline_rmse": 0.06688020310571469, "mae_remaining_seconds": 6.1610485398401575, "bias": 0.0012156627605820955, "crps": 0.010366834855614928, "entropy": 1.566719744520794, "interval90_coverage": 0.5725446428571429, "interval90_width": 0.020917968180063844}, "best_step": 3000, "best_episode_mae": 0.01239803092045934, "bad_evaluations": 8}
{"event": "TRAIN", "step": 5010, "effective_epoch": 0.141537543380745, "loss": 1.7783581018447876, "grdn": 7.678443908691406, "lr": 5e-05, "seconds": 436.52926177100744, "memory_gb": 10.425317376}
{"event": "TRAIN", "step": 5020, "effective_epoch": 0.14182005344737322, "loss": 1.7591785192489624, "grdn": 7.723242282867432, "lr": 5e-05, "seconds": 45.65879252797458, "memory_gb": 10.425317376}
{"event": "TRAIN", "step": 5030, "effective_epoch": 0.14210256351400147, "loss": 1.7847238779067993, "grdn": 7.817359924316406, "lr": 5e-05, "seconds": 42.20731752703432, "memory_gb": 10.425317376}
{"event": "TRAIN", "step": 5040, "effective_epoch": 0.14238507358062968, "loss": 1.8060327768325806, "grdn": 8.1177396774292, "lr": 5e-05, "seconds": 37.66343809396494, "memory_gb": 10.425317376}
{"event": "TRAIN", "step": 5050, "effective_epoch": 0.14266758364725793, "loss": 1.889478325843811, "grdn": 8.307344436645508, "lr": 5e-05, "seconds": 38.38694576290436, "memory_gb": 10.425317376}
{"event": "TRAIN", "step": 5060, "effective_epoch": 0.14295009371388617, "loss": 1.9769408702850342, "grdn": 7.871964931488037, "lr": 5e-05, "seconds": 39.7440793630667, "memory_gb": 10.425317376}
{"event": "TRAIN", "step": 5070, "effective_epoch": 0.1432326037805144, "loss": 1.6926658153533936, "grdn": 6.593144416809082, "lr": 5e-05, "seconds": 34.18064632092137, "memory_gb": 10.425317376}
{"event": "TRAIN", "step": 5080, "effective_epoch": 0.14351511384714263, "loss": 1.91836678981781, "grdn": 8.101752281188965, "lr": 5e-05, "seconds": 38.049668587045744, "memory_gb": 10.425317376}
{"event": "TRAIN", "step": 5090, "effective_epoch": 0.14379762391377088, "loss": 1.807520866394043, "grdn": 6.973959445953369, "lr": 5e-05, "seconds": 40.21103555499576, "memory_gb": 10.425317376}
{"event": "TRAIN", "step": 5100, "effective_epoch": 0.1440801339803991, "loss": 1.8598369359970093, "grdn": 7.623366355895996, "lr": 5e-05, "seconds": 34.64165287499782, "memory_gb": 10.425317376}
{"event": "TRAIN", "step": 5110, "effective_epoch": 0.14436264404702734, "loss": 1.7642993927001953, "grdn": 7.105135917663574, "lr": 5e-05, "seconds": 39.482315219938755, "memory_gb": 10.425317376}
{"event": "TRAIN", "step": 5120, "effective_epoch": 0.14464515411365556, "loss": 1.7628891468048096, "grdn": 7.015725612640381, "lr": 5e-05, "seconds": 36.973523819004185, "memory_gb": 10.425317376}
{"event": "TRAIN", "step": 5130, "effective_epoch": 0.1449276641802838, "loss": 1.7338593006134033, "grdn": 8.349654197692871, "lr": 5e-05, "seconds": 42.203461724100634, "memory_gb": 10.425317376}
{"event": "TRAIN", "step": 5140, "effective_epoch": 0.14521017424691204, "loss": 1.7630735635757446, "grdn": 7.260717868804932, "lr": 5e-05, "seconds": 35.96212288097013, "memory_gb": 10.425317376}
{"event": "TRAIN", "step": 5150, "effective_epoch": 0.14549268431354026, "loss": 1.7792094945907593, "grdn": 7.130730628967285, "lr": 5e-05, "seconds": 38.67126734601334, "memory_gb": 10.425317376}
{"event": "TRAIN", "step": 5160, "effective_epoch": 0.1457751943801685, "loss": 1.729265570640564, "grdn": 6.9718170166015625, "lr": 5e-05, "seconds": 43.219917969894595, "memory_gb": 10.425317376}
{"event": "TRAIN", "step": 5170, "effective_epoch": 0.14605770444679672, "loss": 1.726509690284729, "grdn": 6.85073709487915, "lr": 5e-05, "seconds": 39.56014250498265, "memory_gb": 10.425317376}
{"event": "TRAIN", "step": 5180, "effective_epoch": 0.14634021451342497, "loss": 1.7101186513900757, "grdn": 6.628199577331543, "lr": 5e-05, "seconds": 51.65688094194047, "memory_gb": 10.425317376}
{"event": "TRAIN", "step": 5190, "effective_epoch": 0.1466227245800532, "loss": 1.7288891077041626, "grdn": 7.084654808044434, "lr": 5e-05, "seconds": 42.77102244400885, "memory_gb": 10.425317376}
{"event": "TRAIN", "step": 5200, "effective_epoch": 0.14690523464668143, "loss": 1.8136523962020874, "grdn": 7.53585958480835, "lr": 5e-05, "seconds": 38.66680403100327, "memory_gb": 10.425317376}
{"event": "TRAIN", "step": 5210, "effective_epoch": 0.14718774471330967, "loss": 1.7277910709381104, "grdn": 7.526613712310791, "lr": 5e-05, "seconds": 37.54406579094939, "memory_gb": 10.425317376}
{"event": "TRAIN", "step": 5220, "effective_epoch": 0.1474702547799379, "loss": 1.7812153100967407, "grdn": 7.264984130859375, "lr": 5e-05, "seconds": 36.644184737000614, "memory_gb": 10.425317376}
{"event": "TRAIN", "step": 5230, "effective_epoch": 0.14775276484656613, "loss": 1.856774091720581, "grdn": 7.963059425354004, "lr": 5e-05, "seconds": 36.832753201946616, "memory_gb": 10.425317376}
{"event": "TRAIN", "step": 5240, "effective_epoch": 0.14803527491319438, "loss": 1.8433160781860352, "grdn": 7.602793216705322, "lr": 5e-05, "seconds": 38.24179501098115, "memory_gb": 10.425317376}
{"event": "TRAIN", "step": 5250, "effective_epoch": 0.1483177849798226, "loss": 1.7731605768203735, "grdn": 6.857417106628418, "lr": 5e-05, "seconds": 39.192152493982576, "memory_gb": 10.425317376}
{"event": "EVAL", "step": 5250, "effective_epoch": 0.1483177849798226, "train": {"frames": 1792, "episodes": 56, "ce": 1.5185778616328858, "mae": 0.004668738754714598, "rmse": 0.00857337861350316, "episode_mae": 0.004668738754714598, "baseline_mae": 0.05248346601729281, "baseline_rmse": 0.06225099910710391, "mae_remaining_seconds": 2.316005671588755, "bias": -0.0008295490353183206, "crps": 0.0035354846733842544, "entropy": 1.584748087450862, "interval90_coverage": 0.9263392857142857, "interval90_width": 0.021386718049533165}, "test": {"frames": 1792, "episodes": 56, "ce": 2.896823367461496, "mae": 0.012446542550605955, "rmse": 0.019972232247233254, "episode_mae": 0.012446542550605955, "baseline_mae": 0.05533733551939284, "baseline_rmse": 0.06688020310571469, "mae_remaining_seconds": 6.174314874603927, "bias": 0.0020948136630717534, "crps": 0.010007713742031197, "entropy": 1.595399032779304, "interval90_coverage": 0.5848214285714286, "interval90_width": 0.022181919022841612}, "best_step": 3000, "best_episode_mae": 0.01239803092045934, "bad_evaluations": 9}
{"event": "TRAIN", "step": 5260, "effective_epoch": 0.14860029504645084, "loss": 1.7598069906234741, "grdn": 6.729712009429932, "lr": 5e-05, "seconds": 433.66213158296887, "memory_gb": 10.425317376}
{"event": "TRAIN", "step": 5270, "effective_epoch": 0.14888280511307908, "loss": 1.8005273342132568, "grdn": 7.520729064941406, "lr": 5e-05, "seconds": 37.77799412491731, "memory_gb": 10.425317376}
{"event": "TRAIN", "step": 5280, "effective_epoch": 0.1491653151797073, "loss": 1.6503136157989502, "grdn": 6.289233207702637, "lr": 5e-05, "seconds": 43.146972464979626, "memory_gb": 10.425317376}
{"event": "TRAIN", "step": 5290, "effective_epoch": 0.14944782524633554, "loss": 1.7209783792495728, "grdn": 7.059918403625488, "lr": 5e-05, "seconds": 39.89356370794121, "memory_gb": 10.425317376}
{"event": "TRAIN", "step": 5300, "effective_epoch": 0.14973033531296376, "loss": 1.693520188331604, "grdn": 7.05102014541626, "lr": 5e-05, "seconds": 40.88625384203624, "memory_gb": 10.425317376}
{"event": "TRAIN", "step": 5310, "effective_epoch": 0.150012845379592, "loss": 1.8116241693496704, "grdn": 7.797069549560547, "lr": 5e-05, "seconds": 40.73742742603645, "memory_gb": 10.425317376}
{"event": "TRAIN", "step": 5320, "effective_epoch": 0.15029535544622025, "loss": 1.6690633296966553, "grdn": 7.252560615539551, "lr": 5e-05, "seconds": 40.59126232203562, "memory_gb": 10.425317376}
{"event": "TRAIN", "step": 5330, "effective_epoch": 0.15057786551284846, "loss": 1.7164366245269775, "grdn": 7.417655944824219, "lr": 5e-05, "seconds": 36.06450777198188, "memory_gb": 10.425317376}
{"event": "TRAIN", "step": 5340, "effective_epoch": 0.1508603755794767, "loss": 1.7524551153182983, "grdn": 7.694799900054932, "lr": 5e-05, "seconds": 36.940568162011914, "memory_gb": 10.425317376}
{"event": "TRAIN", "step": 5350, "effective_epoch": 0.15114288564610492, "loss": 1.7132374048233032, "grdn": 6.694027900695801, "lr": 5e-05, "seconds": 45.410228786058724, "memory_gb": 10.425317376}
{"event": "TRAIN", "step": 5360, "effective_epoch": 0.15142539571273317, "loss": 1.7177997827529907, "grdn": 5.9859185218811035, "lr": 5e-05, "seconds": 36.437470493954606, "memory_gb": 10.425317376}
{"event": "TRAIN", "step": 5370, "effective_epoch": 0.1517079057793614, "loss": 1.6675307750701904, "grdn": 6.42514705657959, "lr": 5e-05, "seconds": 37.553694697096944, "memory_gb": 10.425317376}
{"event": "TRAIN", "step": 5380, "effective_epoch": 0.15199041584598963, "loss": 1.6827480792999268, "grdn": 6.77869176864624, "lr": 5e-05, "seconds": 36.003555395058356, "memory_gb": 10.425317376}
{"event": "TRAIN", "step": 5390, "effective_epoch": 0.15227292591261787, "loss": 1.7196801900863647, "grdn": 7.127089023590088, "lr": 5e-05, "seconds": 33.200267796986736, "memory_gb": 10.425317376}
{"event": "TRAIN", "step": 5400, "effective_epoch": 0.15255543597924612, "loss": 1.7663230895996094, "grdn": 7.685506343841553, "lr": 5e-05, "seconds": 37.93586162896827, "memory_gb": 10.425317376}
{"event": "TRAIN", "step": 5410, "effective_epoch": 0.15283794604587433, "loss": 1.7091104984283447, "grdn": 7.077406883239746, "lr": 5e-05, "seconds": 40.49124837096315, "memory_gb": 10.425317376}
{"event": "TRAIN", "step": 5420, "effective_epoch": 0.15312045611250258, "loss": 1.7223783731460571, "grdn": 7.334907531738281, "lr": 5e-05, "seconds": 43.226735114934854, "memory_gb": 10.425317376}
{"event": "TRAIN", "step": 5430, "effective_epoch": 0.1534029661791308, "loss": 1.72403883934021, "grdn": 7.405058860778809, "lr": 5e-05, "seconds": 38.89131431491114, "memory_gb": 10.425317376}
{"event": "TRAIN", "step": 5440, "effective_epoch": 0.15368547624575904, "loss": 1.6767184734344482, "grdn": 6.735699653625488, "lr": 5e-05, "seconds": 40.72011653298978, "memory_gb": 10.425317376}
{"event": "TRAIN", "step": 5450, "effective_epoch": 0.15396798631238728, "loss": 1.7417221069335938, "grdn": 7.695359230041504, "lr": 5e-05, "seconds": 41.54791324608959, "memory_gb": 10.425317376}
{"event": "TRAIN", "step": 5460, "effective_epoch": 0.1542504963790155, "loss": 1.712342619895935, "grdn": 6.828868865966797, "lr": 5e-05, "seconds": 35.62217260198668, "memory_gb": 10.425317376}
{"event": "TRAIN", "step": 5470, "effective_epoch": 0.15453300644564374, "loss": 1.7076542377471924, "grdn": 6.763460636138916, "lr": 5e-05, "seconds": 39.7105919320602, "memory_gb": 10.425317376}
{"event": "TRAIN", "step": 5480, "effective_epoch": 0.15481551651227196, "loss": 1.7418094873428345, "grdn": 7.489269256591797, "lr": 5e-05, "seconds": 41.11247590498533, "memory_gb": 10.425317376}
{"event": "TRAIN", "step": 5490, "effective_epoch": 0.1550980265789002, "loss": 1.7297403812408447, "grdn": 6.8842267990112305, "lr": 5e-05, "seconds": 41.20236599992495, "memory_gb": 10.425317376}
{"event": "TRAIN", "step": 5500, "effective_epoch": 0.15538053664552845, "loss": 1.6626983880996704, "grdn": 6.876173973083496, "lr": 5e-05, "seconds": 36.042258261935785, "memory_gb": 10.425317376}
{"event": "EVAL", "step": 5500, "effective_epoch": 0.15538053664552845, "train": {"frames": 1792, "episodes": 56, "ce": 1.4443243892996438, "mae": 0.004091537833573966, "rmse": 0.005879911603481403, "episode_mae": 0.004091537833573966, "baseline_mae": 0.05248346601729281, "baseline_rmse": 0.06225099910710391, "mae_remaining_seconds": 2.029675534641592, "bias": 0.0001223930302590556, "crps": 0.0032211938976404652, "entropy": 1.5272373894695193, "interval90_coverage": 0.9330357142857143, "interval90_width": 0.019522878917216855}, "test": {"frames": 1792, "episodes": 56, "ce": 3.025070215051528, "mae": 0.012675785482380368, "rmse": 0.02090672190803855, "episode_mae": 0.012675785482380368, "baseline_mae": 0.05533733551939284, "baseline_rmse": 0.06688020310571469, "mae_remaining_seconds": 6.2880346516261545, "bias": 0.0033602305221133327, "crps": 0.010495940521228217, "entropy": 1.5382678361576316, "interval90_coverage": 0.5479910714285714, "interval90_width": 0.0203320307222644}, "best_step": 3000, "best_episode_mae": 0.01239803092045934, "bad_evaluations": 10}
{"event": "TRAIN", "step": 5510, "effective_epoch": 0.15566304671215667, "loss": 1.6718530654907227, "grdn": 7.660998344421387, "lr": 5e-05, "seconds": 436.7140032920288, "memory_gb": 10.425317376}
{"event": "TRAIN", "step": 5520, "effective_epoch": 0.1559455567787849, "loss": 1.608818769454956, "grdn": 6.882533073425293, "lr": 5e-05, "seconds": 43.474523217999376, "memory_gb": 10.425317376}
{"event": "TRAIN", "step": 5530, "effective_epoch": 0.15622806684541313, "loss": 1.7003380060195923, "grdn": 7.116054534912109, "lr": 5e-05, "seconds": 37.55748405796476, "memory_gb": 10.425317376}
{"event": "TRAIN", "step": 5540, "effective_epoch": 0.15651057691204137, "loss": 1.7344629764556885, "grdn": 7.749547481536865, "lr": 5e-05, "seconds": 40.52777063602116, "memory_gb": 10.425317376}
{"event": "TRAIN", "step": 5550, "effective_epoch": 0.15679308697866962, "loss": 1.6642181873321533, "grdn": 7.014267921447754, "lr": 5e-05, "seconds": 38.309789756080136, "memory_gb": 10.425317376}
{"event": "TRAIN", "step": 5560, "effective_epoch": 0.15707559704529783, "loss": 1.6421695947647095, "grdn": 6.861976623535156, "lr": 5e-05, "seconds": 36.56537319696508, "memory_gb": 10.425317376}
{"event": "TRAIN", "step": 5570, "effective_epoch": 0.15735810711192608, "loss": 1.7081215381622314, "grdn": 7.503762722015381, "lr": 5e-05, "seconds": 39.36731015809346, "memory_gb": 10.425317376}
{"event": "TRAIN", "step": 5580, "effective_epoch": 0.15764061717855432, "loss": 1.6624090671539307, "grdn": 7.8999176025390625, "lr": 5e-05, "seconds": 37.56408978695981, "memory_gb": 10.425317376}
{"event": "TRAIN", "step": 5590, "effective_epoch": 0.15792312724518254, "loss": 1.7584823369979858, "grdn": 8.637608528137207, "lr": 5e-05, "seconds": 44.99745019595139, "memory_gb": 10.425317376}
{"event": "TRAIN", "step": 5600, "effective_epoch": 0.15820563731181078, "loss": 1.6863552331924438, "grdn": 7.375720024108887, "lr": 5e-05, "seconds": 39.68287962093018, "memory_gb": 10.425317376}
{"event": "TRAIN", "step": 5610, "effective_epoch": 0.158488147378439, "loss": 1.72222101688385, "grdn": 7.035926818847656, "lr": 5e-05, "seconds": 35.96448769699782, "memory_gb": 10.425317376}
{"event": "TRAIN", "step": 5620, "effective_epoch": 0.15877065744506724, "loss": 1.769232988357544, "grdn": 7.247880458831787, "lr": 5e-05, "seconds": 44.39394735894166, "memory_gb": 10.425317376}
{"event": "TRAIN", "step": 5630, "effective_epoch": 0.1590531675116955, "loss": 1.7214456796646118, "grdn": 7.323600769042969, "lr": 5e-05, "seconds": 42.97103185101878, "memory_gb": 10.425317376}
{"event": "TRAIN", "step": 5640, "effective_epoch": 0.1593356775783237, "loss": 1.7616512775421143, "grdn": 8.162911415100098, "lr": 5e-05, "seconds": 43.952760496060364, "memory_gb": 10.425317376}
{"event": "TRAIN", "step": 5650, "effective_epoch": 0.15961818764495195, "loss": 1.6611846685409546, "grdn": 7.405303001403809, "lr": 5e-05, "seconds": 41.67634062108118, "memory_gb": 10.425317376}
{"event": "TRAIN", "step": 5660, "effective_epoch": 0.15990069771158016, "loss": 1.6633813381195068, "grdn": 7.537837028503418, "lr": 5e-05, "seconds": 41.995190555928275, "memory_gb": 10.425317376}
{"event": "TRAIN", "step": 5670, "effective_epoch": 0.1601832077782084, "loss": 1.734352469444275, "grdn": 7.513079643249512, "lr": 5e-05, "seconds": 38.0314137119567, "memory_gb": 10.425317376}
{"event": "TRAIN", "step": 5680, "effective_epoch": 0.16046571784483665, "loss": 1.7217724323272705, "grdn": 7.397674560546875, "lr": 5e-05, "seconds": 41.80110164999496, "memory_gb": 10.425317376}
{"event": "TRAIN", "step": 5690, "effective_epoch": 0.16074822791146487, "loss": 1.752383828163147, "grdn": 7.220858573913574, "lr": 5e-05, "seconds": 46.82939921005163, "memory_gb": 10.425317376}
{"event": "TRAIN", "step": 5700, "effective_epoch": 0.1610307379780931, "loss": 1.690073013305664, "grdn": 7.604516506195068, "lr": 5e-05, "seconds": 43.8153407080099, "memory_gb": 10.425317376}
{"event": "TRAIN", "step": 5710, "effective_epoch": 0.16131324804472133, "loss": 1.7507202625274658, "grdn": 7.43851375579834, "lr": 5e-05, "seconds": 37.50318277301267, "memory_gb": 10.425317376}
{"event": "TRAIN", "step": 5720, "effective_epoch": 0.16159575811134957, "loss": 1.8156505823135376, "grdn": 7.54647970199585, "lr": 5e-05, "seconds": 40.050143431988545, "memory_gb": 10.425317376}
{"event": "TRAIN", "step": 5730, "effective_epoch": 0.16187826817797782, "loss": 1.681626558303833, "grdn": 6.859206199645996, "lr": 5e-05, "seconds": 42.051814920967445, "memory_gb": 10.425317376}
{"event": "TRAIN", "step": 5740, "effective_epoch": 0.16216077824460604, "loss": 1.7650012969970703, "grdn": 6.8883376121521, "lr": 5e-05, "seconds": 34.444303149939515, "memory_gb": 10.425317376}
{"event": "TRAIN", "step": 5750, "effective_epoch": 0.16244328831123428, "loss": 1.7003599405288696, "grdn": 7.654488563537598, "lr": 5e-05, "seconds": 42.16223006998189, "memory_gb": 10.425317376}
{"event": "EVAL", "step": 5750, "effective_epoch": 0.16244328831123428, "train": {"frames": 1792, "episodes": 56, "ce": 1.4914524296597977, "mae": 0.0044542240270207655, "rmse": 0.00681017995876224, "episode_mae": 0.0044542240270207655, "baseline_mae": 0.05248346601729281, "baseline_rmse": 0.06225099910710391, "mae_remaining_seconds": 2.2095920656707677, "bias": -0.0021283492932135622, "crps": 0.0038608639308474074, "entropy": 1.517227737898273, "interval90_coverage": 0.9157366071428571, "interval90_width": 0.01938895033267077}, "test": {"frames": 1792, "episodes": 56, "ce": 3.0520629913080484, "mae": 0.01246361694542689, "rmse": 0.02061506635808293, "episode_mae": 0.01246361694542689, "baseline_mae": 0.05533733551939284, "baseline_rmse": 0.06688020310571469, "mae_remaining_seconds": 6.182784912728099, "bias": 0.0008036302279573907, "crps": 0.010574203457330051, "entropy": 1.5214020395984076, "interval90_coverage": 0.56640625, "interval90_width": 0.020128347765941208}, "best_step": 3000, "best_episode_mae": 0.01239803092045934, "bad_evaluations": 11}
{"event": "TRAIN", "step": 5760, "effective_epoch": 0.16272579837786252, "loss": 1.6345164775848389, "grdn": 7.0240960121154785, "lr": 5e-05, "seconds": 435.0807921269443, "memory_gb": 10.425317376}
{"event": "TRAIN", "step": 5770, "effective_epoch": 0.16300830844449074, "loss": 1.7025377750396729, "grdn": 6.9093170166015625, "lr": 5e-05, "seconds": 39.12880745297298, "memory_gb": 10.425317376}
{"event": "TRAIN", "step": 5780, "effective_epoch": 0.16329081851111898, "loss": 1.6501381397247314, "grdn": 6.657190799713135, "lr": 5e-05, "seconds": 43.03262088098563, "memory_gb": 10.425317376}
{"event": "TRAIN", "step": 5790, "effective_epoch": 0.1635733285777472, "loss": 1.7101142406463623, "grdn": 7.005570888519287, "lr": 5e-05, "seconds": 43.66304185602348, "memory_gb": 10.425317376}
{"event": "TRAIN", "step": 5800, "effective_epoch": 0.16385583864437545, "loss": 1.673609972000122, "grdn": 7.002022743225098, "lr": 5e-05, "seconds": 35.249008459970355, "memory_gb": 10.425317376}
{"event": "TRAIN", "step": 5810, "effective_epoch": 0.1641383487110037, "loss": 1.7050968408584595, "grdn": 6.751462459564209, "lr": 5e-05, "seconds": 35.38182351505384, "memory_gb": 10.425317376}
{"event": "TRAIN", "step": 5820, "effective_epoch": 0.1644208587776319, "loss": 1.7529535293579102, "grdn": 7.652092933654785, "lr": 5e-05, "seconds": 35.9959765819367, "memory_gb": 10.425317376}
{"event": "TRAIN", "step": 5830, "effective_epoch": 0.16470336884426015, "loss": 1.777472734451294, "grdn": 7.608757019042969, "lr": 5e-05, "seconds": 34.186356671969406, "memory_gb": 10.425317376}
{"event": "TRAIN", "step": 5840, "effective_epoch": 0.16498587891088837, "loss": 1.7654798030853271, "grdn": 7.676198482513428, "lr": 5e-05, "seconds": 40.28777367598377, "memory_gb": 10.425317376}
{"event": "TRAIN", "step": 5850, "effective_epoch": 0.1652683889775166, "loss": 1.7701084613800049, "grdn": 8.256105422973633, "lr": 5e-05, "seconds": 41.49988883303013, "memory_gb": 10.425317376}
{"event": "TRAIN", "step": 5860, "effective_epoch": 0.16555089904414486, "loss": 1.78946053981781, "grdn": 7.688418388366699, "lr": 5e-05, "seconds": 34.846364020952024, "memory_gb": 10.425317376}
{"event": "TRAIN", "step": 5870, "effective_epoch": 0.16583340911077307, "loss": 1.7243446111679077, "grdn": 6.765507698059082, "lr": 5e-05, "seconds": 35.742353081004694, "memory_gb": 10.425317376}
{"event": "TRAIN", "step": 5880, "effective_epoch": 0.16611591917740132, "loss": 1.7329763174057007, "grdn": 7.3342390060424805, "lr": 5e-05, "seconds": 38.51542466902174, "memory_gb": 10.425317376}
{"event": "TRAIN", "step": 5890, "effective_epoch": 0.16639842924402953, "loss": 1.687109351158142, "grdn": 7.053080081939697, "lr": 5e-05, "seconds": 38.26640314201359, "memory_gb": 10.425317376}
{"event": "TRAIN", "step": 5900, "effective_epoch": 0.16668093931065778, "loss": 1.6902214288711548, "grdn": 7.6385345458984375, "lr": 5e-05, "seconds": 32.22539091599174, "memory_gb": 10.425317376}
{"event": "TRAIN", "step": 5910, "effective_epoch": 0.16696344937728602, "loss": 1.76507568359375, "grdn": 7.642415523529053, "lr": 5e-05, "seconds": 37.79555718705524, "memory_gb": 10.425317376}
{"event": "TRAIN", "step": 5920, "effective_epoch": 0.16724595944391424, "loss": 1.6902906894683838, "grdn": 6.485520839691162, "lr": 5e-05, "seconds": 36.200248351087794, "memory_gb": 10.425317376}
{"event": "TRAIN", "step": 5930, "effective_epoch": 0.16752846951054248, "loss": 1.5985733270645142, "grdn": 6.6309919357299805, "lr": 5e-05, "seconds": 40.11624150699936, "memory_gb": 10.425317376}
{"event": "TRAIN", "step": 5940, "effective_epoch": 0.16781097957717073, "loss": 1.629608154296875, "grdn": 6.488922119140625, "lr": 5e-05, "seconds": 43.06499389000237, "memory_gb": 10.425317376}
{"event": "TRAIN", "step": 5950, "effective_epoch": 0.16809348964379894, "loss": 1.6638810634613037, "grdn": 6.7107415199279785, "lr": 5e-05, "seconds": 41.383194654015824, "memory_gb": 10.425317376}
{"event": "TRAIN", "step": 5960, "effective_epoch": 0.1683759997104272, "loss": 1.6958096027374268, "grdn": 6.48314905166626, "lr": 5e-05, "seconds": 35.25030042801518, "memory_gb": 10.425317376}
{"event": "TRAIN", "step": 5970, "effective_epoch": 0.1686585097770554, "loss": 1.6336246728897095, "grdn": 6.565354347229004, "lr": 5e-05, "seconds": 38.06837686803192, "memory_gb": 10.425317376}
{"event": "TRAIN", "step": 5980, "effective_epoch": 0.16894101984368365, "loss": 1.7068769931793213, "grdn": 7.715020656585693, "lr": 5e-05, "seconds": 36.72395948704798, "memory_gb": 10.425317376}
{"event": "TRAIN", "step": 5990, "effective_epoch": 0.1692235299103119, "loss": 1.7477916479110718, "grdn": 7.5291571617126465, "lr": 5e-05, "seconds": 42.3850310529815, "memory_gb": 10.425317376}
{"event": "TRAIN", "step": 6000, "effective_epoch": 0.1695060399769401, "loss": 1.6856006383895874, "grdn": 6.855238914489746, "lr": 5e-05, "seconds": 41.64392254699487, "memory_gb": 10.425317376}
{"event": "EVAL", "step": 6000, "effective_epoch": 0.1695060399769401, "train": {"frames": 1792, "episodes": 56, "ce": 1.4624025821602638, "mae": 0.004221682189771465, "rmse": 0.006190082881311227, "episode_mae": 0.004221682189771465, "baseline_mae": 0.05248346601729281, "baseline_rmse": 0.06225099910710391, "mae_remaining_seconds": 2.094235811605965, "bias": -0.00015216714239483866, "crps": 0.0032320127260183945, "entropy": 1.5164202072857214, "interval90_coverage": 0.9224330357142857, "interval90_width": 0.0195507807444041}, "test": {"frames": 1792, "episodes": 56, "ce": 3.0000559651692, "mae": 0.012639197641809525, "rmse": 0.02157630617719007, "episode_mae": 0.012639197641809525, "baseline_mae": 0.05533733551939284, "baseline_rmse": 0.06688020310571469, "mae_remaining_seconds": 6.269884643513645, "bias": 0.0038641431125532627, "crps": 0.010426308038010543, "entropy": 1.5258787472765627, "interval90_coverage": 0.5831473214285714, "interval90_width": 0.020605468141833887}, "best_step": 3000, "best_episode_mae": 0.01239803092045934, "bad_evaluations": 12}
{"event": "TRAIN", "step": 6010, "effective_epoch": 0.16978855004356835, "loss": 1.6893131732940674, "grdn": 6.896067142486572, "lr": 5e-05, "seconds": 434.47221393696964, "memory_gb": 10.425317376}
{"event": "TRAIN", "step": 6020, "effective_epoch": 0.17007106011019657, "loss": 1.6724441051483154, "grdn": 7.171680450439453, "lr": 5e-05, "seconds": 36.03498634905554, "memory_gb": 10.425317376}
{"event": "TRAIN", "step": 6030, "effective_epoch": 0.17035357017682481, "loss": 1.698830008506775, "grdn": 7.164548397064209, "lr": 5e-05, "seconds": 37.519526300020516, "memory_gb": 10.425317376}
{"event": "TRAIN", "step": 6040, "effective_epoch": 0.17063608024345306, "loss": 1.7122970819473267, "grdn": 6.898311614990234, "lr": 5e-05, "seconds": 47.93455330491997, "memory_gb": 10.425317376}
{"event": "TRAIN", "step": 6050, "effective_epoch": 0.17091859031008128, "loss": 1.7471396923065186, "grdn": 7.355572700500488, "lr": 5e-05, "seconds": 35.76144730800297, "memory_gb": 10.425317376}
{"event": "TRAIN", "step": 6060, "effective_epoch": 0.17120110037670952, "loss": 1.7002747058868408, "grdn": 7.807450771331787, "lr": 5e-05, "seconds": 39.364163291989826, "memory_gb": 10.425317376}
{"event": "TRAIN", "step": 6070, "effective_epoch": 0.17148361044333776, "loss": 1.6494009494781494, "grdn": 7.0984673500061035, "lr": 5e-05, "seconds": 38.95370466995519, "memory_gb": 10.425317376}
{"event": "TRAIN", "step": 6080, "effective_epoch": 0.17176612050996598, "loss": 1.694889783859253, "grdn": 7.1475725173950195, "lr": 5e-05, "seconds": 46.532532350043766, "memory_gb": 10.425317376}
{"event": "TRAIN", "step": 6090, "effective_epoch": 0.17204863057659422, "loss": 1.7114700078964233, "grdn": 6.953141689300537, "lr": 5e-05, "seconds": 39.961000164970756, "memory_gb": 10.425317376}
{"event": "TRAIN", "step": 6100, "effective_epoch": 0.17233114064322244, "loss": 1.6175438165664673, "grdn": 6.52843713760376, "lr": 5e-05, "seconds": 38.34779507899657, "memory_gb": 10.425317376}
{"event": "TRAIN", "step": 6110, "effective_epoch": 0.17261365070985069, "loss": 1.5934909582138062, "grdn": 6.801241397857666, "lr": 5e-05, "seconds": 41.47403550497256, "memory_gb": 10.425317376}
{"event": "TRAIN", "step": 6120, "effective_epoch": 0.17289616077647893, "loss": 1.6872069835662842, "grdn": 8.53531265258789, "lr": 5e-05, "seconds": 45.274332341970876, "memory_gb": 10.425317376}
{"event": "TRAIN", "step": 6130, "effective_epoch": 0.17317867084310715, "loss": 1.6744167804718018, "grdn": 7.102008819580078, "lr": 5e-05, "seconds": 40.086962998029776, "memory_gb": 10.425317376}
{"event": "TRAIN", "step": 6140, "effective_epoch": 0.1734611809097354, "loss": 1.692837119102478, "grdn": 7.229717254638672, "lr": 5e-05, "seconds": 40.45192625699565, "memory_gb": 10.425317376}
{"event": "TRAIN", "step": 6150, "effective_epoch": 0.1737436909763636, "loss": 1.6904338598251343, "grdn": 7.841214179992676, "lr": 5e-05, "seconds": 36.685673014028, "memory_gb": 10.425317376}
{"event": "TRAIN", "step": 6160, "effective_epoch": 0.17402620104299185, "loss": 1.7373327016830444, "grdn": 7.400195121765137, "lr": 5e-05, "seconds": 39.74769813311286, "memory_gb": 10.425317376}
{"event": "TRAIN", "step": 6170, "effective_epoch": 0.1743087111096201, "loss": 1.5992072820663452, "grdn": 6.94934606552124, "lr": 5e-05, "seconds": 48.83735483803321, "memory_gb": 10.425317376}
{"event": "TRAIN", "step": 6180, "effective_epoch": 0.1745912211762483, "loss": 1.6440852880477905, "grdn": 7.026313781738281, "lr": 5e-05, "seconds": 41.083088779007085, "memory_gb": 10.425317376}
{"event": "TRAIN", "step": 6190, "effective_epoch": 0.17487373124287656, "loss": 1.6169707775115967, "grdn": 6.991485595703125, "lr": 5e-05, "seconds": 36.89275346195791, "memory_gb": 10.425317376}
{"event": "TRAIN", "step": 6200, "effective_epoch": 0.17515624130950477, "loss": 1.651624083518982, "grdn": 7.41131591796875, "lr": 5e-05, "seconds": 34.56219525600318, "memory_gb": 10.425317376}
{"event": "TRAIN", "step": 6210, "effective_epoch": 0.17543875137613302, "loss": 1.7122644186019897, "grdn": 7.775303840637207, "lr": 5e-05, "seconds": 35.916641987045296, "memory_gb": 10.425317376}
{"event": "TRAIN", "step": 6220, "effective_epoch": 0.17572126144276126, "loss": 1.6990249156951904, "grdn": 8.088107109069824, "lr": 5e-05, "seconds": 34.8478769849753, "memory_gb": 10.425317376}
{"event": "TRAIN", "step": 6230, "effective_epoch": 0.17600377150938948, "loss": 1.6577430963516235, "grdn": 7.1102423667907715, "lr": 5e-05, "seconds": 37.91968245606404, "memory_gb": 10.425317376}
{"event": "TRAIN", "step": 6240, "effective_epoch": 0.17628628157601772, "loss": 1.6743072271347046, "grdn": 6.677292823791504, "lr": 5e-05, "seconds": 34.44469432497863, "memory_gb": 10.425317376}
{"event": "TRAIN", "step": 6250, "effective_epoch": 0.17656879164264597, "loss": 1.6580520868301392, "grdn": 7.099661827087402, "lr": 5e-05, "seconds": 36.82587192696519, "memory_gb": 10.425317376}
{"event": "EVAL", "step": 6250, "effective_epoch": 0.17656879164264597, "train": {"frames": 1792, "episodes": 56, "ce": 1.589023047243245, "mae": 0.0048693513618413165, "rmse": 0.006834617822445648, "episode_mae": 0.0048693513618413165, "baseline_mae": 0.05248346601729281, "baseline_rmse": 0.06225099910710391, "mae_remaining_seconds": 2.415522898897416, "bias": -0.0030286891602762417, "crps": 0.00443372186858174, "entropy": 1.4759730797460568, "interval90_coverage": 0.8526785714285714, "interval90_width": 0.01858537895688122}, "test": {"frames": 1792, "episodes": 56, "ce": 3.2655316882550585, "mae": 0.012998012764001032, "rmse": 0.021160155570272756, "episode_mae": 0.012998012764001032, "baseline_mae": 0.05533733551939284, "baseline_rmse": 0.06688020310571469, "mae_remaining_seconds": 6.447880865128779, "bias": 0.00019284138475736005, "crps": 0.011294708505841657, "entropy": 1.500422916840762, "interval90_coverage": 0.5150669642857143, "interval90_width": 0.019818637933245294}, "best_step": 3000, "best_episode_mae": 0.01239803092045934, "bad_evaluations": 13}
{"event": "TRAIN", "step": 6260, "effective_epoch": 0.17685130170927418, "loss": 1.6797637939453125, "grdn": 7.368685722351074, "lr": 5e-05, "seconds": 432.9669825169258, "memory_gb": 10.425317376}
{"event": "TRAIN", "step": 6270, "effective_epoch": 0.17713381177590243, "loss": 1.6548054218292236, "grdn": 7.404936790466309, "lr": 5e-05, "seconds": 35.82278489996679, "memory_gb": 10.425317376}
{"event": "TRAIN", "step": 6280, "effective_epoch": 0.17741632184253064, "loss": 1.5937840938568115, "grdn": 6.856680870056152, "lr": 5e-05, "seconds": 38.422833824995905, "memory_gb": 10.425317376}
{"event": "TRAIN", "step": 6290, "effective_epoch": 0.1776988319091589, "loss": 1.6770133972167969, "grdn": 7.359757900238037, "lr": 5e-05, "seconds": 33.27472502400633, "memory_gb": 10.425317376}
{"event": "TRAIN", "step": 6300, "effective_epoch": 0.17798134197578713, "loss": 1.6877171993255615, "grdn": 7.194210052490234, "lr": 5e-05, "seconds": 38.99489490198903, "memory_gb": 10.425317376}
{"event": "TRAIN", "step": 6310, "effective_epoch": 0.17826385204241535, "loss": 1.5722225904464722, "grdn": 6.604074001312256, "lr": 5e-05, "seconds": 35.84050693595782, "memory_gb": 10.425317376}
{"event": "TRAIN", "step": 6320, "effective_epoch": 0.1785463621090436, "loss": 1.6540428400039673, "grdn": 7.383262634277344, "lr": 5e-05, "seconds": 37.658373399986885, "memory_gb": 10.425317376}
{"event": "TRAIN", "step": 6330, "effective_epoch": 0.1788288721756718, "loss": 1.6399776935577393, "grdn": 7.125506401062012, "lr": 5e-05, "seconds": 41.27644146094099, "memory_gb": 10.425317376}
{"event": "TRAIN", "step": 6340, "effective_epoch": 0.17911138224230005, "loss": 1.802647352218628, "grdn": 7.648016452789307, "lr": 5e-05, "seconds": 44.399984321091324, "memory_gb": 10.425317376}
{"event": "TRAIN", "step": 6350, "effective_epoch": 0.1793938923089283, "loss": 1.6208372116088867, "grdn": 6.827305793762207, "lr": 5e-05, "seconds": 37.712038398953155, "memory_gb": 10.425317376}
{"event": "TRAIN", "step": 6360, "effective_epoch": 0.17967640237555652, "loss": 1.6864866018295288, "grdn": 7.427630424499512, "lr": 5e-05, "seconds": 40.138390640029684, "memory_gb": 10.425317376}
{"event": "TRAIN", "step": 6370, "effective_epoch": 0.17995891244218476, "loss": 1.631443977355957, "grdn": 7.081967353820801, "lr": 5e-05, "seconds": 38.13688459305558, "memory_gb": 10.425317376}
{"event": "TRAIN", "step": 6380, "effective_epoch": 0.18024142250881298, "loss": 1.6447807550430298, "grdn": 6.613005638122559, "lr": 5e-05, "seconds": 38.65788134105969, "memory_gb": 10.425317376}
{"event": "TRAIN", "step": 6390, "effective_epoch": 0.18052393257544122, "loss": 1.6723060607910156, "grdn": 7.186253547668457, "lr": 5e-05, "seconds": 36.12312589306384, "memory_gb": 10.425317376}
{"event": "TRAIN", "step": 6400, "effective_epoch": 0.18080644264206946, "loss": 1.6802743673324585, "grdn": 7.105617523193359, "lr": 5e-05, "seconds": 37.46440791594796, "memory_gb": 10.425317376}
{"event": "TRAIN", "step": 6410, "effective_epoch": 0.18108895270869768, "loss": 1.6292415857315063, "grdn": 7.031880855560303, "lr": 5e-05, "seconds": 36.29196577600669, "memory_gb": 10.425317376}
{"event": "TRAIN", "step": 6420, "effective_epoch": 0.18137146277532593, "loss": 1.6341111660003662, "grdn": 7.532354831695557, "lr": 5e-05, "seconds": 39.59363002702594, "memory_gb": 10.425317376}
{"event": "TRAIN", "step": 6430, "effective_epoch": 0.18165397284195417, "loss": 1.65277898311615, "grdn": 7.376895904541016, "lr": 5e-05, "seconds": 37.429367419099435, "memory_gb": 10.425317376}
{"event": "TRAIN", "step": 6440, "effective_epoch": 0.1819364829085824, "loss": 1.7540104389190674, "grdn": 7.389906883239746, "lr": 5e-05, "seconds": 39.66975984291639, "memory_gb": 10.425317376}
{"event": "TRAIN", "step": 6450, "effective_epoch": 0.18221899297521063, "loss": 1.7067832946777344, "grdn": 7.477313041687012, "lr": 5e-05, "seconds": 43.34739816910587, "memory_gb": 10.425317376}
{"event": "TRAIN", "step": 6460, "effective_epoch": 0.18250150304183885, "loss": 1.6271384954452515, "grdn": 7.239278316497803, "lr": 5e-05, "seconds": 44.27052123902831, "memory_gb": 10.425317376}
{"event": "TRAIN", "step": 6470, "effective_epoch": 0.1827840131084671, "loss": 1.589910626411438, "grdn": 6.794763088226318, "lr": 5e-05, "seconds": 44.846487869974226, "memory_gb": 10.425317376}
{"event": "TRAIN", "step": 6480, "effective_epoch": 0.18306652317509534, "loss": 1.6800168752670288, "grdn": 7.813527584075928, "lr": 5e-05, "seconds": 38.87125610606745, "memory_gb": 10.425317376}
{"event": "TRAIN", "step": 6490, "effective_epoch": 0.18334903324172355, "loss": 1.6114479303359985, "grdn": 7.05963659286499, "lr": 5e-05, "seconds": 39.926489598932676, "memory_gb": 10.425317376}
{"event": "TRAIN", "step": 6500, "effective_epoch": 0.1836315433083518, "loss": 1.6717020273208618, "grdn": 7.082099914550781, "lr": 5e-05, "seconds": 36.38534762302879, "memory_gb": 10.425317376}
{"event": "EVAL", "step": 6500, "effective_epoch": 0.1836315433083518, "train": {"frames": 1792, "episodes": 56, "ce": 1.4287896708701737, "mae": 0.004029917726581646, "rmse": 0.0076096557143658745, "episode_mae": 0.004029917726581646, "baseline_mae": 0.05248346601729281, "baseline_rmse": 0.06225099910710391, "mae_remaining_seconds": 1.9991078535662683, "bias": -0.0005305052277435607, "crps": 0.0033632628824246274, "entropy": 1.4318869618832, "interval90_coverage": 0.9129464285714286, "interval90_width": 0.01758928530866147}, "test": {"frames": 1792, "episodes": 56, "ce": 3.0768275310401805, "mae": 0.012242771616521557, "rmse": 0.021178833974784077, "episode_mae": 0.012242771616521557, "baseline_mae": 0.05533733551939284, "baseline_rmse": 0.06688020310571469, "mae_remaining_seconds": 6.073230906569127, "bias": 0.00394736204192928, "crps": 0.010252004854438366, "entropy": 1.43846473224195, "interval90_coverage": 0.5630580357142857, "interval90_width": 0.018378905758644187}, "best_step": 6500, "best_episode_mae": 0.012242771616521557, "bad_evaluations": 0}
{"event": "TRAIN", "step": 6510, "effective_epoch": 0.18391405337498, "loss": 1.5989429950714111, "grdn": 6.847531318664551, "lr": 5e-05, "seconds": 435.8869884699816, "memory_gb": 10.425317376}
{"event": "TRAIN", "step": 6520, "effective_epoch": 0.18419656344160826, "loss": 1.5947473049163818, "grdn": 6.8874921798706055, "lr": 5e-05, "seconds": 47.14063288201578, "memory_gb": 10.425317376}
{"event": "TRAIN", "step": 6530, "effective_epoch": 0.1844790735082365, "loss": 1.595171332359314, "grdn": 7.041201114654541, "lr": 5e-05, "seconds": 43.74427487910725, "memory_gb": 10.425317376}
{"event": "TRAIN", "step": 6540, "effective_epoch": 0.18476158357486472, "loss": 1.6324875354766846, "grdn": 6.753382682800293, "lr": 5e-05, "seconds": 35.758111173985526, "memory_gb": 10.425317376}
{"event": "TRAIN", "step": 6550, "effective_epoch": 0.18504409364149296, "loss": 1.6334905624389648, "grdn": 6.6168694496154785, "lr": 5e-05, "seconds": 45.33608699997421, "memory_gb": 10.425317376}
{"event": "TRAIN", "step": 6560, "effective_epoch": 0.1853266037081212, "loss": 1.6943938732147217, "grdn": 6.985726833343506, "lr": 5e-05, "seconds": 39.82438907795586, "memory_gb": 10.425317376}
{"event": "TRAIN", "step": 6570, "effective_epoch": 0.18560911377474942, "loss": 1.5876189470291138, "grdn": 6.87007999420166, "lr": 5e-05, "seconds": 39.446639908012, "memory_gb": 10.425317376}
{"event": "TRAIN", "step": 6580, "effective_epoch": 0.18589162384137767, "loss": 1.524829626083374, "grdn": 6.571874141693115, "lr": 5e-05, "seconds": 42.334928044932894, "memory_gb": 10.425317376}
{"event": "TRAIN", "step": 6590, "effective_epoch": 0.18617413390800588, "loss": 1.6923198699951172, "grdn": 7.899085998535156, "lr": 5e-05, "seconds": 34.998135765083134, "memory_gb": 10.425317376}
{"event": "TRAIN", "step": 6600, "effective_epoch": 0.18645664397463413, "loss": 1.6884790658950806, "grdn": 7.782608985900879, "lr": 5e-05, "seconds": 36.79332493804395, "memory_gb": 10.425317376}
{"event": "TRAIN", "step": 6610, "effective_epoch": 0.18673915404126237, "loss": 1.7089996337890625, "grdn": 7.885138511657715, "lr": 5e-05, "seconds": 38.352855878998525, "memory_gb": 10.425317376}
{"event": "TRAIN", "step": 6620, "effective_epoch": 0.1870216641078906, "loss": 1.5848737955093384, "grdn": 6.926815032958984, "lr": 5e-05, "seconds": 41.32590137398802, "memory_gb": 10.425317376}
{"event": "TRAIN", "step": 6630, "effective_epoch": 0.18730417417451883, "loss": 1.7678085565567017, "grdn": 8.278093338012695, "lr": 5e-05, "seconds": 42.89260837400798, "memory_gb": 10.425317376}
{"event": "TRAIN", "step": 6640, "effective_epoch": 0.18758668424114705, "loss": 1.648959755897522, "grdn": 7.280149936676025, "lr": 5e-05, "seconds": 37.731051280978136, "memory_gb": 10.425317376}
{"event": "TRAIN", "step": 6650, "effective_epoch": 0.1878691943077753, "loss": 1.7173197269439697, "grdn": 7.093252658843994, "lr": 5e-05, "seconds": 48.046223365934566, "memory_gb": 10.425317376}
{"event": "TRAIN", "step": 6660, "effective_epoch": 0.18815170437440354, "loss": 1.6800296306610107, "grdn": 6.449454307556152, "lr": 5e-05, "seconds": 43.24433145392686, "memory_gb": 10.425317376}
{"event": "TRAIN", "step": 6670, "effective_epoch": 0.18843421444103176, "loss": 1.5962460041046143, "grdn": 7.189455986022949, "lr": 5e-05, "seconds": 40.292902025044896, "memory_gb": 10.425317376}
{"event": "TRAIN", "step": 6680, "effective_epoch": 0.18871672450766, "loss": 1.6381515264511108, "grdn": 7.354659080505371, "lr": 5e-05, "seconds": 41.692122312961146, "memory_gb": 10.425317376}
{"event": "TRAIN", "step": 6690, "effective_epoch": 0.18899923457428822, "loss": 1.606431007385254, "grdn": 6.835841178894043, "lr": 5e-05, "seconds": 37.47066669003107, "memory_gb": 10.425317376}
{"event": "TRAIN", "step": 6700, "effective_epoch": 0.18928174464091646, "loss": 1.644841194152832, "grdn": 7.264081001281738, "lr": 5e-05, "seconds": 42.68081419903319, "memory_gb": 10.425317376}
{"event": "TRAIN", "step": 6710, "effective_epoch": 0.1895642547075447, "loss": 1.7773759365081787, "grdn": 7.190230369567871, "lr": 5e-05, "seconds": 41.07112227298785, "memory_gb": 10.425317376}
{"event": "TRAIN", "step": 6720, "effective_epoch": 0.18984676477417292, "loss": 1.6253077983856201, "grdn": 7.10698938369751, "lr": 5e-05, "seconds": 41.91642748599406, "memory_gb": 10.425317376}
{"event": "TRAIN", "step": 6730, "effective_epoch": 0.19012927484080117, "loss": 1.581811785697937, "grdn": 6.501697540283203, "lr": 5e-05, "seconds": 33.058201225008816, "memory_gb": 10.425317376}
{"event": "TRAIN", "step": 6740, "effective_epoch": 0.1904117849074294, "loss": 1.6524959802627563, "grdn": 7.163629055023193, "lr": 5e-05, "seconds": 42.43236818094738, "memory_gb": 10.425317376}
{"event": "TRAIN", "step": 6750, "effective_epoch": 0.19069429497405763, "loss": 1.7120277881622314, "grdn": 7.33154296875, "lr": 5e-05, "seconds": 38.66607512894552, "memory_gb": 10.425317376}
{"event": "EVAL", "step": 6750, "effective_epoch": 0.19069429497405763, "train": {"frames": 1792, "episodes": 56, "ce": 1.4241312471151883, "mae": 0.004042292115432896, "rmse": 0.006045231934097592, "episode_mae": 0.004042292115432896, "baseline_mae": 0.05248346601729281, "baseline_rmse": 0.06225099910710391, "mae_remaining_seconds": 2.0052463753957452, "bias": 0.0001252919944688204, "crps": 0.003239808829854545, "entropy": 1.4375015436671674, "interval90_coverage": 0.9006696428571429, "interval90_width": 0.017792968410503818}, "test": {"frames": 1792, "episodes": 56, "ce": 3.1935775118846714, "mae": 0.01309218291414384, "rmse": 0.023223369107370644, "episode_mae": 0.01309218291414384, "baseline_mae": 0.05533733551939284, "baseline_rmse": 0.06688020310571469, "mae_remaining_seconds": 6.494595537609621, "bias": 0.0031660849057126533, "crps": 0.011025026433035887, "entropy": 1.4588385574586158, "interval90_coverage": 0.5217633928571429, "interval90_width": 0.019718191555771876}, "best_step": 6500, "best_episode_mae": 0.012242771616521557, "bad_evaluations": 1}
{"event": "TRAIN", "step": 6760, "effective_epoch": 0.19097680504068587, "loss": 1.6869004964828491, "grdn": 7.33892822265625, "lr": 5e-05, "seconds": 440.7399739889661, "memory_gb": 10.425317376}
{"event": "TRAIN", "step": 6770, "effective_epoch": 0.1912593151073141, "loss": 1.6377038955688477, "grdn": 7.186178684234619, "lr": 5e-05, "seconds": 48.162749188020825, "memory_gb": 10.425317376}
{"event": "TRAIN", "step": 6780, "effective_epoch": 0.19154182517394233, "loss": 1.6434913873672485, "grdn": 6.840664863586426, "lr": 5e-05, "seconds": 45.90361978090368, "memory_gb": 10.425317376}
{"event": "TRAIN", "step": 6790, "effective_epoch": 0.19182433524057058, "loss": 1.512133002281189, "grdn": 6.103965759277344, "lr": 5e-05, "seconds": 35.66924710001331, "memory_gb": 10.425317376}
{"event": "TRAIN", "step": 6800, "effective_epoch": 0.1921068453071988, "loss": 1.6496036052703857, "grdn": 7.233641624450684, "lr": 5e-05, "seconds": 40.29700544697698, "memory_gb": 10.425317376}
{"event": "TRAIN", "step": 6810, "effective_epoch": 0.19238935537382704, "loss": 1.596532940864563, "grdn": 7.203583717346191, "lr": 5e-05, "seconds": 34.60180411697365, "memory_gb": 10.425317376}
{"event": "TRAIN", "step": 6820, "effective_epoch": 0.19267186544045525, "loss": 1.6618282794952393, "grdn": 7.572378635406494, "lr": 5e-05, "seconds": 41.64386114093941, "memory_gb": 10.425317376}
{"event": "TRAIN", "step": 6830, "effective_epoch": 0.1929543755070835, "loss": 1.5753467082977295, "grdn": 7.60559606552124, "lr": 5e-05, "seconds": 35.26354970398825, "memory_gb": 10.425317376}
{"event": "TRAIN", "step": 6840, "effective_epoch": 0.19323688557371174, "loss": 1.6527049541473389, "grdn": 7.310597896575928, "lr": 5e-05, "seconds": 38.46185956906993, "memory_gb": 10.425317376}
{"event": "TRAIN", "step": 6850, "effective_epoch": 0.19351939564033996, "loss": 1.665370225906372, "grdn": 7.065557956695557, "lr": 5e-05, "seconds": 36.29754308494739, "memory_gb": 10.425317376}
{"event": "TRAIN", "step": 6860, "effective_epoch": 0.1938019057069682, "loss": 1.6792466640472412, "grdn": 7.075158596038818, "lr": 5e-05, "seconds": 40.33196140395012, "memory_gb": 10.425317376}
{"event": "TRAIN", "step": 6870, "effective_epoch": 0.19408441577359642, "loss": 1.6655089855194092, "grdn": 7.492051124572754, "lr": 5e-05, "seconds": 41.19271688791923, "memory_gb": 10.425317376}
{"event": "TRAIN", "step": 6880, "effective_epoch": 0.19436692584022466, "loss": 1.7085721492767334, "grdn": 7.192147254943848, "lr": 5e-05, "seconds": 42.74913578503765, "memory_gb": 10.425317376}
{"event": "TRAIN", "step": 6890, "effective_epoch": 0.1946494359068529, "loss": 1.7057520151138306, "grdn": 7.838005065917969, "lr": 5e-05, "seconds": 33.936087772017345, "memory_gb": 10.425317376}
{"event": "TRAIN", "step": 6900, "effective_epoch": 0.19493194597348112, "loss": 1.6263072490692139, "grdn": 6.881626129150391, "lr": 5e-05, "seconds": 42.02346285292879, "memory_gb": 10.425317376}
{"event": "TRAIN", "step": 6910, "effective_epoch": 0.19521445604010937, "loss": 1.602662444114685, "grdn": 6.522910118103027, "lr": 5e-05, "seconds": 39.517337979981676, "memory_gb": 10.425317376}
{"event": "TRAIN", "step": 6920, "effective_epoch": 0.1954969661067376, "loss": 1.5593549013137817, "grdn": 6.549429416656494, "lr": 5e-05, "seconds": 35.60727980500087, "memory_gb": 10.425317376}
{"event": "TRAIN", "step": 6930, "effective_epoch": 0.19577947617336583, "loss": 1.6270182132720947, "grdn": 7.824372291564941, "lr": 5e-05, "seconds": 33.02146228100173, "memory_gb": 10.425317376}
{"event": "TRAIN", "step": 6940, "effective_epoch": 0.19606198623999407, "loss": 1.6147342920303345, "grdn": 6.962399482727051, "lr": 5e-05, "seconds": 36.412045586970635, "memory_gb": 10.425317376}
{"event": "TRAIN", "step": 6950, "effective_epoch": 0.1963444963066223, "loss": 1.5935392379760742, "grdn": 6.310493469238281, "lr": 5e-05, "seconds": 35.565721819060855, "memory_gb": 10.425317376}
{"event": "TRAIN", "step": 6960, "effective_epoch": 0.19662700637325053, "loss": 1.6258615255355835, "grdn": 6.461585998535156, "lr": 5e-05, "seconds": 36.912061538081616, "memory_gb": 10.425317376}
{"event": "TRAIN", "step": 6970, "effective_epoch": 0.19690951643987878, "loss": 1.5271835327148438, "grdn": 6.78972864151001, "lr": 5e-05, "seconds": 38.87851415993646, "memory_gb": 10.425317376}
{"event": "TRAIN", "step": 6980, "effective_epoch": 0.197192026506507, "loss": 1.5632685422897339, "grdn": 6.6128034591674805, "lr": 5e-05, "seconds": 36.434637180995196, "memory_gb": 10.425317376}
{"event": "TRAIN", "step": 6990, "effective_epoch": 0.19747453657313524, "loss": 1.6306699514389038, "grdn": 7.466993808746338, "lr": 5e-05, "seconds": 45.56490058696363, "memory_gb": 10.425317376}
{"event": "TRAIN", "step": 7000, "effective_epoch": 0.19775704663976346, "loss": 1.589646816253662, "grdn": 7.4450788497924805, "lr": 5e-05, "seconds": 42.283537216018885, "memory_gb": 10.425317376}
{"event": "EVAL", "step": 7000, "effective_epoch": 0.19775704663976346, "train": {"frames": 1792, "episodes": 56, "ce": 1.418670806069193, "mae": 0.0038334615653963866, "rmse": 0.005610825077554014, "episode_mae": 0.0038334615653963866, "baseline_mae": 0.05248346601729281, "baseline_rmse": 0.06225099910710391, "mae_remaining_seconds": 1.9016525005409677, "bias": 0.0004478651028096335, "crps": 0.002815243967089844, "entropy": 1.4011537222457784, "interval90_coverage": 0.8928571428571429, "interval90_width": 0.017273995190667586}, "test": {"frames": 1792, "episodes": 56, "ce": 3.1773530931843976, "mae": 0.012438164996118368, "rmse": 0.021049467278898427, "episode_mae": 0.012438164996118368, "baseline_mae": 0.05533733551939284, "baseline_rmse": 0.06688020310571469, "mae_remaining_seconds": 6.170159049074452, "bias": 0.00404080135467666, "crps": 0.010385834483892202, "entropy": 1.4133587124524638, "interval90_coverage": 0.5412946428571429, "interval90_width": 0.018038504148405212}, "best_step": 6500, "best_episode_mae": 0.012242771616521557, "bad_evaluations": 2}
{"event": "TRAIN", "step": 7010, "effective_epoch": 0.1980395567063917, "loss": 1.5973613262176514, "grdn": 7.214159965515137, "lr": 5e-05, "seconds": 446.61607416695915, "memory_gb": 10.425317376}
{"event": "TRAIN", "step": 7020, "effective_epoch": 0.19832206677301994, "loss": 1.7489734888076782, "grdn": 7.801789283752441, "lr": 5e-05, "seconds": 42.574320993968286, "memory_gb": 10.425317376}
{"event": "TRAIN", "step": 7030, "effective_epoch": 0.19860457683964816, "loss": 1.6241527795791626, "grdn": 7.242395877838135, "lr": 5e-05, "seconds": 48.58741096302401, "memory_gb": 10.425317376}
{"event": "TRAIN", "step": 7040, "effective_epoch": 0.1988870869062764, "loss": 1.61885666847229, "grdn": 6.95223331451416, "lr": 5e-05, "seconds": 36.802935261046514, "memory_gb": 10.425317376}
{"event": "TRAIN", "step": 7050, "effective_epoch": 0.19916959697290462, "loss": 1.5912110805511475, "grdn": 6.840918064117432, "lr": 5e-05, "seconds": 40.74831528495997, "memory_gb": 10.425317376}
{"event": "TRAIN", "step": 7060, "effective_epoch": 0.19945210703953287, "loss": 1.5961679220199585, "grdn": 7.143807411193848, "lr": 5e-05, "seconds": 37.681514292024076, "memory_gb": 10.425317376}
{"event": "TRAIN", "step": 7070, "effective_epoch": 0.1997346171061611, "loss": 1.585993766784668, "grdn": 6.821549892425537, "lr": 5e-05, "seconds": 35.21014696301427, "memory_gb": 10.425317376}
{"event": "TRAIN", "step": 7080, "effective_epoch": 0.20001712717278933, "loss": 1.5573437213897705, "grdn": 7.234925746917725, "lr": 5e-05, "seconds": 40.16442888206802, "memory_gb": 10.425317376}
{"event": "TRAIN", "step": 7090, "effective_epoch": 0.20029963723941757, "loss": 1.5876494646072388, "grdn": 7.636534214019775, "lr": 5e-05, "seconds": 34.82608390995301, "memory_gb": 10.425317376}
W0907 11:27:07.496000 1908831 torch/distributed/elastic/multiprocessing/api.py:1010] Sending process 1908924 closing signal SIGTERM
W0907 11:27:07.505000 1908831 torch/distributed/elastic/multiprocessing/api.py:1010] Sending process 1908925 closing signal SIGTERM
W0907 11:27:07.507000 1908831 torch/distributed/elastic/multiprocessing/api.py:1010] Sending process 1908926 closing signal SIGTERM
W0907 11:27:07.509000 1908831 torch/distributed/elastic/multiprocessing/api.py:1010] Sending process 1908927 closing signal SIGTERM
Traceback (most recent call last):
  File "/data/experiments/value-demo3-20260906/venv-py312-torch210-cu128/lib/python3.12/site-packages/torch/distributed/elastic/agent/server/api.py", line 731, in run
    result = self._invoke_run(role)
             ^^^^^^^^^^^^^^^^^^^^^^
  File "/data/experiments/value-demo3-20260906/venv-py312-torch210-cu128/lib/python3.12/site-packages/torch/distributed/elastic/agent/server/api.py", line 908, in _invoke_run
    time.sleep(monitor_interval)
  File "/data/experiments/value-demo3-20260906/venv-py312-torch210-cu128/lib/python3.12/site-packages/torch/distributed/elastic/multiprocessing/api.py", line 86, in _terminate_process_handler
    raise SignalException(f"Process {os.getpid()} got signal: {sigval}", sigval=sigval)
torch.distributed.elastic.multiprocessing.api.SignalException: Process 1908831 got signal: 15

During handling of the above exception, another exception occurred:

Traceback (most recent call last):
  File "<frozen runpy>", line 198, in _run_module_as_main
  File "<frozen runpy>", line 88, in _run_code
  File "/data/experiments/value-demo3-20260906/venv-py312-torch210-cu128/lib/python3.12/site-packages/torch/distributed/run.py", line 995, in <module>
    main()
  File "/data/experiments/value-demo3-20260906/venv-py312-torch210-cu128/lib/python3.12/site-packages/torch/distributed/elastic/multiprocessing/errors/__init__.py", line 362, in wrapper
    return f(*args, **kwargs)
           ^^^^^^^^^^^^^^^^^^
  File "/data/experiments/value-demo3-20260906/venv-py312-torch210-cu128/lib/python3.12/site-packages/torch/distributed/run.py", line 991, in main
    run(args)
  File "/data/experiments/value-demo3-20260906/venv-py312-torch210-cu128/lib/python3.12/site-packages/torch/distributed/run.py", line 982, in run
    elastic_launch(
  File "/data/experiments/value-demo3-20260906/venv-py312-torch210-cu128/lib/python3.12/site-packages/torch/distributed/launcher/api.py", line 170, in __call__
    return launch_agent(self._config, self._entrypoint, list(args))
           ^^^^^^^^^^^^^^^^^^^^^^^^^^^^^^^^^^^^^^^^^^^^^^^^^^^^^^^^
  File "/data/experiments/value-demo3-20260906/venv-py312-torch210-cu128/lib/python3.12/site-packages/torch/distributed/launcher/api.py", line 308, in launch_agent
    result = agent.run()
             ^^^^^^^^^^^
  File "/data/experiments/value-demo3-20260906/venv-py312-torch210-cu128/lib/python3.12/site-packages/torch/distributed/elastic/metrics/api.py", line 134, in wrapper
    result = f(*args, **kwargs)
             ^^^^^^^^^^^^^^^^^^
  File "/data/experiments/value-demo3-20260906/venv-py312-torch210-cu128/lib/python3.12/site-packages/torch/distributed/elastic/agent/server/api.py", line 739, in run
    logger.warning("Received %s death signal, shutting down workers", e.sigval)
  File "/usr/lib/python3.12/logging/__init__.py", line 1541, in warning
    def warning(self, msg, *args, **kwargs):

  File "/data/experiments/value-demo3-20260906/venv-py312-torch210-cu128/lib/python3.12/site-packages/torch/distributed/elastic/multiprocessing/api.py", line 86, in _terminate_process_handler
    raise SignalException(f"Process {os.getpid()} got signal: {sigval}", sigval=sigval)
torch.distributed.elastic.multiprocessing.api.SignalException: Process 1908831 got signal: 1
