step,episode,mae,rmse,bias,p95_absolute_error,spearman,kendall,sampled_reverse_fraction,sampled_delta_mae,terminal_abs_error
250,11,0.05548174762225244,0.06250886157330632,-0.05548174762225244,0.09752355255186558,0.9618768328445747,0.8266129032258066,0.4838709677419355,0.016861148418918732,0.03205369785428047
250,23,0.02912954789644573,0.03349331053442072,-0.028714276748360135,0.0517862930893898,0.9780058651026392,0.9072580645161292,0.2903225806451613,0.012867156326049758,0.03141660988330841
250,40,0.03185769599804189,0.04198205278292761,-0.03167867065349128,0.08953276202082633,0.9681085043988268,0.870967741935484,0.2903225806451613,0.01446147470344459,0.029492439702153206
250,43,0.055227094737347215,0.061908397527913286,-0.055227094737347215,0.09957121908664703,0.9464809384164222,0.8266129032258066,0.3870967741935484,0.022965039937726913,0.029565900564193726
250,58,0.03759591461857781,0.04666839598209989,-0.03751512471353635,0.09077041186392307,0.9769061583577712,0.8870967741935486,0.3870967741935484,0.013246163485511657,0.03119942918419838
250,62,0.044993127550696954,0.05495859508502187,-0.044993127550696954,0.10577775426208973,0.971407624633431,0.8629032258064517,0.41935483870967744,0.0165541140482791,0.031155578792095184
250,63,0.0377943381172372,0.051222008762590414,-0.03761837682395708,0.10720864981412886,0.973973607038123,0.8750000000000001,0.3548387096774194,0.014098998880194079,0.02986828237771988
250,84,0.06886112914071418,0.07969809058390026,-0.06886112914071418,0.12847388722002506,0.9549120234604106,0.8185483870967744,0.3870967741935484,0.014539199851212962,0.0345892496407032
250,86,0.05748320122802397,0.07016769638709851,-0.05748320122802397,0.13034857250750065,0.9468475073313781,0.806451612903226,0.45161290322580644,0.016755158877781322,0.033191755414009094
250,90,0.05827278354263399,0.06561494975995505,-0.05827278354263399,0.1063806613907218,0.9692082111436949,0.866935483870968,0.3225806451612903,0.011281970137309643,0.03393175080418587
250,99,0.0610236149514094,0.07281126389561067,-0.0610236149514094,0.1243082445114851,0.9853372434017593,0.9112903225806452,0.3548387096774194,0.01132320889061497,0.03170112147927284
250,171,0.06991973616823088,0.08347144730925364,-0.06991973616823088,0.14675125554203988,0.9871700879765395,0.9193548387096776,0.3225806451612903,0.014424834670799394,0.031314946711063385
250,180,0.03565247391088633,0.050845589560521924,-0.03548677858634619,0.11303807199001312,0.9578445747800585,0.8427419354838711,0.2903225806451613,0.012975733501896743,0.030077312141656876
250,182,0.06426196239772253,0.07488886928794697,-0.06426196239772253,0.1367249496281147,0.9772727272727272,0.8870967741935486,0.3225806451612903,0.012524894168300013,0.03312575817108154
250,195,0.07339331831462914,0.08924059937433912,-0.07339331831462914,0.16247291639447212,0.9915689149560116,0.935483870967742,0.3225806451612903,0.010885565736961941,0.03085262142121792
250,196,0.04619394640758401,0.05612518225730479,-0.04619394640758401,0.12062982730567454,0.9640762463343108,0.8508064516129034,0.3870967741935484,0.014699250264393707,0.031952083110809326
250,205,0.06425588026468176,0.07682262337290288,-0.06425588026468176,0.14178872555494307,0.9648093841642228,0.8588709677419356,0.3870967741935484,0.01922997198398075,0.030963234603405
250,209,0.06270653942920035,0.0760343234931494,-0.06270653942920035,0.14747203178703785,0.9754398826979471,0.8911290322580646,0.2903225806451613,0.014555091263666269,0.031498029828071594
250,216,0.06437015421397518,0.07591181760354634,-0.06437015421397518,0.13388815782964228,0.9813049853372433,0.899193548387097,0.3225806451612903,0.011533221410166833,0.03441169112920761
250,222,0.08434305022819899,0.09252310421945495,-0.08434305022819899,0.14836479760706425,0.9211876832844573,0.7782258064516131,0.3870967741935484,0.025289079564954003,0.05012627691030502
250,230,0.049209766926651355,0.06251214210656084,-0.04732790160778677,0.11892099417746066,0.8951612903225805,0.7459677419354841,0.41935483870967744,0.02228643088751743,0.030371103435754776
250,242,0.07844313654641155,0.09053858389606637,-0.07844313654641155,0.14590907506644726,0.9769061583577712,0.8750000000000001,0.45161290322580644,0.01878418355819679,0.030650027096271515
250,255,0.06548223986465018,0.07461827911849363,-0.06414735030557495,0.10816858001053332,0.9277859237536655,0.8104838709677421,0.3548387096774194,0.01919296065405492,0.031229292973876
250,257,0.05627617771096993,0.06607442276431857,-0.05627617771096993,0.12004384323954581,0.9662756598240468,0.870967741935484,0.2903225806451613,0.015285249228679364,0.02989649586379528
250,266,0.0756885203809361,0.08775159110873268,-0.0756885203809361,0.14809429943561553,0.93841642228739,0.8104838709677421,0.41935483870967744,0.020313891672318982,0.030960336327552795
250,277,0.041957450594054535,0.04859105829509223,-0.015631490881787613,0.08575219735503196,0.8159824046920819,0.6612903225806452,0.41935483870967744,0.03419410893993993,0.03345416486263275
250,281,0.05297237867489457,0.06255638823327735,-0.05297237867489457,0.11224273070693015,0.9171554252199411,0.7822580645161291,0.45161290322580644,0.02112143835233104,0.03220696374773979
250,305,0.07841421503690071,0.08850985012680693,-0.07841421503690071,0.1382351227104664,0.8390762463343108,0.6572580645161291,0.41935483870967744,0.01883309382584787,0.031565770506858826
250,313,0.04873819593922235,0.05910295413095421,-0.048045338509837165,0.11031605340540408,0.8826979472140761,0.7298387096774195,0.41935483870967744,0.021474267265969706,0.02974877506494522
250,314,0.056908462051069364,0.06509572755877653,-0.056908462051069364,0.1064264364540577,0.8951612903225805,0.7419354838709679,0.3870967741935484,0.020693618503789746,0.029376141726970673
250,323,0.06396736224996857,0.07551903801777467,-0.06396736224996857,0.13084864765405654,0.8614369501466275,0.6975806451612904,0.3870967741935484,0.022419808252203847,0.029976366087794304
250,329,0.06007902364945039,0.06950418360231045,-0.06007902364945039,0.1247724775224924,0.8793988269794721,0.7540322580645162,0.22580645161290322,0.019954658804401275,0.031183820217847824
250,341,0.06171652411285322,0.07126409508369869,-0.06171652411285322,0.12239711359143257,0.9043255131964808,0.7580645161290324,0.3225806451612903,0.024449769377468095,0.032381970435380936
250,357,0.058211353520164266,0.06817379130664933,0.0027378542290534824,0.11192611902952193,0.848973607038123,0.6814516129032259,0.45161290322580644,0.02823066693400183,0.031626053154468536
250,362,0.03867274921503849,0.048208394707678015,-0.034713271335931495,0.08199014663696289,0.9336510263929617,0.7822580645161291,0.45161290322580644,0.02348171967652536,0.031755480915308
250,391,0.04115977082983591,0.04893636494253056,0.022757402242859825,0.08466870114207267,0.8881964809384164,0.713709677419355,0.3548387096774194,0.031236101963347005,0.03270546346902847
250,418,0.03854886195767904,0.0463670307064231,-0.03854886195767904,0.10078524202108383,0.9409824046920819,0.806451612903226,0.3548387096774194,0.012235740289813089,0.03052438423037529
250,420,0.04012219158175867,0.04822770119529678,-0.04012219158175867,0.1001868177205324,0.9098240469208211,0.7862903225806454,0.3225806451612903,0.0122311323460552,0.030123911798000336
250,422,0.03633735060429899,0.04316859919229048,-0.03633735060429899,0.09722322151064872,0.9527126099706745,0.8548387096774194,0.2903225806451613,0.0075801627770546946,0.03201001137495041
250,435,0.026907431674771942,0.03298347207265033,-0.026172249359660782,0.0585991434752941,0.9387829912023459,0.8145161290322581,0.3870967741935484,0.010065334158078316,0.030164625495672226
250,441,0.053005445886810776,0.06788753205517209,-0.052961958943342324,0.13994189053773878,0.8706011730205279,0.7056451612903227,0.3870967741935484,0.03050056117917261,0.03137084096670151
250,450,0.03526546479406534,0.04343930391835221,-0.03526546479406534,0.09790453128516674,0.9505131964809382,0.8346774193548387,0.3870967741935484,0.012576427971643786,0.03133095055818558
250,451,0.036453049804549664,0.046750302524055626,-0.036453049804549664,0.11347724013030529,0.970674486803519,0.866935483870968,0.41935483870967744,0.010779821644386938,0.029773971065878868
250,466,0.02816366079787258,0.037976188900169454,-0.026862245533266105,0.08685744442045687,0.9461143695014661,0.8185483870967744,0.3548387096774194,0.01698606121804445,0.030993014574050903
250,470,0.025158839103823993,0.0349381758667636,-0.02510936166072497,0.087921953946352,0.9615102639296188,0.8467741935483872,0.3870967741935484,0.013932612334047594,0.03014882281422615
250,474,0.04648205255944049,0.055000781237613414,-0.04648205255944049,0.11413134858012199,0.972507331378299,0.8870967741935486,0.3225806451612903,0.01240196080517865,0.030519817024469376
250,484,0.034652621630812064,0.04323181102241568,-0.0012255112233106047,0.08063776828348636,0.8907624633431085,0.7379032258064517,0.3870967741935484,0.028865521473269307,0.03369820490479469
250,489,0.02497081703040749,0.03325724159907633,-0.0012757800286635756,0.06301776990294455,0.9204545454545453,0.7903225806451614,0.3870967741935484,0.02470987356237827,0.03124554641544819
250,497,0.043187611969187856,0.048514395473727726,-0.043187611969187856,0.08823387175798415,0.9593108504398827,0.838709677419355,0.3548387096774194,0.015453103208734144,0.03059099242091179
250,500,0.027536628127563745,0.03223177505387077,-0.015821045555640012,0.05607407465577125,0.9659090909090909,0.8588709677419356,0.3548387096774194,0.019448968551812634,0.03154866769909859
250,502,0.036607048619771376,0.04587420137480229,-0.03483038643025793,0.08637594692409038,0.9281524926686217,0.7782258064516131,0.3870967741935484,0.02160497286146687,0.03136196732521057
250,529,0.0323691275116289,0.03877422770625701,-0.030938582509406842,0.0692439466714859,0.9325513196480938,0.7822580645161291,0.41935483870967744,0.01993803544751098,0.030993234366178513
250,544,0.047329407039796934,0.05591245209558495,-0.047329407039796934,0.11271143406629562,0.970307917888563,0.866935483870968,0.3548387096774194,0.015318240309434553,0.030041566118597984
250,545,0.034937531730975024,0.043015152570553994,-0.034937531730975024,0.10090693309903143,0.9831378299120233,0.9153225806451614,0.2903225806451613,0.008767466331201216,0.03100360929965973
250,548,0.04461376943072537,0.0516273487894591,-0.04461376943072537,0.10710497088730334,0.9494134897360703,0.8467741935483872,0.3870967741935484,0.011481931403038962,0.03061486966907978
250,556,0.0433628608516301,0.05392814681689021,-0.0433628608516301,0.11210836805403232,0.9299853372434018,0.8024193548387097,0.3548387096774194,0.02282129035842034,0.030003603547811508
500,11,0.013030427318881266,0.016679155938343005,0.00499494509131182,0.03281097710132599,0.9681085043988268,0.8790322580645162,0.25806451612903225,0.009649638597282672,0.00935439020395279
500,23,0.02316453530511353,0.0307745642798618,0.021390080786659382,0.06036817096173763,0.9545454545454545,0.8548387096774194,0.3870967741935484,0.010700901038944721,0.009229439310729504
500,40,0.01576557975204196,0.019846380271350276,0.013889283887692727,0.03697524294257163,0.9875366568914956,0.9193548387096776,0.3225806451612903,0.005032696430721591,0.008789163082838058
500,43,0.015346201485954225,0.018421542135341012,0.003947128192521632,0.034783557057380676,0.9699413489736071,0.870967741935484,0.3548387096774194,0.006681453076101119,0.017527244985103607
500,58,0.015183601004537195,0.01923727777189661,0.013424297387246042,0.03583176396787167,0.9890029325513194,0.9233870967741936,0.3870967741935484,0.005358582182276634,0.009204376488924026
500,62,0.007250815338920802,0.00878622203330486,-0.0027301632217131555,0.01633416675031185,0.9761730205278591,0.899193548387097,0.3225806451612903,0.005531457493141774,0.008964704349637032
500,63,0.011167578530148603,0.013996562270583227,0.007060637450194918,0.024257173389196394,0.9593108504398827,0.8427419354838711,0.3870967741935484,0.008956562066751142,0.008811372332274914
500,84,0.016730079980334267,0.01978305329112118,-0.016730079980334267,0.03638707008212805,0.9765395894428152,0.9072580645161292,0.22580645161290322,0.005775881210161793,0.009015506133437157
500,86,0.010437027689476963,0.011693038682189854,-0.010333864855056163,0.018743946775794027,0.9846041055718473,0.903225806451613,0.45161290322580644,0.005772739288307006,0.009239803068339825
500,90,0.013422584001091309,0.015167594522231848,-0.013422584001091309,0.028733117319643498,0.9596774193548386,0.8508064516129034,0.3225806451612903,0.006160318941598938,0.009373662993311882
500,99,0.01246279600309208,0.01363817702373851,-0.01246279600309208,0.024377463944256304,0.9926686217008798,0.9516129032258066,0.22580645161290322,0.00360959978593934,0.009041136130690575
500,171,0.01867189870972652,0.021139665020801154,-0.01867189870972652,0.03521155454218387,0.9798387096774193,0.9072580645161292,0.22580645161290322,0.005489967703338592,0.009034893475472927
500,180,0.010776270319183823,0.012405246393439795,0.006218704838829581,0.020709140598773955,0.9670087976539589,0.866935483870968,0.3225806451612903,0.005293326677694436,0.008855652995407581
500,182,0.015466535376617685,0.016856775297400685,-0.015164110256591812,0.02644547950476408,0.9820381231671553,0.9072580645161292,0.3548387096774194,0.005329783405027082,0.009148212149739265
500,195,0.02064604787301505,0.023420172407575355,-0.02064604787301505,0.04054901711642742,0.9824046920821112,0.899193548387097,0.3548387096774194,0.0055196749707383495,0.008971517905592918
500,196,0.009387290912854951,0.011319563546807201,-0.007819883401680272,0.020608714781701565,0.9549120234604106,0.8427419354838711,0.2903225806451613,0.003952286972273742,0.008998291566967964
500,205,0.013319991747266613,0.01579778754294314,-0.01289681157504674,0.027737840637564657,0.9593108504398827,0.8548387096774194,0.3225806451612903,0.008750661576707517,0.009117301553487778
500,209,0.01384853227500571,0.01579982221600444,-0.00964151665539248,0.030573670566081998,0.875733137829912,0.7862903225806454,0.3870967741935484,0.008399730773582574,0.008988157846033573
500,216,0.00906406577269081,0.01060760982612558,-0.00871997328067664,0.01744309030473232,0.9849706744868034,0.9233870967741936,0.25806451612903225,0.005752595441956674,0.00911005213856697
500,222,0.024856353615177795,0.026932602982147287,-0.0245933530095499,0.03879737742245197,0.9567448680351905,0.8427419354838711,0.3548387096774194,0.010803716918153147,0.026071399450302124
500,230,0.012690881667367648,0.015035535957445473,0.0011138014451717027,0.025838936120271678,0.9303519061583577,0.7741935483870969,0.4838709677419355,0.01517328130261552,0.00891316868364811
500,242,0.01599316952342633,0.019030034247784506,-0.01545577975048218,0.036706474144011736,0.9578445747800585,0.8346774193548387,0.3548387096774194,0.009336950077164558,0.008847076445817947
500,255,0.008328040115884505,0.009913768021627758,-0.0009785357251530513,0.018485862016677852,0.970674486803519,0.8629032258064517,0.45161290322580644,0.00983007934184805,0.009083365090191364
500,257,0.009244456552551128,0.011320210938558891,-0.008403194267884828,0.02017608173191547,0.974706744868035,0.8830645161290324,0.2903225806451613,0.005612392999952839,0.008796930313110352
500,266,0.011235072095587384,0.013811387032340163,-0.010290283062204253,0.02712396699935198,0.9571114369501464,0.8427419354838711,0.3548387096774194,0.007342625379322037,0.009266949258744717
500,277,0.02823014001478441,0.03795621455428548,0.017573222488863394,0.08558954931795595,0.9134897360703812,0.7862903225806454,0.3548387096774194,0.026542463159609224,0.010016278363764286
500,281,0.022565092949662358,0.02800024660628588,-0.021750227839220315,0.05673784613609313,0.9798387096774193,0.8951612903225807,0.3225806451612903,0.013100577097746634,0.01048218086361885
500,305,0.0457024188071955,0.05041901181884803,-0.0457024188071955,0.07057150825858116,0.9908357771260996,0.9435483870967742,0.22580645161290322,0.009509150299333757,0.00901082344353199
500,313,0.014280488947406411,0.017891028713184022,-0.00328852329403162,0.030777887441217896,0.9857038123167154,0.9274193548387099,0.1935483870967742,0.010143437272598666,0.009527822956442833
500,314,0.02192748532979749,0.026075947178380264,-0.01572440573363565,0.046673464588820934,0.9571114369501464,0.8588709677419356,0.3225806451612903,0.015591149849276389,0.010197542607784271
500,323,0.0261186653515324,0.02974000349331494,-0.025780449737794697,0.04790928214788436,0.9805718475073312,0.9072580645161292,0.3225806451612903,0.009545600612557704,0.00967788603156805
500,329,0.019654131203424186,0.02343174341393466,-0.012612317863386124,0.040560379251837725,0.9633431085043987,0.870967741935484,0.2903225806451613,0.02010483976693884,0.010199972428381443
500,341,0.014743377032573335,0.019253286107896863,-0.011410435239668004,0.03630314320325851,0.971041055718475,0.8790322580645162,0.3548387096774194,0.014166353570838128,0.009122045710682869
500,357,0.048392133408924565,0.06436212291085991,0.031180667836451903,0.13050815016031264,0.9596774193548386,0.870967741935484,0.3225806451612903,0.019930850714445114,0.011440256610512733
500,362,0.02113460307009518,0.02744016063177681,0.007847390370443463,0.05372287109494209,0.9475806451612904,0.8185483870967744,0.3870967741935484,0.016193063539122383,0.010724366642534733
500,391,0.057443889847490937,0.07035713247743988,0.055799096066039056,0.10718061048537493,0.9241202346041054,0.7741935483870969,0.3870967741935484,0.02688548140107624,0.010589073412120342
500,418,0.005371065730287228,0.006950868433107823,-0.0032837411054060794,0.0159922962076962,0.9901026392961876,0.9395161290322582,0.25806451612903225,0.0031652325884469093,0.008843211457133293
500,420,0.010144196290639229,0.011546423167643734,-0.010084479654324241,0.020176659151911736,0.9882697947214076,0.931451612903226,0.25806451612903225,0.004288772601754435,0.008867823518812656
500,422,0.01183687196316896,0.012979999465983523,-0.01156801310571609,0.019218037836253643,0.9743401759530791,0.8911290322580646,0.25806451612903225,0.005055110556103529,0.008832510560750961
500,435,0.004642952073481865,0.005992997401978944,-0.0013766967022093013,0.011379179544746874,0.9875366568914956,0.9233870967741936,0.2903225806451613,0.003913433561401982,0.008813811466097832
500,441,0.011117996902612504,0.013075363421336047,-0.008031194818613585,0.021640056185424326,0.9369501466275659,0.7983870967741937,0.3870967741935484,0.009125104053847252,0.008817382156848907
500,450,0.008086138048383873,0.008996299165559062,-0.007716902990068775,0.014927246049046515,0.9846041055718473,0.9233870967741936,0.2903225806451613,0.004468956661801185,0.00881112553179264
500,451,0.007445965253282338,0.008685252279203628,-0.007063006225507706,0.015169761329889297,0.9871700879765395,0.9193548387096776,0.3225806451612903,0.004773092065607348,0.008835108950734138
500,466,0.010414688687887974,0.01414130151760311,0.007345905803958885,0.027657546103000634,0.9347507331378296,0.806451612903226,0.3225806451612903,0.00764657917522615,0.008795076981186867
500,470,0.00944482355407672,0.011264717507506187,0.008253714819147717,0.019232165068387985,0.9871700879765395,0.9193548387096776,0.3225806451612903,0.004620186774240386,0.008839263580739498
500,474,0.011008425928594079,0.01177388750032588,-0.011008425928594079,0.017030813358724115,0.9904692082111435,0.935483870967742,0.2903225806451613,0.0036188805656087015,0.008935114368796349
500,484,0.0456263413943816,0.05658716503174272,0.04234137895400636,0.0951640285551548,0.9736070381231671,0.8870967741935486,0.3225806451612903,0.012546156803446432,0.011036237701773643
500,489,0.02817649519420229,0.03348078677419205,0.027086622692877427,0.06363093741238117,0.9864369501466274,0.931451612903226,0.1935483870967742,0.013288130983710289,0.010511411353945732
500,497,0.013328601664397866,0.016832728639697033,-0.007021826284471899,0.03605152554810047,0.9681085043988268,0.8830645161290324,0.2903225806451613,0.01405455935145578,0.010585816577076912
500,500,0.02501654828665778,0.03144175695517968,0.02393007423961535,0.05745798349380493,0.9824046920821112,0.899193548387097,0.3548387096774194,0.012282235908412164,0.01065884344279766
500,502,0.013279683684231713,0.020524867622938592,0.009112356725381687,0.02651404850184917,0.970307917888563,0.9072580645161292,0.25806451612903225,0.016045545558294943,0.010745715349912643
500,529,0.01715743033855688,0.02212170120067181,0.0008569224301027134,0.042849676683545106,0.9428152492668621,0.8225806451612904,0.3548387096774194,0.018659664618392146,0.011434393934905529
500,544,0.017766207311069593,0.01954425076855033,-0.01715274478192441,0.028725166618824002,0.9754398826979471,0.8911290322580646,0.2903225806451613,0.006699413121227295,0.008840249851346016
500,545,0.008183692014426924,0.009370543716952711,-0.007814013646566309,0.01593769360333681,0.9875366568914956,0.9233870967741936,0.2903225806451613,0.005270332278263184,0.008955847471952438
500,548,0.011492552475829143,0.013614464728127303,-0.011492552475829143,0.0231656689196825,0.9611436950146627,0.870967741935484,0.25806451612903225,0.004712035939578087,0.008805696852505207
500,556,0.008267217745014932,0.009656387387669517,-0.005492368327395525,0.015499173291027546,0.972140762463343,0.8951612903225807,0.22580645161290322,0.004962931717595746,0.008774219080805779
750,11,0.019858423591358587,0.027306666138417226,0.013784594339085743,0.052522776555269955,0.9549120234604106,0.8467741935483872,0.41935483870967744,0.011257325329126851,0.007154494524002075
750,23,0.03184434569266159,0.038901073236199984,0.03139477477816399,0.07111516743898391,0.9648093841642228,0.870967741935484,0.3548387096774194,0.01002569867658519,0.006483073811978102
750,40,0.014584405449568294,0.01861225438809352,0.01357871423533652,0.036093198135495184,0.9941348973607038,0.9475806451612905,0.3225806451612903,0.0060862824921646425,0.0066542960703372955
750,43,0.013933644397184253,0.016856222727681558,-0.0012697617057710886,0.030195065215229987,0.9541788856304986,0.8225806451612904,0.4838709677419355,0.009593955511527677,0.011397356167435646
750,58,0.010319377499399707,0.012459090160570906,0.0087240950379055,0.021800587326288222,0.9879032258064515,0.931451612903226,0.2903225806451613,0.006160063999554803,0.006482833065092564
750,62,0.0057745562080526724,0.007080538562828714,0.0023002719244686887,0.013116417452692986,0.9838709677419353,0.9233870967741936,0.22580645161290322,0.005567423773989562,0.006512990687042475
750,63,0.010439906473038718,0.013222526933155173,0.0080295238585677,0.024121152237057686,0.972873900293255,0.8870967741935486,0.3225806451612903,0.009322428865538489,0.006727508269250393
750,84,0.012020020367344841,0.015024387889969258,-0.011642087047221139,0.02962958142161369,0.9618768328445747,0.870967741935484,0.2903225806451613,0.005442245082268792,0.006840902380645275
750,86,0.008518831084074918,0.011023887918008053,-0.007384685544820968,0.02063907906413078,0.9794721407624633,0.8870967741935486,0.41935483870967744,0.008573433549533929,0.006880216766148806
750,90,0.011682303054840304,0.015405194603024334,-0.011682303054840304,0.030027055926620954,0.9255865102639295,0.8024193548387097,0.3548387096774194,0.008962124015294736,0.006975550204515457
750,99,0.012062088775564916,0.013482022242517041,-0.011902799320523627,0.020502582564949988,0.9879032258064515,0.9395161290322582,0.1935483870967742,0.005389063153415918,0.006579035427421331
750,171,0.018593420885736123,0.02092995093065161,-0.018593420885736123,0.031221562623977656,0.9890029325513194,0.935483870967742,0.25806451612903225,0.005435762145826893,0.006819350644946098
750,180,0.010204499289102387,0.011687732886092383,0.007262953447934706,0.022961080260574817,0.9681085043988268,0.8790322580645162,0.25806451612903225,0.005766268954762528,0.0068596042692661285
750,182,0.014909672812791541,0.017579472403056764,-0.014837736642220989,0.03155271969735622,0.970674486803519,0.8629032258064517,0.3870967741935484,0.005682684240802642,0.0065750181674957275
750,195,0.01712937164847972,0.01957318765154754,-0.01712937164847972,0.03213098496198654,0.9897360703812315,0.9395161290322582,0.25806451612903225,0.005229096348968244,0.0064318543300032616
750,196,0.008014470593479928,0.009527622693779254,-0.005609979176369961,0.017067408747971056,0.9776392961876832,0.903225806451613,0.22580645161290322,0.0041572775301193035,0.006463306024670601
750,205,0.01241184797254391,0.01522989704042197,-0.01162985191331245,0.02496262528002262,0.9604105571847507,0.8548387096774194,0.2903225806451613,0.009488085209722481,0.0069454084150493145
750,209,0.014727824142028112,0.017564878682675825,-0.014538242721755523,0.03175872210413218,0.9772727272727272,0.8830645161290324,0.3870967741935484,0.007685196676081227,0.0063066198490560055
750,216,0.006205478639458306,0.00804710574105769,-0.00576985529914964,0.016930016130208964,0.9912023460410555,0.9395161290322582,0.2903225806451613,0.005300850577412113,0.006528260186314583
750,222,0.017852126475190744,0.019655290590279095,-0.016593940294114873,0.031985989212989806,0.9571114369501464,0.8588709677419356,0.3548387096774194,0.009392810144251394,0.016228394582867622
750,230,0.012300954396778252,0.015549975759386138,-0.0020099153844057582,0.028383702784776685,0.911656891495601,0.7580645161290324,0.41935483870967744,0.01648940984159708,0.006502434611320496
750,242,0.014274763685534708,0.017673991795275977,-0.013411903215455823,0.03182468339800834,0.973973607038123,0.8750000000000001,0.3870967741935484,0.00748084791966023,0.006758175790309906
750,255,0.011517115708556958,0.014076881878137765,-0.0014745893568033352,0.025440877210348843,0.9490469208211144,0.8225806451612904,0.2903225806451613,0.009677692646941832,0.006388550624251366
750,257,0.01080757511954289,0.012842167360260963,-0.010227600272628479,0.02155744843184948,0.9827712609970674,0.9153225806451614,0.2903225806451613,0.0075512047586662155,0.006515031214803457
750,266,0.012327133496000897,0.015986639196887455,-0.012217286326631438,0.028744135238230224,0.9468475073313781,0.806451612903226,0.3548387096774194,0.007266199081054618,0.006673583295196295
750,277,0.03719618287868798,0.04789569573759956,0.028712565544992685,0.09330291822552679,0.9314516129032256,0.8185483870967744,0.3870967741935484,0.02189431462677256,0.008667639456689358
750,281,0.014079069078434259,0.018313510342297074,-0.006448360916692764,0.03926384523510932,0.9816715542521994,0.8951612903225807,0.3870967741935484,0.013454636108250387,0.008284333162009716
750,305,0.02835076124756597,0.0330972461709689,-0.02835076124756597,0.05616995170712471,0.9897360703812315,0.9516129032258066,0.12903225806451613,0.009192131339542328,0.007416104897856712
750,313,0.024702957540284842,0.03187866544955501,0.01827460719505325,0.06125790551304817,0.9787390029325512,0.8830645161290324,0.3870967741935484,0.010881694123869943,0.007138452492654324
750,314,0.024703000381123275,0.030527583385489065,0.006429014552850276,0.05802598297595976,0.9182551319648092,0.7862903225806454,0.3225806451612903,0.01818079630573911,0.006602459587156773
750,323,0.00977657432667911,0.011672970628361317,-0.004212988307699561,0.02006219811737537,0.9908357771260996,0.9395161290322582,0.25806451612903225,0.0077937462877842685,0.007349494844675064
750,329,0.023841379734221846,0.029052394989577887,0.014468766690697521,0.056067757308483124,0.9626099706744867,0.8629032258064517,0.2903225806451613,0.013706566765904427,0.00711333192884922
750,341,0.015056852993438952,0.020448151658761213,-0.006432392910937779,0.040915858745574935,0.9508797653958944,0.8306451612903227,0.41935483870967744,0.018462156982070977,0.007008021231740713
750,357,0.04756048889248632,0.06537668512626932,0.034694059198955074,0.12989574372768403,0.9695747800586508,0.870967741935484,0.3870967741935484,0.01794450982443748,0.009690174832940102
750,362,0.03074295204714872,0.04315287090455423,0.022804457548772916,0.09851468056440353,0.9248533724340174,0.7903225806451614,0.2903225806451613,0.016770414767726775,0.009594060480594635
750,391,0.06242279245634563,0.07643518043767708,0.06019200672744773,0.12609835565090177,0.9149560117302052,0.7580645161290324,0.41935483870967744,0.025379703680594123,0.011553232558071613
750,418,0.00643648952973308,0.007943820819571176,-0.006428620785300154,0.013557591848075388,0.9853372434017593,0.9193548387096776,0.22580645161290322,0.004697508449035306,0.007011907175183296
750,420,0.010538750560954213,0.012997525506411558,-0.010435791569761932,0.0217013044282794,0.9871700879765395,0.9274193548387099,0.25806451612903225,0.0056290521676982605,0.006515602581202984
750,422,0.011921717938093934,0.013638986481038867,-0.011089206826000009,0.022281076386570932,0.9791055718475072,0.899193548387097,0.2903225806451613,0.006229243887167784,0.007063786033540964
750,435,0.005285144899971783,0.006746173999008017,0.00041585369035601616,0.013576548732817172,0.9783724340175952,0.9112903225806452,0.1935483870967742,0.00410107716978077,0.006603325251489878
750,441,0.008630598335003015,0.010878155259082669,-0.0058462401138967834,0.020772959291934963,0.9464809384164222,0.8145161290322581,0.3548387096774194,0.008743458998299414,0.007104780524969101
750,450,0.00938928857067367,0.010795934097221248,-0.009389118662511464,0.018378702551126478,0.9908357771260996,0.9435483870967742,0.25806451612903225,0.0041097953705297365,0.006924627814441919
750,451,0.006388505760696717,0.00877355564370986,-0.005672068349667825,0.017622754350304602,0.9890029325513194,0.931451612903226,0.2903225806451613,0.005438274012938622,0.006644085049629211
750,466,0.008948242291808128,0.011188250014336185,0.0049903676845133305,0.02367979157716036,0.9560117302052785,0.8427419354838711,0.3225806451612903,0.007340174498817613,0.007067068479955196
750,470,0.009641954013204668,0.01114283444361289,0.008714187708392274,0.019240906834602355,0.9780058651026392,0.8830645161290324,0.3870967741935484,0.004970986606372941,0.006845924071967602
750,474,0.010592080237984192,0.012211953133806467,-0.010592080237984192,0.021406765468418597,0.9871700879765395,0.935483870967742,0.1935483870967742,0.003587601436001639,0.006836078129708767
750,484,0.05135221328237094,0.06303808537261843,0.04264198042801581,0.10465229526162148,0.9629765395894426,0.8588709677419356,0.3225806451612903,0.011592130086595012,0.009064735844731331
750,489,0.03569231147412211,0.04363357702003723,0.03434455092065036,0.07395091280341147,0.9824046920821112,0.9112903225806452,0.3548387096774194,0.012951847406164292,0.010225631296634674
750,497,0.01134345622267574,0.014777119159028414,0.0006909099174663424,0.029202292487025258,0.972873900293255,0.8790322580645162,0.3225806451612903,0.012063321627436145,0.010075168684124947
750,500,0.03451771233812906,0.04239576136193955,0.03272621039650403,0.07182067707180977,0.9864369501466274,0.9233870967741936,0.2903225806451613,0.012836851930666355,0.010012769140303135
750,502,0.014908463053870946,0.018400914190782953,0.010322410671506077,0.03773983269929885,0.9849706744868034,0.9153225806451614,0.2903225806451613,0.010391711047099482,0.010183500126004219
750,529,0.019798685258137994,0.024965000149235705,-0.0021637365425704047,0.043799363821744916,0.970307917888563,0.8629032258064517,0.41935483870967744,0.01561259940987633,0.0106201758608222
750,544,0.016746626832173206,0.019291573979248758,-0.016133871526108123,0.029906567186117172,0.9820381231671553,0.9153225806451614,0.25806451612903225,0.006970995706656287,0.006630131974816322
750,545,0.007478869767510332,0.010265913963177,-0.006824116004281677,0.021736007556319235,0.9857038123167154,0.9274193548387099,0.2903225806451613,0.005563285532257249,0.006718111224472523
750,548,0.011091232103353832,0.013649353324161492,-0.010923956324404571,0.02579802814871073,0.9618768328445747,0.8548387096774194,0.3870967741935484,0.006139915872124895,0.006912703160196543
750,556,0.00751376600965159,0.010655489194254344,-0.0057708486638148315,0.01899133790284395,0.9688416422287388,0.8790322580645162,0.2903225806451613,0.007455882000466508,0.0069500901736319065
1000,11,0.009077585360500962,0.013508127548123963,-0.007163814560044557,0.026443645730614657,0.9813049853372433,0.9072580645161292,0.25806451612903225,0.009524515544575068,0.00598108908161521
1000,23,0.024982427479699254,0.030305892437712305,0.02456924121361226,0.054878815636038775,0.9791055718475072,0.9072580645161292,0.3548387096774194,0.011070972308516502,0.005242945626378059
1000,40,0.006363330336171202,0.00805521088569561,-0.0009403953881701455,0.013204670697450637,0.9970674486803517,0.9717741935483872,0.1935483870967742,0.005375441494247605,0.005628260783851147
1000,43,0.02173076185863465,0.024112406830594128,-0.02120015153195709,0.038921207189559937,0.9681085043988268,0.866935483870968,0.3870967741935484,0.011978360794244273,0.014223191887140274
1000,58,0.009580256417393684,0.012750840762145842,0.006482760072685778,0.02558343447744846,0.9860703812316713,0.9233870967741936,0.3225806451612903,0.010046820531809521,0.0054125660099089146
1000,62,0.007742028858046979,0.009521670540976412,-0.007729289005510509,0.0168232299387455,0.9956011730205276,0.963709677419355,0.22580645161290322,0.005160372884523484,0.005235154181718826
1000,63,0.006298306136159226,0.007888048861762765,0.002066137589281425,0.016437863931059837,0.9893695014662756,0.9395161290322582,0.22580645161290322,0.006067872392914949,0.005393012892454863
1000,84,0.014801026845816523,0.019229661223219167,-0.01474170305300504,0.03917496390640735,0.9879032258064515,0.931451612903226,0.25806451612903225,0.0050813862152637975,0.006003871560096741
1000,86,0.010745143015810754,0.01673659277851236,-0.010734075411164667,0.03077941872179508,0.9915689149560116,0.9395161290322582,0.2903225806451613,0.00556005600599512,0.0059612952172756195
1000,90,0.009959101531421766,0.011497775252696135,-0.009959101531421766,0.019057560712099075,0.9805718475073312,0.899193548387097,0.2903225806451613,0.0046337091874691745,0.0057637691497802734
1000,99,0.017390798777341843,0.020508150825328014,-0.017390798777341843,0.03592757023870945,0.9904692082111435,0.9516129032258066,0.16129032258064516,0.004981653869993264,0.005549303721636534
1000,171,0.028500564585556276,0.0348297263044434,-0.028500564585556276,0.06709649004042148,0.9864369501466274,0.9233870967741936,0.25806451612903225,0.007140760039610248,0.006264576688408852
1000,180,0.009938399474776816,0.011770128778197686,0.0046863512907293625,0.01930797840468585,0.9651759530791789,0.8548387096774194,0.3870967741935484,0.00784262664796364,0.006494064815342426
1000,182,0.01634395394648891,0.020257554807389406,-0.01634395394648891,0.04341560117900371,0.9802052785923753,0.9072580645161292,0.25806451612903225,0.005882821691733214,0.0055940658785402775
1000,195,0.020166299284028355,0.024392112863162216,-0.020166299284028355,0.04435891285538673,0.9802052785923753,0.9193548387096776,0.25806451612903225,0.006786193007663373,0.005875554867088795
1000,196,0.012638885724300053,0.016249103735839265,-0.012638885724300053,0.026830091699957846,0.9934017595307918,0.9516129032258066,0.22580645161290322,0.005556574872424526,0.005506386514753103
1000,205,0.013970164844067767,0.023488584824286857,-0.013319265592144802,0.055315869301557526,0.972873900293255,0.8830645161290324,0.25806451612903225,0.010010123373039307,0.0059785498306155205
1000,209,0.012736898665025365,0.015670163846486774,-0.012468803724914324,0.031159731000661845,0.972507331378299,0.8911290322580646,0.2903225806451613,0.006557294032386233,0.0057779885828495026
1000,216,0.0044123367697466165,0.006187069509097076,-0.0030329568835441023,0.01364482324570417,0.9937683284457477,0.9516129032258066,0.25806451612903225,0.0038314657285809517,0.005680754780769348
1000,222,0.02358933220966719,0.02877473327046466,-0.022713326703524217,0.05879165641963482,0.970674486803519,0.8911290322580646,0.2903225806451613,0.00941809089553933,0.017000634223222733
1000,230,0.01337820465414552,0.017850447723957105,-0.005298640455293935,0.0364792407490313,0.9255865102639295,0.7782258064516131,0.45161290322580644,0.011739016390375553,0.00552581250667572
1000,242,0.02311805284989532,0.028374515655228385,-0.022453135214163922,0.050213560461997986,0.9750733137829911,0.8870967741935486,0.3225806451612903,0.01048397711448131,0.006368797272443771
1000,255,0.013689646861166693,0.018904790957915828,-0.007830153466784395,0.03784235790371895,0.9754398826979471,0.8870967741935486,0.3225806451612903,0.011604209971283712,0.005334720015525818
1000,257,0.006782923694117926,0.008186358114329788,-0.0064366160513600335,0.014503478072583675,0.9846041055718473,0.9233870967741936,0.25806451612903225,0.004744835438266877,0.0053510721772909164
1000,266,0.013903131453844253,0.016734920493219247,-0.013723514253797475,0.02629545386880636,0.9615102639296188,0.8629032258064517,0.2903225806451613,0.00677541644883252,0.005686434451490641
1000,277,0.026035950024379417,0.03768336040151372,0.020641254057409242,0.09777131453156471,0.93841642228739,0.8306451612903227,0.3548387096774194,0.024017609595771757,0.008253071457147598
1000,281,0.027462973492220044,0.033844704813064175,-0.025421858998015523,0.05870865806937217,0.9842375366568914,0.903225806451613,0.3870967741935484,0.01517538413886101,0.008264262229204178
1000,305,0.04180390827241354,0.04714351792449988,-0.04180390827241354,0.07165411673486233,0.9868035190615836,0.9274193548387099,0.25806451612903225,0.010339269054032141,0.005291823297739029
1000,313,0.01864227812620811,0.023428908214561107,-0.017705007194308564,0.04278165139257907,0.9897360703812315,0.935483870967742,0.2903225806451613,0.00912839054099975,0.005915926769375801
1000,314,0.0246129454462789,0.029659034457086283,-0.021526582480873913,0.047981945052742954,0.9615102639296188,0.866935483870968,0.3225806451612903,0.019407544435272293,0.006093095056712627
1000,323,0.04168397220200859,0.046063985831978994,-0.04168397220200859,0.06682562157511711,0.9945014662756597,0.9596774193548389,0.1935483870967742,0.008394463438420527,0.005755276419222355
1000,329,0.022016737595549785,0.02450866434326423,-0.01684115173702594,0.03878390975296497,0.9732404692082111,0.899193548387097,0.22580645161290322,0.016367242326058688,0.005964453797787428
1000,341,0.01487263616581913,0.017915036375367198,-0.013001738538150676,0.03292243257164955,0.9780058651026392,0.8911290322580646,0.3225806451612903,0.014088051483756112,0.006350531242787838
1000,357,0.04131536965724081,0.050800121750813276,0.02457143005449325,0.08861870169639587,0.9593108504398827,0.8467741935483872,0.3548387096774194,0.022617228359224334,0.007861035875976086
1000,362,0.015980481985025108,0.019946212112216116,0.004858555272221565,0.03518950566649437,0.9798387096774193,0.903225806451613,0.3225806451612903,0.012136636962813715,0.0076077282428741455
1000,391,0.04613813862670213,0.056208714641166994,0.043033339898101985,0.09523189514875412,0.9549120234604106,0.838709677419355,0.3548387096774194,0.02075513413236026,0.01113953534513712
1000,418,0.004846913063374814,0.006584932008649089,-0.0026561860213405453,0.014185902476310729,0.9897360703812315,0.935483870967742,0.2903225806451613,0.0036162896111847894,0.005763848777860403
1000,420,0.0076178465387783945,0.009945156211147386,-0.00724465269013308,0.02108360230922699,0.9912023460410555,0.9435483870967742,0.25806451612903225,0.0038493826624847226,0.005438807420432568
1000,422,0.009030885114043485,0.010916595670491979,-0.008092041935015004,0.01975939385592937,0.9813049853372433,0.9112903225806452,0.2903225806451613,0.00511539961782194,0.005972710438072681
1000,435,0.006235483699128963,0.008389301973363123,0.003221055943868123,0.01765063013881445,0.9886363636363635,0.935483870967742,0.25806451612903225,0.0036214839126313884,0.005597594194114208
1000,441,0.00597449343331391,0.008063018388623581,-0.0031150048962445,0.014934856351464985,0.9629765395894426,0.870967741935484,0.2903225806451613,0.007194702348281299,0.006209481041878462
1000,450,0.004886617760348599,0.0061401686489934715,-0.0034502289709053002,0.011756418272852896,0.9794721407624633,0.9153225806451614,0.25806451612903225,0.003172151984707002,0.005679457448422909
1000,451,0.0049930492823477834,0.0065102737070962275,-0.002874472993426025,0.013629581965506074,0.9868035190615836,0.9193548387096776,0.3225806451612903,0.004883378473741393,0.005731124430894852
1000,466,0.009621348202927038,0.011725398197677584,0.008576673833886161,0.023754593823105095,0.971407624633431,0.8750000000000001,0.2903225806451613,0.004226163540395999,0.005781390704214573
1000,470,0.011745248186343815,0.012980388980373861,0.01126493918854976,0.021157883666455744,0.9915689149560116,0.9395161290322582,0.3225806451612903,0.0038247449894345574,0.005602539051324129
1000,474,0.00785686446033651,0.009170526376993287,-0.007108183555828873,0.01621782202273607,0.9805718475073312,0.9112903225806452,0.25806451612903225,0.004860058426856995,0.005438601598143578
1000,484,0.0363921554380795,0.04461660430142893,0.03171396035759244,0.07401996627449989,0.972507331378299,0.8870967741935486,0.25806451612903225,0.012356276608883374,0.00755195552483201
1000,489,0.023903685927507468,0.030497875028961167,0.022376624154276215,0.05322961658239365,0.9835043988269794,0.903225806451613,0.3548387096774194,0.015848337086818872,0.0073515246622264385
1000,497,0.010393558026407845,0.01255659592540154,-0.003219879887183197,0.02246667183935642,0.9787390029325512,0.9112903225806452,0.1935483870967742,0.009843807246896529,0.007214468903839588
1000,500,0.020222511899191886,0.025694462585446023,0.018546638602856547,0.052848339825868604,0.9897360703812315,0.935483870967742,0.22580645161290322,0.008948898724009913,0.007596172392368317
1000,502,0.008932596683735028,0.01319100116414715,-0.00034945018705911934,0.018882635235786434,0.9765395894428152,0.9153225806451614,0.22580645161290322,0.012295132112358846,0.007445358671247959
1000,529,0.014603309056838043,0.018955396782126658,-0.012613905317266472,0.03924579061567783,0.9875366568914956,0.9233870967741936,0.3225806451612903,0.011454106608946477,0.0079274270683527
1000,544,0.012810448388336226,0.014831168594781166,-0.012784148479113355,0.02281802389770746,0.9875366568914956,0.931451612903226,0.25806451612903225,0.004892413879955007,0.005702489521354437
1000,545,0.004990898058167659,0.006522448882641318,-0.002637415876961313,0.012906612083315849,0.9857038123167154,0.9233870967741936,0.22580645161290322,0.004826246009718987,0.005801219493150711
1000,548,0.006610945689317305,0.00864390718411938,-0.004957829492923338,0.016030580457299947,0.971407624633431,0.8750000000000001,0.3225806451612903,0.005001437700083179,0.005918213166296482
1000,556,0.005314636735420208,0.006455370623910514,-0.0010594048580969684,0.010914039611816405,0.9827712609970674,0.9112903225806452,0.25806451612903225,0.00483372664800094,0.0058033582754433155
1250,11,0.007883352634962648,0.009111369072871432,-0.0013226305018179119,0.014480750262737272,0.9871700879765395,0.9153225806451614,0.3225806451612903,0.008298581315865439,0.00469175074249506
1250,23,0.022596171518671326,0.029368866511034875,0.02186804277880583,0.05627843290567398,0.972873900293255,0.8830645161290324,0.3870967741935484,0.012714225693695968,0.004862545523792505
1250,40,0.016422744789451826,0.020860221521128104,0.014594712753023487,0.03717382401227951,0.9897360703812315,0.935483870967742,0.2903225806451613,0.005703428241934988,0.003886556951329112
1250,43,0.015912400849629194,0.01906084921589177,-0.0058740408276207745,0.03200410343706608,0.9189882697947213,0.7903225806451614,0.3870967741935484,0.012269327056504065,0.013401439413428307
1250,58,0.010641099870554172,0.014535307369691662,0.008485123384161852,0.028716804832220076,0.9930351906158357,0.9516129032258066,0.22580645161290322,0.004555637407447061,0.004458870738744736
1250,62,0.004180550808086991,0.00592109981195653,-0.0007077633636072278,0.011540899053215979,0.9875366568914956,0.9274193548387099,0.2903225806451613,0.006157489733830575,0.0037331432104110718
1250,63,0.006530914979521185,0.009002620766001371,0.0027384772547520697,0.017270676046609878,0.9750733137829911,0.903225806451613,0.25806451612903225,0.006739308081206775,0.003960167523473501
1250,84,0.007512966796639375,0.009393052589178424,-0.007277815529960208,0.017782523296773434,0.9901026392961876,0.931451612903226,0.2903225806451613,0.004357932766358699,0.004017048515379429
1250,86,0.006135472685855348,0.008553517169566665,-0.005996639323711861,0.015578310564160347,0.9945014662756597,0.9556451612903226,0.25806451612903225,0.004172838683570585,0.004255023784935474
1250,90,0.01097038431908004,0.012632560461801464,-0.010795780428452417,0.0204547171946615,0.9857038123167154,0.9193548387096776,0.3225806451612903,0.003260167601007608,0.004397515673190355
1250,99,0.013184484567318577,0.015108104365911456,-0.013184484567318577,0.02574007175862789,0.9787390029325512,0.9112903225806452,0.25806451612903225,0.004856679520960297,0.003814773401245475
1250,171,0.018173656397266313,0.02104431232630502,-0.018173656397266313,0.033037684112787236,0.9967008797653958,0.9717741935483872,0.16129032258064516,0.00401533775091652,0.0039016841910779476
1250,180,0.011134597887576092,0.012312459030532503,0.009269923662941437,0.018525789864361285,0.9670087976539589,0.8790322580645162,0.2903225806451613,0.005763466469943523,0.004015317652374506
1250,182,0.012059953704010695,0.013593613315406467,-0.012059953704010695,0.022086099721491337,0.9838709677419353,0.9112903225806452,0.3225806451612903,0.004043795859381076,0.0038254419341683388
1250,195,0.012816361959266942,0.014481524964449577,-0.012816361959266942,0.025375257432460784,0.9857038123167154,0.9274193548387099,0.25806451612903225,0.0042201198577400175,0.003884725272655487
1250,196,0.006957561847229954,0.008274215556196094,-0.0015701098818681203,0.012644056044518945,0.9882697947214076,0.935483870967742,0.22580645161290322,0.0029049753061225338,0.0037873578257858753
1250,205,0.00866713970026467,0.010460851723725025,-0.008188536288798787,0.018461355473846197,0.9824046920821112,0.9193548387096776,0.1935483870967742,0.0048441241134799294,0.004149372223764658
1250,209,0.00990297047974309,0.011124347820728646,-0.009854600844846573,0.020876126177608968,0.9868035190615836,0.9233870967741936,0.2903225806451613,0.004927911284950471,0.003829754889011383
1250,216,0.005576590236159973,0.006830066087473798,-0.0029759341123281047,0.013667809218168259,0.9930351906158357,0.9475806451612905,0.25806451612903225,0.002823030681259209,0.003937774803489447
1250,222,0.010987987363478169,0.014854661325715397,-0.009222712222253904,0.029339657723903654,0.9578445747800585,0.8548387096774194,0.2903225806451613,0.007073518399509692,0.01944626495242119
1250,230,0.008998750628961716,0.012291313807168453,-0.004023620080261026,0.02672880543395876,0.9424486803519062,0.8225806451612904,0.2903225806451613,0.007223026376337775,0.004177538212388754
1250,242,0.012381438369629905,0.015164530881608579,-0.01236746585345827,0.028612502105534073,0.9776392961876832,0.8951612903225807,0.2903225806451613,0.006679873147438611,0.00405747490003705
1250,255,0.007488564064260572,0.011197920809361186,0.004764155077282339,0.022195506095886226,0.9677419354838709,0.8830645161290324,0.3225806451612903,0.006780579671143524,0.004103159066289663
1250,257,0.004922228035866283,0.005850698510537703,-0.0017824472015490755,0.010511671006679534,0.9919354838709675,0.9435483870967742,0.2903225806451613,0.003828426056932057,0.00396783696487546
1250,266,0.007904666628746781,0.011082851266289004,-0.006518196816614363,0.022539137117564674,0.974706744868035,0.8830645161290324,0.3225806451612903,0.005101921337266122,0.004102671518921852
1250,277,0.029301064467290416,0.03789439382190392,0.02232747766538523,0.07571002207696434,0.9600439882697948,0.866935483870968,0.3548387096774194,0.021543939627947345,0.009755777195096016
1250,281,0.019783357973210514,0.02438157734188708,-0.017401391989551485,0.04541142545640468,0.9765395894428152,0.8911290322580646,0.3548387096774194,0.014248094371249598,0.01072603091597557
1250,305,0.03156589128775522,0.03516791580417345,-0.03156589128775522,0.05795347467064856,0.9890029325513194,0.9274193548387099,0.2903225806451613,0.009697577856000393,0.006398015655577183
1250,313,0.0139145175635349,0.017527964697665446,0.0042451513290870935,0.035416141897439954,0.9923020527859235,0.9475806451612905,0.22580645161290322,0.009332003492501474,0.005159517750144005
1250,314,0.02040019104606472,0.02471501350671403,-0.00969733516103588,0.04686688613146543,0.9604105571847507,0.8750000000000001,0.22580645161290322,0.01511443859987682,0.0054181525483727455
1250,323,0.026261948951287195,0.02896710566632296,-0.026261948951287195,0.04911619313061237,0.9919354838709675,0.9475806451612905,0.25806451612903225,0.009247715795232404,0.005170630291104317
1250,329,0.018972652018419467,0.023027310306896056,-0.016216686912230216,0.041486179083585734,0.9809384164222872,0.8951612903225807,0.41935483870967744,0.016080785948302475,0.005208516027778387
1250,341,0.018620903269038536,0.022256044128213793,-0.018091133926645853,0.0397231507115066,0.9791055718475072,0.899193548387097,0.3548387096774194,0.013463173061609268,0.007468522526323795
1250,357,0.04294458022923209,0.05562774510336106,0.030392758635571226,0.10467099994421004,0.972873900293255,0.8790322580645162,0.3870967741935484,0.017787057666047927,0.01328825019299984
1250,362,0.024024987476877868,0.03269693756659329,0.014353573671542108,0.06397631019353865,0.9688416422287388,0.866935483870968,0.3548387096774194,0.012476407982889683,0.012259342707693577
1250,391,0.045420962473144755,0.05579689937997277,0.041618341841967776,0.10071059875190258,0.9578445747800585,0.8467741935483872,0.3548387096774194,0.019477218269340454,0.01509234867990017
1250,418,0.0047167233933578245,0.005842779943219088,-0.0005313407673384063,0.010137990862131118,0.9842375366568914,0.9153225806451614,0.2903225806451613,0.004189925763996378,0.004359078127890825
1250,420,0.005198683109483682,0.00615614972748519,-0.005032363565987907,0.011944228783249855,0.9948680351906156,0.963709677419355,0.16129032258064516,0.0031570196602373353,0.003999979700893164
1250,422,0.008926996313675772,0.009754518521763579,-0.008926996313675772,0.014980538189411162,0.9897360703812315,0.9395161290322582,0.22580645161290322,0.003140896108121641,0.004134258255362511
1250,435,0.004750414038426243,0.005966856188485656,0.001973936290596612,0.01080338004976511,0.9963343108504397,0.9677419354838711,0.1935483870967742,0.00337276857105955,0.004056811332702637
1250,441,0.0060555903110071085,0.007428670394841175,-0.0045156277701607905,0.012637459859251975,0.9662756598240468,0.870967741935484,0.3225806451612903,0.004954057550358195,0.004095501732081175
1250,450,0.005343826436728705,0.006992585993380436,-0.005221832230745349,0.011250821128487586,0.9923020527859235,0.9475806451612905,0.25806451612903225,0.004031496858524699,0.003961029928177595
1250,451,0.005961132876109332,0.0073957644867029765,-0.00563543543103151,0.01294121034443378,0.9809384164222872,0.9112903225806452,0.3548387096774194,0.004280006993682154,0.004076069220900536
1250,466,0.008920975320506841,0.010704774364828088,0.008004894072655588,0.01976408064365387,0.9736070381231671,0.8830645161290324,0.2903225806451613,0.004589550137039154,0.004115311428904533
1250,470,0.013558587372244801,0.015501476709617485,0.013256635349534918,0.025458718836307525,0.9919354838709675,0.9475806451612905,0.1935483870967742,0.002962227985863724,0.00423142546787858
1250,474,0.0065135157710756175,0.00809846069623318,-0.006484463454398792,0.01592821795493364,0.9853372434017593,0.9193548387096776,0.2903225806451613,0.004340352295267005,0.004200675990432501
1250,484,0.033613933774176985,0.040618236988822894,0.028196067491080612,0.07037250325083733,0.9816715542521994,0.9153225806451614,0.25806451612903225,0.013297243133908319,0.012117930687963963
1250,489,0.028381554584484547,0.033801113091712354,0.026840739708859473,0.059840172529220574,0.9857038123167154,0.9193548387096776,0.3225806451612903,0.013529415993440536,0.008762648329138756
1250,497,0.014151950570521876,0.017097536633140235,0.006670088769169524,0.025638549774885173,0.9846041055718473,0.9233870967741936,0.25806451612903225,0.009866921801961238,0.00878302101045847
1250,500,0.021063057443825528,0.027944705053065306,0.019151575659634545,0.05684667602181434,0.9798387096774193,0.9112903225806452,0.2903225806451613,0.010857042405874498,0.009223772212862968
1250,502,0.01377507482538931,0.02108286366339135,0.01040689813089557,0.034501012414693825,0.9743401759530791,0.899193548387097,0.3225806451612903,0.013498694185287721,0.00896293856203556
1250,529,0.01347960987186525,0.016356535885836437,0.0006615585734834895,0.030051362887024875,0.9805718475073312,0.8951612903225807,0.3548387096774194,0.010931640532949278,0.009581947699189186
1250,544,0.014185732492478564,0.0165203470416979,-0.014037205488421023,0.026439583674073217,0.9809384164222872,0.9072580645161292,0.3225806451612903,0.004658669113151489,0.004179692827165127
1250,545,0.003098207656876184,0.004089114383684917,-0.002179204413550906,0.007921106182038782,0.9901026392961876,0.935483870967742,0.2903225806451613,0.003772580004747837,0.004052336327731609
1250,548,0.006887275296321604,0.009092933721755538,-0.004494502798479516,0.01990994308143854,0.9787390029325512,0.899193548387097,0.3225806451612903,0.004471437645054633,0.004128406755626202
1250,556,0.006006111703754868,0.008516030421311292,0.0024815026627038606,0.020324256643652915,0.9648093841642228,0.870967741935484,0.22580645161290322,0.003973552221131902,0.003998216707259417
1500,11,0.010885929455980659,0.015366895839209546,0.006429766770452261,0.03320660442113876,0.9893695014662756,0.9274193548387099,0.2903225806451613,0.006742316628656079,0.0065891556441783905
1500,23,0.03030651576409582,0.03636472557012761,0.029432404509861954,0.06966754645109177,0.972507331378299,0.8830645161290324,0.3225806451612903,0.01016639446419093,0.004606142640113831
1500,40,0.014577238602214493,0.01734327849086304,0.013465647105476819,0.02831296920776367,0.9908357771260996,0.935483870967742,0.3225806451612903,0.005412879069485972,0.004042988643050194
1500,43,0.009767265582922846,0.012251750972831042,-0.0007252966170199215,0.022673443891108033,0.9677419354838709,0.8629032258064517,0.3870967741935484,0.00886393909252459,0.012700319290161133
1500,58,0.011542401713086292,0.014632193323179799,0.011232598772039637,0.027200310304760934,0.9915689149560116,0.9395161290322582,0.3225806451612903,0.0057273499307132535,0.00430460087954998
1500,62,0.005570156063186005,0.007999939040682278,-0.0027201684133615345,0.018826375529170034,0.9820381231671553,0.9112903225806452,0.3225806451612903,0.007157350815231761,0.003962195944041014
1500,63,0.009767569092218764,0.01250845041747947,0.008682673957082443,0.021258497983217238,0.9780058651026392,0.8911290322580646,0.2903225806451613,0.006123138726839135,0.004159210715442896
1500,84,0.005627943697618321,0.007772919461084626,-0.003930042992578819,0.014547368139028549,0.9941348973607038,0.963709677419355,0.16129032258064516,0.0038428214949465566,0.004244483076035976
1500,86,0.005410237419710029,0.007697597663544199,-0.0037493434283533134,0.01820262148976326,0.9926686217008798,0.9475806451612905,0.25806451612903225,0.004946995166040236,0.004336805082857609
1500,90,0.011337562871631235,0.012826037075551671,-0.011337562871631235,0.021221069619059563,0.9824046920821112,0.9072580645161292,0.3225806451612903,0.0038977838722207853,0.004422059748321772
1500,99,0.007747623181785457,0.009562487618734464,-0.007707740689511411,0.016848640143871302,0.9926686217008798,0.9516129032258066,0.1935483870967742,0.003759536621791701,0.004140426404774189
1500,171,0.01819215575233102,0.021030469940152875,-0.01819215575233102,0.03297881130129099,0.9835043988269794,0.9233870967741936,0.22580645161290322,0.004626553776043076,0.00430318433791399
1500,180,0.012308268800552469,0.013926163855761094,0.01093035960366251,0.0196372807957232,0.9596774193548386,0.8629032258064517,0.22580645161290322,0.0057520329081002745,0.00426113698631525
1500,182,0.008685565000632778,0.010546664963879382,-0.00849434212432243,0.017603102326393127,0.9794721407624633,0.903225806451613,0.22580645161290322,0.003807919715801554,0.00409882003441453
1500,195,0.013161776434571948,0.015087929824953347,-0.013161776434571948,0.025211637653410435,0.9926686217008798,0.9516129032258066,0.1935483870967742,0.0035016665896100384,0.0040594302117824554
1500,196,0.007692389241128694,0.009063363974761398,-0.005866442392289173,0.016727848537266256,0.9956011730205276,0.963709677419355,0.1935483870967742,0.002934254931225892,0.004093335010111332
1500,205,0.006065521418349817,0.0073337988398692175,-0.0028340462304186076,0.012989139556884766,0.9754398826979471,0.8911290322580646,0.3225806451612903,0.006939605674556186,0.00443655950948596
1500,209,0.0077298458709265105,0.009555900901622396,-0.007512500560551416,0.01649428401142359,0.9820381231671553,0.9153225806451614,0.25806451612903225,0.005072843043073531,0.004104541148990393
1500,216,0.0036104590544709936,0.0047955505784930096,-0.0021420812845462933,0.010654563643038273,0.9893695014662756,0.935483870967742,0.25806451612903225,0.0036798474048414537,0.004198729060590267
1500,222,0.01503680573659949,0.016612879135755362,-0.012555110937682912,0.026442376151680946,0.9545454545454545,0.8548387096774194,0.3225806451612903,0.008411991620256055,0.015495069324970245
1500,230,0.009238926832040306,0.012932195202573729,-0.0030551039599231444,0.027904555853456255,0.9362170087976539,0.806451612903226,0.2903225806451613,0.009854638513417975,0.004408893641084433
1500,242,0.01571297708142083,0.01832343907825397,-0.015339064862928353,0.033229739777743815,0.9798387096774193,0.8951612903225807,0.3548387096774194,0.007401280180220643,0.004430896136909723
1500,255,0.010305421819793992,0.012731350764552667,0.006884004411404021,0.02347465008497238,0.974706744868035,0.8870967741935486,0.2903225806451613,0.0070159892821984905,0.004616108722984791
1500,257,0.004514487111009657,0.005661274939794174,-0.001437680039089173,0.00963667407631874,0.9871700879765395,0.9274193548387099,0.25806451612903225,0.0038456656489401094,0.004292382393032312
1500,266,0.005468709197884891,0.007032771745021013,-0.004019731604785193,0.01242589522153139,0.9780058651026392,0.899193548387097,0.3225806451612903,0.004824911694853536,0.004207826219499111
1500,277,0.023842296504881233,0.03554201437810739,0.02025642030639574,0.059055459499359114,0.9501466275659823,0.870967741935484,0.25806451612903225,0.020200223601873842,0.008311809040606022
1500,281,0.0233457553840708,0.0295179437529888,-0.020563925354508683,0.05287781208753586,0.9912023460410555,0.9395161290322582,0.3225806451612903,0.011753769891877328,0.00904439203441143
1500,305,0.02590119873639196,0.03267506123892673,-0.025681032217107713,0.060653195530176146,0.9813049853372433,0.899193548387097,0.3225806451612903,0.011425137429708434,0.00543766375631094
1500,313,0.013251930708065629,0.01637532660268663,-0.0073987681535072625,0.03260213769972324,0.9890029325513194,0.931451612903226,0.25806451612903225,0.009324388728747445,0.005291876383125782
1500,314,0.020038165093865246,0.02351457897141808,-0.01497501035919413,0.03992599360644817,0.9743401759530791,0.8951612903225807,0.25806451612903225,0.014845515000483683,0.005930195562541485
1500,323,0.03951928667083848,0.04444236371730314,-0.03951928667083848,0.0660647690296173,0.9904692082111435,0.9395161290322582,0.25806451612903225,0.0100339813788812,0.00543634919449687
1500,329,0.018077059445204213,0.021848724762609323,-0.017557163519086316,0.03712646011263132,0.9864369501466274,0.9193548387096776,0.3548387096774194,0.013887476957132739,0.005694981664419174
1500,341,0.010925139882601798,0.015605100098544634,-0.003989380085840821,0.03434994220733643,0.9655425219941348,0.8588709677419356,0.2903225806451613,0.01359511748136532,0.007245579268783331
1500,357,0.0416009669424966,0.05251003149538584,0.020830458612181246,0.10080485939979553,0.966642228739003,0.870967741935484,0.2903225806451613,0.021853776438341986,0.009475422091782093
1500,362,0.02481698413612321,0.03160269883753917,0.019436452363152057,0.06137457489967346,0.9732404692082111,0.8911290322580646,0.2903225806451613,0.012591365394332716,0.008660816587507725
1500,391,0.05108966477564536,0.058568531959716084,0.050139747123466805,0.09416003040969372,0.9607771260997068,0.8467741935483872,0.41935483870967744,0.019688878809252092,0.010121963918209076
1500,418,0.003319587565783877,0.004199578446580569,-0.0005219429804128595,0.007137626968324184,0.9879032258064515,0.9274193548387099,0.2903225806451613,0.0040046594616386195,0.004879438318312168
1500,420,0.004916902107652277,0.006280819514363873,-0.00465978414285928,0.011972825601696968,0.9945014662756597,0.9556451612903226,0.22580645161290322,0.003267054280806934,0.004463886376470327
1500,422,0.007119548921764363,0.009066721386945755,-0.006966664870560635,0.017534996569156646,0.9930351906158357,0.9556451612903226,0.16129032258064516,0.0027071399494044243,0.0047145262360572815
1500,435,0.004221565119223669,0.00577815422814823,0.00321251800050959,0.012572074122726916,0.9948680351906156,0.9596774193548389,0.1935483870967742,0.0030950101603183055,0.004628780763596296
1500,441,0.005616740039840806,0.007296636182277249,-0.0010950269133900292,0.014096429012715817,0.9655425219941348,0.870967741935484,0.25806451612903225,0.006374634396765501,0.004475462716072798
1500,450,0.00396700556302676,0.004700102988542073,0.00011606589396251366,0.00784687902778387,0.9919354838709675,0.9475806451612905,0.22580645161290322,0.0029457168683650033,0.004519192967563868
1500,451,0.004012198973214254,0.0052451150269993375,-0.0026091374165844172,0.010940792597830295,0.9875366568914956,0.9233870967741936,0.2903225806451613,0.004138817409834554,0.004635063000023365
1500,466,0.012312635881244205,0.015072748256499688,0.011519756822963245,0.02869042679667472,0.9736070381231671,0.8911290322580646,0.25806451612903225,0.0037210957417565006,0.004627072252333164
1500,470,0.015096744500624482,0.01694300701530869,0.014754483730939683,0.02585606053471565,0.9897360703812315,0.9274193548387099,0.3548387096774194,0.003843057780496536,0.004531229846179485
1500,474,0.004126168067159597,0.005181423102773112,-0.0031119802806642838,0.009829437360167502,0.9890029325513194,0.935483870967742,0.2903225806451613,0.0033205871229931233,0.004560398403555155
1500,484,0.029198220057878643,0.037759797197292416,0.023793905682396144,0.07110001370310784,0.9765395894428152,0.8911290322580646,0.3870967741935484,0.014586043303772327,0.011035609059035778
1500,489,0.02327782049542293,0.02735604219908113,0.022458865714725107,0.04452829658985137,0.9882697947214076,0.935483870967742,0.22580645161290322,0.01145904385034115,0.008664226159453392
1500,497,0.010407484282040969,0.013904616376147403,-0.0043894989939872175,0.02806021831929683,0.9842375366568914,0.9153225806451614,0.3870967741935484,0.01173439150255534,0.007971475832164288
1500,500,0.019226207805331796,0.026268108426005354,0.017754840722773224,0.05901396349072456,0.9813049853372433,0.9112903225806452,0.2903225806451613,0.012197713818280928,0.008894301950931549
1500,502,0.010066195827675983,0.017576438439340748,0.004996286617824808,0.021282480657100675,0.9736070381231671,0.9153225806451614,0.22580645161290322,0.012895241139396545,0.00838615745306015
1500,529,0.015224461400066502,0.018649873066693617,-0.008544768163119443,0.03391795940697193,0.970674486803519,0.870967741935484,0.3870967741935484,0.009951090620410058,0.009794502519071102
1500,544,0.008109248039545491,0.009726596155383812,-0.007793563563609496,0.016508658602833747,0.9908357771260996,0.9395161290322582,0.2903225806451613,0.004291262627849656,0.004468840546905994
1500,545,0.003615198947954923,0.0051302491604414665,-0.0013445880613289773,0.011615386046469209,0.9846041055718473,0.9153225806451614,0.2903225806451613,0.005068492399708879,0.004606193397194147
1500,548,0.006539166213769931,0.00819108203222443,-0.004138625903578941,0.015309637039899826,0.9508797653958944,0.8427419354838711,0.2903225806451613,0.005059125022061409,0.0045037707313895226
1500,556,0.004946260589349549,0.006128193094656368,0.0013653314745170064,0.011483941599726677,0.9882697947214076,0.9395161290322582,0.16129032258064516,0.0034064202299041134,0.0045484937727451324
1750,11,0.014444956446823198,0.02027918603381323,0.013689465988136362,0.03450987860560417,0.9827712609970674,0.9153225806451614,0.2903225806451613,0.008000379240500831,0.0038739012088626623
1750,23,0.03701117380114738,0.04433017081333274,0.03675840068899561,0.08065593093633651,0.9743401759530791,0.899193548387097,0.3225806451612903,0.009918173264351583,0.0040443697944283485
1750,40,0.01909029035596177,0.02387591168283539,0.01782187190838158,0.03971876762807369,0.9908357771260996,0.9435483870967742,0.22580645161290322,0.005161764055129981,0.003926862496882677
1750,43,0.012759300327161327,0.016441204243541365,0.002949812769657001,0.025713620334863657,0.9681085043988268,0.8911290322580646,0.3225806451612903,0.00934580986898753,0.014833998866379261
1750,58,0.011647590290522203,0.015530459698069793,0.010028361139120534,0.029749177768826483,0.9860703812316713,0.9233870967741936,0.25806451612903225,0.004849328944880155,0.00481852563098073
1750,62,0.008168557251337916,0.010201742617305342,0.005871617933735251,0.019508045911788938,0.9904692082111435,0.9395161290322582,0.25806451612903225,0.003511562567925261,0.003932635765522718
1750,63,0.015008849950390868,0.018847951907028558,0.013370717366342433,0.03296827413141727,0.9853372434017593,0.931451612903226,0.22580645161290322,0.004112082788900983,0.0038737538270652294
1750,84,0.004416455107275397,0.0056772736452257375,-0.000913372787181288,0.011141837947070599,0.9794721407624633,0.9072580645161292,0.25806451612903225,0.0037071378450960883,0.004044914152473211
1750,86,0.00527072975091869,0.006547259573938256,5.662722833221778e-05,0.010384747013449668,0.9893695014662756,0.935483870967742,0.25806451612903225,0.004035287101062075,0.004854810889810324
1750,90,0.006725985207594931,0.008145449497770928,-0.005835803807713091,0.015875039249658583,0.9915689149560116,0.9435483870967742,0.22580645161290322,0.0028594418038283627,0.005105920135974884
1750,99,0.006174945621751249,0.007685705510787136,-0.006003300077281892,0.014950563944876193,0.9890029325513194,0.9193548387096776,0.3870967741935484,0.004507280285319974,0.00416446290910244
1750,171,0.014380906373844482,0.01576164261468822,-0.014380906373844482,0.02267030067741871,0.9937683284457477,0.9516129032258066,0.22580645161290322,0.0032607859991971525,0.003990568686276674
1750,180,0.013782389483822044,0.015420340208778183,0.012433174801117275,0.0254284918308258,0.970674486803519,0.8830645161290324,0.25806451612903225,0.0039295954329352225,0.003905384335666895
1750,182,0.007631732354639098,0.008971850142945414,-0.007472560013411567,0.015099527314305305,0.9849706744868034,0.9112903225806452,0.3225806451612903,0.003785471476974987,0.0039056562818586826
1750,195,0.007616893090016674,0.008646740815729644,-0.007616893090016674,0.014428744651377199,0.9868035190615836,0.9233870967741936,0.2903225806451613,0.002939574330324127,0.0038571106269955635
1750,196,0.009625068960303906,0.011500051936937159,0.0027008046381524764,0.02173314820975065,0.9912023460410555,0.9435483870967742,0.22580645161290322,0.0030938375350688736,0.003935431130230427
1750,205,0.0057348666014149785,0.007418491378908091,-0.0006325070280581713,0.013133777678012848,0.9637096774193546,0.8830645161290324,0.1935483870967742,0.0052530047213358265,0.0041096946224570274
1750,209,0.006414559822587762,0.007453189487640519,-0.004118386110349093,0.013105486147105693,0.9567448680351905,0.8427419354838711,0.3870967741935484,0.005448404459222671,0.003605977166444063
1750,216,0.005906742881052196,0.007506151735767535,0.00036052369978278875,0.014519514609128236,0.9915689149560116,0.9435483870967742,0.25806451612903225,0.0032106301777305142,0.004226186312735081
1750,222,0.011846425622934476,0.01344305321768088,-0.0006365126755554229,0.022086660005152223,0.9266862170087976,0.806451612903226,0.22580645161290322,0.005907916884508825,0.01634242758154869
1750,230,0.010192173642280977,0.013251748487857725,0.006581434870895464,0.025778127089142795,0.9501466275659823,0.8225806451612904,0.3548387096774194,0.008336594268198936,0.0039815837517380714
1750,242,0.0054146572583704256,0.006912302209557882,-0.0042103712548851036,0.013707525096833704,0.9820381231671553,0.9112903225806452,0.2903225806451613,0.005271142115816474,0.0038671588990837336
1750,255,0.015553035482298583,0.019719440116492237,0.013620482292026281,0.03554833978414535,0.9688416422287388,0.866935483870968,0.3548387096774194,0.007199008633653002,0.0039870706386864185
1750,257,0.005102591116155963,0.006428695256555259,0.00046525453944923356,0.011947439238429069,0.9868035190615836,0.931451612903226,0.25806451612903225,0.0037598603840677007,0.0036915072705596685
1750,266,0.0072107297673937865,0.008667134525795728,0.0017540272892802022,0.015335519798099993,0.972140762463343,0.8750000000000001,0.3870967741935484,0.005471878940419805,0.004201344680041075
1750,277,0.02970454961177893,0.044177086868067046,0.02701322888606228,0.09264046363532541,0.912390029325513,0.806451612903226,0.3548387096774194,0.02328929124820617,0.006950175389647484
1750,281,0.01626372009923216,0.02100452260770231,-0.00917487392143812,0.03850800171494484,0.9838709677419353,0.9112903225806452,0.3548387096774194,0.012182936748309482,0.007458167616277933
1750,305,0.01651102142932359,0.021816677108390057,-0.01615902806224767,0.043395731598138795,0.9897360703812315,0.9274193548387099,0.3548387096774194,0.010483958292752504,0.0035487054847180843
1750,313,0.012784867722075433,0.016542138015062394,0.005030871921917424,0.03473839834332466,0.9908357771260996,0.9435483870967742,0.22580645161290322,0.008059863016129501,0.00429150415584445
1750,314,0.012775995128322393,0.015659573165855648,-0.0010173847549594939,0.029663482308387754,0.972507331378299,0.8870967741935486,0.3548387096774194,0.01297722411372008,0.004392377100884914
1750,323,0.01725972449639812,0.019825047731991632,-0.01725972449639812,0.03295726887881756,0.9901026392961876,0.9435483870967742,0.1935483870967742,0.00860644627602831,0.0041515035554766655
1750,329,0.010912843485129997,0.014368313994859327,0.0006913212419021875,0.03212454877793789,0.9809384164222872,0.9112903225806452,0.2903225806451613,0.013118940645888928,0.004404150880873203
1750,341,0.010257549773086794,0.015158303845404716,-0.0035345626674825326,0.0367227223701775,0.9750733137829911,0.8951612903225807,0.2903225806451613,0.012171724901324319,0.006001240573823452
1750,357,0.038431378634413704,0.05074438913704281,0.027916096529224887,0.0998310387134552,0.970674486803519,0.8830645161290324,0.2903225806451613,0.01761302051524962,0.009676987305283546
1750,362,0.02406765488558449,0.03154260113830526,0.01807788058067672,0.06721726059913635,0.970307917888563,0.8911290322580646,0.25806451612903225,0.012677761936380018,0.008669193834066391
1750,391,0.0580204276193399,0.0668537857889123,0.0567090536642354,0.10454837009310722,0.9527126099706745,0.8346774193548387,0.3870967741935484,0.01724951029304535,0.0093113724142313
1750,418,0.005129805904289242,0.006101591024498218,0.0011852363022626378,0.011203611269593239,0.9952346041055717,0.963709677419355,0.1935483870967742,0.0031507593549547656,0.003930813632905483
1750,420,0.006286879142862745,0.007526781303746612,-0.006048267867299728,0.013203167542815208,0.9934017595307918,0.9516129032258066,0.22580645161290322,0.003769771286076115,0.0039834799244999886
1750,422,0.010221901997283567,0.01117622260921471,-0.010221901997283567,0.016460097581148147,0.9948680351906156,0.9596774193548389,0.22580645161290322,0.0027968488603589995,0.003808832261711359
1750,435,0.004007652663858607,0.005301290641427682,0.0023009448050288484,0.011404776386916636,0.9923020527859235,0.9435483870967742,0.25806451612903225,0.0032814109262319343,0.0038367619272321463
1750,441,0.00600323652906809,0.007361696968129566,-0.0026041517412522808,0.012559467274695634,0.9534457478005866,0.8427419354838711,0.25806451612903225,0.006436381346335815,0.003558898577466607
1750,450,0.004829683442949317,0.005725985709616982,-0.004613690965925343,0.009294416103512048,0.9912023460410555,0.9395161290322582,0.25806451612903225,0.0030956169244863332,0.0037738990504294634
1750,451,0.003229399226256646,0.004097208333022158,-0.0014423084649024531,0.008258062601089477,0.9901026392961876,0.931451612903226,0.3225806451612903,0.003898595189375262,0.003986367955803871
1750,466,0.0123850832314929,0.01459783822007368,0.011431194274337031,0.02577892541885376,0.9651759530791789,0.8629032258064517,0.3225806451612903,0.004377738001846498,0.0038445573300123215
1750,470,0.014156586235912982,0.016203940098615106,0.013886033259041142,0.025120241194963453,0.9981671554252198,0.9798387096774195,0.16129032258064516,0.003136999469490782,0.003909045364707708
1750,474,0.0056844385180738755,0.006834468506849002,-0.00566419508686522,0.012198393419384956,0.9926686217008798,0.9556451612903226,0.1935483870967742,0.002692448951664471,0.0040816362015903
1750,484,0.0339602047461085,0.04267944928632382,0.03082491975510493,0.08215968236327172,0.9897360703812315,0.935483870967742,0.25806451612903225,0.008727655625872074,0.009218127466738224
1750,489,0.03570842542103492,0.042815534790103915,0.03506140332319774,0.0719091359525919,0.9769061583577712,0.903225806451613,0.25806451612903225,0.014491894913296546,0.006433907896280289
1750,497,0.010494206508155912,0.014390397605761796,0.004128171131014824,0.0328299693763256,0.9827712609970674,0.9153225806451614,0.25806451612903225,0.010364109439955603,0.005776350386440754
1750,500,0.0324397215154022,0.03768551763708233,0.02576924185268581,0.07069235816597938,0.9615102639296188,0.838709677419355,0.41935483870967744,0.014438005644948251,0.016109442338347435
1750,502,0.015271712327376008,0.02181003209292219,0.014794450951740146,0.036342510208487507,0.9758064516129032,0.9153225806451614,0.22580645161290322,0.012204779372099907,0.005726803094148636
1750,529,0.014862915893900208,0.01811389689173775,0.003319072144222446,0.03310094103217125,0.971041055718475,0.8911290322580646,0.22580645161290322,0.008229015785599909,0.007947040721774101
1750,544,0.010108370697707869,0.011656020613740384,-0.009783721747226082,0.018820746429264547,0.9912023460410555,0.9395161290322582,0.3225806451612903,0.004491601785224291,0.003811981063336134
1750,545,0.004439631142304279,0.005507174686548205,-0.0028106245590606704,0.01052512340247631,0.9882697947214076,0.9233870967741936,0.3870967741935484,0.004267552206593175,0.004186023958027363
1750,548,0.007508330782002304,0.00892435630298188,-0.0025896738879964687,0.015106835402548311,0.9860703812316713,0.9233870967741936,0.3225806451612903,0.0035845002369774928,0.0036281761713325977
1750,556,0.005085572927782778,0.007106744978190728,0.0025228301165043376,0.016446518525481225,0.972140762463343,0.8790322580645162,0.3225806451612903,0.004140199747897925,0.0037509645335376263
2000,11,0.015370722947409377,0.020045856306311508,0.014571176114259288,0.03820567987859249,0.9868035190615836,0.9233870967741936,0.2903225806451613,0.0077003923455072985,0.0059576211497187614
2000,23,0.03892935466137715,0.045202953128842226,0.03860699257347733,0.07462488617748021,0.9849706744868034,0.9153225806451614,0.3548387096774194,0.01045008527956182,0.005157793406397104
2000,40,0.01865648505918216,0.02193165166184997,0.018174801269196905,0.035205405205488205,0.9934017595307918,0.9516129032258066,0.22580645161290322,0.004465676889184022,0.004807773511856794
2000,43,0.010942922119284049,0.012863585640772042,0.003865123580908403,0.022131615877151487,0.9864369501466274,0.9274193548387099,0.25806451612903225,0.006564018857334891,0.012921909801661968
2000,58,0.012505688369856216,0.015985527778199574,0.012094411751604639,0.032746341638267035,0.9879032258064515,0.9274193548387099,0.25806451612903225,0.006051558775887374,0.005309064406901598
2000,62,0.005073586173239164,0.006596401925416463,0.0033648539829300717,0.013111827708780763,0.9875366568914956,0.9233870967741936,0.2903225806451613,0.0050528039254488484,0.004974812269210815
2000,63,0.013679633717401884,0.016738028151724826,0.009726083822897635,0.03148072436451912,0.9637096774193546,0.8750000000000001,0.25806451612903225,0.009274189270311785,0.004877112805843353
2000,84,0.005430378558230586,0.00712854210659164,-0.003578843272407539,0.014314118400216102,0.9802052785923753,0.903225806451613,0.2903225806451613,0.005211796987080766,0.0048088193871080875
2000,86,0.004639622689865064,0.006637251053563495,0.0009076828209799714,0.01363640949130058,0.9948680351906156,0.9556451612903226,0.25806451612903225,0.005441732614511444,0.005063924938440323
2000,90,0.005300149743561633,0.006419946203235845,-0.004533312938292511,0.01076436615549028,0.9897360703812315,0.935483870967742,0.25806451612903225,0.003940056558818587,0.00550168938934803
2000,99,0.004517032197327353,0.005974121622991166,-0.003745497335330583,0.011413994524627918,0.9871700879765395,0.935483870967742,0.22580645161290322,0.003951501551895372,0.0052179694175720215
2000,171,0.015034429598017596,0.017698235101201325,-0.015034429598017596,0.030951573699712753,0.9952346041055717,0.9596774193548389,0.22580645161290322,0.003334663973580445,0.005306477192789316
2000,180,0.014828468185442034,0.01647534963089436,0.013280907900480088,0.02626809384673834,0.9783724340175952,0.903225806451613,0.2903225806451613,0.004456338337472369,0.005903973244130611
2000,182,0.005361879535485059,0.00636961348060468,-0.004700976947788149,0.01126955859363079,0.9849706744868034,0.9274193548387099,0.22580645161290322,0.003000384211660393,0.005283751990646124
2000,195,0.006960093051020522,0.007741186932638643,-0.006960093051020522,0.01193314753472805,0.9941348973607038,0.9556451612903226,0.22580645161290322,0.0031474318896089833,0.005007083527743816
2000,196,0.00910479807498632,0.011905067665855484,0.00516442990192445,0.0223542358726263,0.9912023460410555,0.9516129032258066,0.1935483870967742,0.0025036711426031206,0.004981753882020712
2000,205,0.004624170527677052,0.005963135026135391,0.00015640370838809758,0.012186398543417453,0.971774193548387,0.8790322580645162,0.25806451612903225,0.005161443965569619,0.004826754331588745
2000,209,0.005112879320222419,0.006339589342891625,-0.00290620081796078,0.01132844667881727,0.9758064516129032,0.9112903225806452,0.25806451612903225,0.004192247521132231,0.004743280820548534
2000,216,0.006085121960495599,0.007286614874880355,0.004471463427762501,0.013630356080830096,0.9919354838709675,0.9475806451612905,0.1935483870967742,0.0028776703402400017,0.005118723027408123
2000,222,0.012039526045555249,0.013531911715958703,0.004379391408292577,0.020899445936083793,0.9622434017595306,0.8588709677419356,0.3548387096774194,0.005735172349358758,0.015868350863456726
2000,230,0.011272006951912772,0.014539177276326825,0.006899103238538373,0.027892357669770718,0.9340175953079178,0.7822580645161291,0.45161290322580644,0.010214416986151088,0.005636283662170172
2000,242,0.0049320904072374105,0.0066664241110453056,-0.003592073218896985,0.014665860682725905,0.9838709677419353,0.9153225806451614,0.2903225806451613,0.005169174468685542,0.0050684488378465176
2000,255,0.014326499600429088,0.017611081794632923,0.012732895440421999,0.029252039268612858,0.972873900293255,0.8870967741935486,0.2903225806451613,0.007698862663199825,0.0048576295375823975
2000,257,0.0050615930231288075,0.006123440547459403,0.0009016792173497379,0.011306086182594299,0.9901026392961876,0.935483870967742,0.2903225806451613,0.003482179701208107,0.004809176083654165
2000,266,0.005755000871431548,0.007426204922619293,-0.0005900871547055431,0.014300028607249259,0.9633431085043987,0.8467741935483872,0.45161290322580644,0.0058444772336271504,0.00512815173715353
2000,277,0.03740699046466034,0.05098545284758428,0.0364035787206376,0.08139082193374632,0.9072580645161289,0.8306451612903227,0.2903225806451613,0.022980456405709827,0.006025830749422312
2000,281,0.021267247691866942,0.028380962277449677,-0.013636503033922054,0.05590701475739479,0.9886363636363635,0.9274193548387099,0.3548387096774194,0.010776373572767742,0.005507960449904203
2000,305,0.020895070425467566,0.027345436933787787,-0.02035827250801958,0.057612529397010795,0.9945014662756597,0.9556451612903226,0.25806451612903225,0.00867991640623058,0.005603928584605455
2000,313,0.015748766702017747,0.020770429730779284,0.011850690949358977,0.03826513886451721,0.9901026392961876,0.9395161290322582,0.25806451612903225,0.009085654055759791,0.007107322569936514
2000,314,0.010389123723143712,0.012807706612732811,0.0024529875663574785,0.02579751759767532,0.9820381231671553,0.9072580645161292,0.2903225806451613,0.009315160974379509,0.0066338274627923965
2000,323,0.015783742652274668,0.01888359518566991,-0.015783742652274668,0.030752861499786375,0.9901026392961876,0.935483870967742,0.2903225806451613,0.009346915303819602,0.006442829500883818
2000,329,0.011778233863878995,0.015871746661048687,0.006511399929877371,0.033964998275041576,0.9805718475073312,0.899193548387097,0.3870967741935484,0.013213449698542394,0.0074637895449995995
2000,341,0.010221310803899541,0.013385726137134181,0.004282482113922015,0.02585790976881981,0.9820381231671553,0.903225806451613,0.3225806451612903,0.010917965142476943,0.007963057607412338
2000,357,0.0391300524934195,0.04814413010160067,0.02822300634579733,0.08785190880298613,0.9776392961876832,0.8911290322580646,0.3548387096774194,0.02306008942785763,0.01064531784504652
2000,362,0.025343442597659305,0.03240176155758413,0.021886429720325395,0.06252778321504593,0.9673753665689149,0.8629032258064517,0.3548387096774194,0.013123973993764769,0.009347622282803059
2000,391,0.059291603218298405,0.06857861700562515,0.05852150195278227,0.10984939001500607,0.9516129032258064,0.838709677419355,0.3225806451612903,0.01672203174882358,0.006497648544609547
2000,418,0.007226417139463592,0.00873438990714483,0.004986516833014321,0.015242618694901466,0.9912023460410555,0.935483870967742,0.3225806451612903,0.0035880617797374725,0.0052626291289925575
2000,420,0.0029272915853653103,0.0036751371627934313,-0.0024372135812882334,0.006138782948255538,0.9952346041055717,0.9677419354838711,0.12903225806451613,0.002456191281277326,0.005138172302395105
2000,422,0.00623000585619593,0.006925771992455212,-0.00623000585619593,0.01090034432709217,0.9959677419354838,0.9677419354838711,0.16129032258064516,0.002453324595286,0.005178592633455992
2000,435,0.0067148687958251685,0.008627557698813293,0.005877937626792118,0.017327898181974888,0.9915689149560116,0.9475806451612905,0.1935483870967742,0.0028367256745696068,0.00492847990244627
2000,441,0.005013137466448825,0.006525359966367674,-0.0007542383318650536,0.012713165022432802,0.9637096774193546,0.8629032258064517,0.3225806451612903,0.005641107056890765,0.0051096584647893906
2000,450,0.0032348748864023946,0.003732982022186661,-0.0012413250442477874,0.0059310953132808205,0.9959677419354838,0.963709677419355,0.22580645161290322,0.0030863379248447956,0.005175659898668528
2000,451,0.0036254928418202326,0.004506249977407203,0.0002052916825050488,0.008418214041739702,0.9890029325513194,0.935483870967742,0.25806451612903225,0.003995432248038631,0.005010955035686493
2000,466,0.013904872801504098,0.015805423706011155,0.012469835361116566,0.025398783665150405,0.9699413489736071,0.8830645161290324,0.25806451612903225,0.0038330726505767915,0.0053398460149765015
2000,470,0.018028809448878746,0.02088763652749636,0.01759707730525406,0.03183112870901823,0.9967008797653958,0.9758064516129032,0.12903225806451613,0.002542980766344455,0.005204738117754459
2000,474,0.004263340342731681,0.004858053703697424,-0.0005766843314631842,0.007141178753226994,0.9912023460410555,0.9435483870967742,0.25806451612903225,0.0031632464679498826,0.005418521352112293
2000,484,0.029381792730418965,0.03512216781710787,0.025659219041699544,0.05672266334295273,0.9794721407624633,0.903225806451613,0.2903225806451613,0.012843289923283362,0.00830540806055069
2000,489,0.03002790131722577,0.03553509332463393,0.029406832967652008,0.06260714717209338,0.9820381231671553,0.9072580645161292,0.3225806451612903,0.014893600867400247,0.007373183034360409
2000,497,0.007784889006870799,0.0093668194864347,0.0008893898484529927,0.015546659752726554,0.9926686217008798,0.9475806451612905,0.25806451612903225,0.007843005485952861,0.006920123007148504
2000,500,0.01899451739154756,0.023837069737723787,0.018454117700457573,0.048198608122766017,0.9893695014662756,0.9435483870967742,0.1935483870967742,0.0093913254958968,0.007959786802530289
2000,502,0.011688613434671424,0.015065069296431196,0.007281828162376769,0.027461821213364598,0.9824046920821112,0.9233870967741936,0.25806451612903225,0.011484658360601432,0.006474057678133249
2000,529,0.01248640067933593,0.016241953573513476,-0.0078053042670944706,0.035135310515761374,0.9772727272727272,0.9072580645161292,0.25806451612903225,0.009746949158368571,0.007395460270345211
2000,544,0.0044129947636974975,0.005445516105055227,-0.004093879644642584,0.010204079840332267,0.9897360703812315,0.9395161290322582,0.22580645161290322,0.00389665485389771,0.004883972927927971
2000,545,0.004538541732472368,0.005989494457832821,0.0021918415295658633,0.010659118741750717,0.9772727272727272,0.8951612903225807,0.25806451612903225,0.004678051978830368,0.005294036120176315
2000,548,0.0066641110242926516,0.007938346207926737,0.0011109649421996437,0.013581599108874798,0.9798387096774193,0.9072580645161292,0.3225806451612903,0.0033808898541235156,0.005178839899599552
2000,556,0.006919072307937313,0.009679937485585877,0.005386026627093088,0.02077309265732765,0.9842375366568914,0.9193548387096776,0.25806451612903225,0.004539902907826247,0.005102500785142183
2250,11,0.01628141783294268,0.021208463087619128,0.0056568862637504935,0.03364073559641838,0.9589442815249266,0.866935483870968,0.3870967741935484,0.011458216340190942,0.003931101877242327
2250,23,0.029038240943918936,0.03849448900939245,0.028793374935048632,0.07755606360733508,0.9611436950146627,0.8830645161290324,0.3225806451612903,0.011673403423159354,0.003917856141924858
2250,40,0.012404304841766134,0.015849055574114895,0.01052660500863567,0.028157423436641692,0.9948680351906156,0.9556451612903226,0.25806451612903225,0.005565960260648881,0.00388252642005682
2250,43,0.013154420186765492,0.015557181046879899,-0.006445373524911702,0.0270924000069499,0.9816715542521994,0.903225806451613,0.3225806451612903,0.007304536599305368,0.012868225574493408
2250,58,0.011148957382829394,0.015644595483853902,0.009200240376230795,0.031930204108357424,0.9893695014662756,0.931451612903226,0.2903225806451613,0.005180490601267065,0.0038182188291102648
2250,62,0.006339764746371657,0.00832206855440616,-0.0004787000361829996,0.015018012747168541,0.9868035190615836,0.9233870967741936,0.3225806451612903,0.005929250119914932,0.0038377316668629646
2250,63,0.007398502384603489,0.009620231484828923,0.0034373565213172697,0.018288928270339965,0.970307917888563,0.899193548387097,0.1935483870967742,0.006861318661380679,0.0037449842784553766
2250,84,0.006713314200169407,0.008686382021129849,-0.006403444203897379,0.01706002075225115,0.9882697947214076,0.935483870967742,0.25806451612903225,0.0038404270345645565,0.0038775308057665825
2250,86,0.005721219546103384,0.007492519310088114,-0.005335610556358006,0.015284910798072811,0.9967008797653958,0.9717741935483872,0.16129032258064516,0.004534934722487965,0.0038847490213811398
2250,90,0.008478205039864406,0.00970595306793842,-0.007452948804711923,0.016191782802343367,0.9956011730205276,0.9596774193548389,0.25806451612903225,0.003185211440488215,0.004474152810871601
2250,99,0.007313143301871605,0.008902066005894722,-0.007023364203632809,0.01640257854014635,0.9868035190615836,0.9274193548387099,0.2903225806451613,0.0038439785580961935,0.004127274267375469
2250,171,0.01677142050175462,0.018071968617857283,-0.01677142050175462,0.023393970169126987,0.9970674486803517,0.9717741935483872,0.1935483870967742,0.0036131157990424863,0.0040675075724720955
2250,180,0.011142318086058367,0.012268804547859528,0.009567010674800258,0.01857950687408447,0.9794721407624633,0.9112903225806452,0.25806451612903225,0.004074613398481761,0.0042168498039245605
2250,182,0.01053699960175436,0.011456820874895515,-0.01053699960175436,0.0167701730504632,0.9912023460410555,0.9516129032258066,0.1935483870967742,0.0027267380707686945,0.0039645591750741005
2250,195,0.010042340181826148,0.011095746338082689,-0.010042340181826148,0.016011870466172695,0.9934017595307918,0.9516129032258066,0.22580645161290322,0.0031894048405510765,0.003902809228748083
2250,196,0.008700037717062514,0.009874017036445373,-0.00025819043366936967,0.016969861462712288,0.9824046920821112,0.9193548387096776,0.25806451612903225,0.0027545099146664143,0.0038448539562523365
2250,205,0.0070134599955054,0.008772228927835492,-0.005298454794683494,0.016007519420236347,0.974706744868035,0.8870967741935486,0.2903225806451613,0.0055793047912659184,0.003948971629142761
2250,209,0.006611876568058506,0.007811442068603354,-0.006297023413935676,0.0134265448898077,0.9879032258064515,0.9395161290322582,0.1935483870967742,0.003433221282677785,0.0036829861346632242
2250,216,0.009239540668204427,0.011414640098632403,-0.005144512979313731,0.021372494287788868,0.970674486803519,0.9153225806451614,0.25806451612903225,0.004737266399446995,0.004205759614706039
2250,222,0.011738986970158294,0.015023496467298872,-0.010402354906545952,0.028490847442299128,0.9578445747800585,0.8548387096774194,0.2903225806451613,0.008230071725143541,0.019313175231218338
2250,230,0.011820494321000297,0.014455419583105478,-0.009611268884327728,0.029009474627673622,0.9497800586510262,0.8306451612903227,0.2903225806451613,0.008248354728904462,0.0038901022635400295
2250,242,0.015071152833115775,0.018856780443632433,-0.014928028227586765,0.029507080186158413,0.937683284457478,0.8306451612903227,0.3870967741935484,0.008446279139588437,0.0037868304643779993
2250,255,0.011862034705700353,0.014575112778293238,0.005683503026375547,0.024664103239774703,0.970307917888563,0.870967741935484,0.3548387096774194,0.009201368136752036,0.0035524582490324974
2250,257,0.008835152206302155,0.010403761949181304,-0.0031957234677975066,0.016963376849889755,0.9849706744868034,0.9193548387096776,0.25806451612903225,0.0036133779888792386,0.003582041012123227
2250,266,0.011495744751300663,0.015102231297638068,-0.008230871462728828,0.029524475708603854,0.9175219941348972,0.7943548387096775,0.2903225806451613,0.007222689996143022,0.0037064498756080866
2250,277,0.02987431905057747,0.038585894633153234,0.025271292353863828,0.06905986964702605,0.9736070381231671,0.8911290322580646,0.3548387096774194,0.015610780341610793,0.005690604913979769
2250,281,0.017669715045485646,0.02261016514038108,-0.01692439179169014,0.042897246778011315,0.9901026392961876,0.9435483870967742,0.22580645161290322,0.009668865751835608,0.008422508835792542
2250,305,0.03411869159754133,0.0371353265366432,-0.03411869159754133,0.05640362799167632,0.9930351906158357,0.9435483870967742,0.3225806451612903,0.008766542571867186,0.0037110743578523397
2250,313,0.015059624900459312,0.01844158072077029,-0.00021548023505602032,0.0316701203584671,0.9934017595307918,0.9596774193548389,0.12903225806451613,0.0067647865883285,0.003914766013622284
2250,314,0.013730542748817243,0.016542875303964408,-0.0018357564840698615,0.028138036280870436,0.9820381231671553,0.9153225806451614,0.25806451612903225,0.009806692389951598,0.0038931984454393387
2250,323,0.028915846327436157,0.032410143693346244,-0.028915846327436157,0.05217332653701305,0.9934017595307918,0.9516129032258066,0.22580645161290322,0.007591081137258199,0.0037943427450954914
2250,329,0.011148586476338096,0.014213337248053499,-0.0036098740092711523,0.02772701345384121,0.9908357771260996,0.9435483870967742,0.22580645161290322,0.010338213970704425,0.003984047565609217
2250,341,0.014601219139876775,0.01658152806223494,-0.010542752090259455,0.025925475358963012,0.9798387096774193,0.9153225806451614,0.22580645161290322,0.014198374438790544,0.004689150024205446
2250,357,0.039587645209394395,0.05273367702816809,0.025415258132852614,0.10843508690595625,0.9794721407624633,0.8951612903225807,0.3870967741935484,0.01907303643923613,0.0074894120916724205
2250,362,0.023955209369887598,0.031947002888350215,0.018340636379434727,0.06915762647986412,0.9681085043988268,0.8750000000000001,0.25806451612903225,0.010919362051232208,0.0049180141650140285
2250,391,0.059203114273259416,0.0700010954092628,0.05752191270585172,0.11366935223340988,0.9563782991202344,0.838709677419355,0.3870967741935484,0.016081475622711644,0.0045956335961818695
2250,418,0.005415486833953764,0.006456011443904656,-0.0010329143478884362,0.010345859825611115,0.9904692082111435,0.935483870967742,0.3225806451612903,0.004045321410822291,0.0039018350653350353
2250,420,0.006604207286727615,0.008101452068491714,-0.006519747621496208,0.01315544657409191,0.9923020527859235,0.9475806451612905,0.22580645161290322,0.002772144702894072,0.003949644975364208
2250,422,0.008969320588221308,0.010008505527531835,-0.008969320588221308,0.015817805007100103,0.9919354838709675,0.9475806451612905,0.1935483870967742,0.0034481188763053187,0.003908536396920681
2250,435,0.00449916302022757,0.005684874677292753,0.0019161811142112128,0.011085851490497588,0.9930351906158357,0.9516129032258066,0.1935483870967742,0.002521334088317329,0.0037575054448097944
2250,441,0.006919029990967829,0.008704944747025605,-0.004171961314568762,0.01675687124952674,0.9567448680351905,0.8629032258064517,0.25806451612903225,0.00605715055679602,0.0037129749543964863
2250,450,0.004039921048388351,0.005008067338299023,-0.003660749534901697,0.008747485466301441,0.9959677419354838,0.9596774193548389,0.2903225806451613,0.0031623529841101937,0.0038842144422233105
2250,451,0.004218155991111416,0.005237799604241874,-0.00365453463018639,0.010122701525688171,0.9908357771260996,0.935483870967742,0.2903225806451613,0.003502739788663964,0.00399067671969533
2250,466,0.01084120113227982,0.012824831551773972,0.009684527743957005,0.021860057022422552,0.9688416422287388,0.866935483870968,0.3548387096774194,0.004274937444396557,0.003919545561075211
2250,470,0.014421519059396815,0.016975883244624863,0.014144947846943978,0.029302197322249413,0.9941348973607038,0.9556451612903226,0.22580645161290322,0.0027816192577442816,0.004038714803755283
2250,474,0.005702027301595081,0.0072365750113503645,-0.005292888447002042,0.01499341782182455,0.9915689149560116,0.9395161290322582,0.25806451612903225,0.0032895372940167306,0.003995257429778576
2250,484,0.01958963423385285,0.02490749764349644,0.005417994601884857,0.049441018700599665,0.9765395894428152,0.903225806451613,0.2903225806451613,0.013693908710152872,0.007864212617278099
2250,489,0.02574249531608075,0.031007503003924318,0.024535387492505834,0.0561007935553789,0.9923020527859235,0.9516129032258066,0.22580645161290322,0.013119925910066213,0.005463798064738512
2250,497,0.01111865286657121,0.013471868368941736,5.9103433159179986e-05,0.02413220927119255,0.9879032258064515,0.9274193548387099,0.3548387096774194,0.008463184093876232,0.005121222231537104
2250,500,0.013680970252607949,0.01630790272517818,0.007231681069242768,0.031078887730836866,0.9816715542521994,0.9112903225806452,0.25806451612903225,0.010507847828369948,0.006451743189245462
2250,502,0.010095617762999609,0.015922977511553936,0.005556473886827007,0.028394720703363414,0.974706744868035,0.9072580645161292,0.22580645161290322,0.013397562287507518,0.005478149279952049
2250,529,0.014153505399008282,0.017586868150629986,-0.00040759802504908293,0.03332053944468498,0.971041055718475,0.8911290322580646,0.22580645161290322,0.009472662222481543,0.006309506483376026
2250,544,0.01093803574622143,0.01264838407518654,-0.010851795159396715,0.02018115809187293,0.9937683284457477,0.9596774193548389,0.1935483870967742,0.003470929527294732,0.0037007175851613283
2250,545,0.004347909256466664,0.005761452712294405,-0.0022626341233262792,0.011179551109671592,0.9761730205278591,0.899193548387097,0.25806451612903225,0.004510932136327028,0.003961674403399229
2250,548,0.007423980554449372,0.00908363850091566,-0.00424576063232962,0.016100798361003397,0.9882697947214076,0.931451612903226,0.25806451612903225,0.003083542117007798,0.003886553691700101
2250,556,0.007431023666867986,0.010057092897665088,0.0026823544467333704,0.022959644347429274,0.971774193548387,0.870967741935484,0.3225806451612903,0.00435561535038775,0.0038370038382709026
2500,11,0.013717238849494606,0.019564089500978325,0.01277269865386188,0.038878009095788,0.9948680351906156,0.9556451612903226,0.25806451612903225,0.004735603072350064,0.004056628327816725
2500,23,0.03572143265046179,0.042071217800467894,0.03543725557392463,0.07767818197607994,0.9750733137829911,0.8951612903225807,0.3548387096774194,0.009181126381360715,0.004546833224594593
2500,40,0.013955251983134076,0.016766745571984296,0.013174683175748214,0.03081734366714954,0.9923020527859235,0.9516129032258066,0.1935483870967742,0.005277807073247048,0.004219444468617439
2500,43,0.011330068635288626,0.01390602675138094,-0.0012465292238630354,0.0263876661658287,0.9732404692082111,0.8951612903225807,0.3225806451612903,0.00644848543790079,0.012828631326556206
2500,58,0.009705817516078241,0.01283170278632212,0.009058846437255852,0.02565992586314678,0.9893695014662756,0.9395161290322582,0.22580645161290322,0.0042926281119786925,0.005396018270403147
2500,62,0.00631637146580033,0.008072619525963859,0.005887238396098837,0.012955156341195106,0.9897360703812315,0.9395161290322582,0.22580645161290322,0.004055003094817361,0.004501632414758205
2500,63,0.013824948313413188,0.016233781809586487,0.010984567838022485,0.02565798498690128,0.9684750733137829,0.899193548387097,0.1935483870967742,0.0066361015722636255,0.00416499562561512
2500,84,0.006075892859371379,0.007276123456229635,-0.0029563749267254025,0.012915406748652459,0.9934017595307918,0.9516129032258066,0.22580645161290322,0.003741080241818582,0.00461985357105732
2500,86,0.0033473175644758157,0.004301044123614786,0.001759868704539258,0.007801137119531629,0.9974340175953078,0.9758064516129032,0.16129032258064516,0.0030297775332245136,0.005155076738446951
2500,90,0.0038936146738706157,0.004469295526927941,-0.002136922368663363,0.007475285418331623,0.9915689149560116,0.9475806451612905,0.1935483870967742,0.0032866421426015514,0.005565227009356022
2500,99,0.00410157980513759,0.005463685752427826,-0.003866603394271806,0.009679403156042097,0.9897360703812315,0.9395161290322582,0.22580645161290322,0.003371627280308354,0.004670360125601292
2500,171,0.013625846520881169,0.015558822552183,-0.013625846520881169,0.023687935993075372,0.9956011730205276,0.9677419354838711,0.16129032258064516,0.002699678222979269,0.004659219644963741
2500,180,0.016094411701487843,0.01756252098165079,0.015036861084809061,0.024736065976321695,0.9798387096774193,0.9233870967741936,0.1935483870967742,0.0032922604211395785,0.0044787065126001835
2500,182,0.006487541540991515,0.007474385196382039,-0.006295154336839914,0.0129990816116333,0.9912023460410555,0.9395161290322582,0.25806451612903225,0.0033252231716628996,0.004531810991466045
2500,195,0.008018784523301292,0.009812378527735557,-0.008018784523301292,0.01681818515062332,0.9934017595307918,0.9596774193548389,0.12903225806451613,0.002981965490166218,0.004449828527867794
2500,196,0.007001501311606262,0.009267483659646726,0.00423125453380635,0.017404041811823846,0.9890029325513194,0.935483870967742,0.25806451612903225,0.002943214224351029,0.0045100911520421505
2500,205,0.004397634751512669,0.005952575539550954,0.0014183140738168731,0.011683315597474573,0.972873900293255,0.8830645161290324,0.2903225806451613,0.005565431975429097,0.0044883242808282375
2500,209,0.004239084817527328,0.004970303624680331,-0.0025208286606357433,0.007753013074398041,0.9827712609970674,0.931451612903226,0.1935483870967742,0.0032087993477621386,0.004492136184126139
2500,216,0.003166362759657204,0.00417850063271889,0.0018902226584032178,0.008970467373728752,0.9967008797653958,0.9677419354838711,0.22580645161290322,0.0025165042269133754,0.004802239127457142
2500,222,0.009441683738259599,0.011514421871301741,0.003555051313014701,0.02297505773603916,0.9662756598240468,0.870967741935484,0.3870967741935484,0.007895171371919493,0.014479510486125946
2500,230,0.008031102675886359,0.010731073716329595,0.001604274999408517,0.019453693088144063,0.9479472140762463,0.8266129032258066,0.3225806451612903,0.007797000328859975,0.005546802654862404
2500,242,0.010494114481844008,0.01280702084455204,-0.009490857482887805,0.02331620641052723,0.9769061583577712,0.8870967741935486,0.3225806451612903,0.007221668613173308,0.004363274667412043
2500,255,0.013591088078101166,0.016696003144511366,0.012991836396395229,0.02890818417072296,0.9813049853372433,0.9153225806451614,0.25806451612903225,0.006172956853744483,0.004697163123637438
2500,257,0.004178828137810342,0.005328958094563316,0.0007490644493373111,0.00956492181867361,0.9897360703812315,0.9475806451612905,0.1935483870967742,0.003112203171176295,0.004230363294482231
2500,266,0.006078820566472132,0.007742227841197107,-0.00036962563899578527,0.0153485856950283,0.9695747800586508,0.866935483870968,0.3870967741935484,0.006146114920416186,0.0050823502242565155
2500,277,0.02874398101994302,0.04044828657269607,0.022356190616847016,0.0646544337272644,0.9325513196480938,0.8508064516129034,0.2903225806451613,0.019588436255411755,0.006483600940555334
2500,281,0.010843302210560068,0.014960328862078745,-0.0068375303817447275,0.03332052156329155,0.9952346041055717,0.9677419354838711,0.16129032258064516,0.007581415616216198,0.008404353633522987
2500,305,0.02137097725062631,0.02348815313155947,-0.02137097725062631,0.03217947483062744,0.9923020527859235,0.9516129032258066,0.1935483870967742,0.006350506727974261,0.004347898997366428
2500,313,0.01698023296194151,0.021796060171624408,0.012684249843005091,0.03868948519229889,0.9956011730205276,0.9677419354838711,0.16129032258064516,0.00702840750736575,0.0043434277176856995
2500,314,0.016917436034418643,0.019925434689023396,0.001720037660561502,0.03416706472635269,0.9743401759530791,0.8870967741935486,0.2903225806451613,0.00968841334143954,0.004341566003859043
2500,323,0.016062582421000116,0.018456737324035615,-0.016062582421000116,0.02981605902314186,0.9937683284457477,0.9516129032258066,0.25806451612903225,0.0070884908068804976,0.0042107016779482365
2500,329,0.010977987767546438,0.013911938353110317,0.0037132896395632997,0.024610578268766403,0.9919354838709675,0.935483870967742,0.3548387096774194,0.011332030903788344,0.004392081405967474
2500,341,0.007600562981679104,0.01009329797495981,-0.0011679206363623962,0.021487237513065336,0.9890029325513194,0.935483870967742,0.25806451612903225,0.008339422484559397,0.005472294986248016
2500,357,0.040099336503772065,0.0545059941080606,0.03147770816576667,0.11150356531143188,0.9846041055718473,0.9233870967741936,0.25806451612903225,0.013853122510256307,0.010014491155743599
2500,362,0.029236918286187574,0.03736717870084071,0.026330043911002576,0.06826158016920089,0.9802052785923753,0.903225806451613,0.3225806451612903,0.008055859080125247,0.007164122071117163
2500,391,0.0645138357358519,0.07567548609786048,0.0632175360515248,0.11550048738718033,0.9534457478005866,0.8508064516129034,0.25806451612903225,0.016395379218362992,0.007655361667275429
2500,418,0.0034449171434971504,0.00409048241816826,0.001798720688384492,0.007236961182206869,0.9926686217008798,0.9475806451612905,0.25806451612903225,0.003609987561621012,0.004873682279139757
2500,420,0.004151369095779955,0.005009692826067197,-0.0032386427046731114,0.009796789661049842,0.9937683284457477,0.9556451612903226,0.1935483870967742,0.0031710882641134723,0.004890306852757931
2500,422,0.007282962389581371,0.008230858466105467,-0.007035220223770011,0.013091090507805348,0.9934017595307918,0.9556451612903226,0.22580645161290322,0.002448384034176988,0.004931962117552757
2500,435,0.004580933789839037,0.006047005908198134,0.003991296267486177,0.01157978270202875,0.9937683284457477,0.9516129032258066,0.25806451612903225,0.002649446934341423,0.004991841968148947
2500,441,0.0048428767986479215,0.00633106493951857,2.9345399525482208e-05,0.013953952863812446,0.9673753665689149,0.870967741935484,0.2903225806451613,0.0057042203092527,0.00463789002969861
2500,450,0.003193263844877947,0.00403523614212518,-0.0025056016238522716,0.007759681530296801,0.9974340175953078,0.9758064516129032,0.16129032258064516,0.002478854505405311,0.004706141073256731
2500,451,0.002744539568084292,0.0039627570481864495,0.0003692015161504969,0.009510470367968081,0.9882697947214076,0.935483870967742,0.22580645161290322,0.003703416745749212,0.005235634744167328
2500,466,0.014039375862921588,0.01619234853518285,0.013121667798259296,0.026002174708992243,0.9699413489736071,0.8790322580645162,0.2903225806451613,0.004028165052014012,0.004599622450768948
2500,470,0.01635396446363302,0.018344452453822633,0.01595475681097014,0.02704815473407507,0.9941348973607038,0.9556451612903226,0.22580645161290322,0.002835905539893335,0.005042107775807381
2500,474,0.0028685112120001577,0.00351405375671504,-0.0016279961782856844,0.006217199377715587,0.9890029325513194,0.9395161290322582,0.25806451612903225,0.0034273297736240973,0.004871336743235588
2500,484,0.026189157797489315,0.03131599113914687,0.014839596056845039,0.05264988243579864,0.9809384164222872,0.9153225806451614,0.2903225806451613,0.013418435028964473,0.009537635371088982
2500,489,0.026429081975948066,0.030562940184213384,0.026051685388665646,0.050939033925533284,0.9901026392961876,0.9395161290322582,0.25806451612903225,0.01120042392323094,0.005389682948589325
2500,497,0.013393355140578933,0.01664619427277273,0.009264905485906638,0.030336089432239526,0.9908357771260996,0.9475806451612905,0.22580645161290322,0.007105030840443027,0.0053162956610322
2500,500,0.024176134829758666,0.030223725516857553,0.023798492635251023,0.06234590262174606,0.9893695014662756,0.9435483870967742,0.22580645161290322,0.008203812529362978,0.006042275112122297
2500,502,0.013946565799415112,0.019184188413031652,0.012042945047141984,0.0336460031569004,0.9886363636363635,0.935483870967742,0.25806451612903225,0.010296197472921303,0.005073047708719969
2500,529,0.01645129367534537,0.01908770506312686,0.0023660789447603747,0.033304056525230406,0.9783724340175952,0.9153225806451614,0.22580645161290322,0.008553305190176733,0.007103556767106056
2500,544,0.008159530290868133,0.009439767069351693,-0.007828852802049369,0.015060346852988004,0.9901026392961876,0.9435483870967742,0.25806451612903225,0.0038481615483760834,0.004903819411993027
2500,545,0.003786423447309062,0.005016194347083267,0.0014612287341151386,0.010514307767152785,0.9893695014662756,0.9395161290322582,0.25806451612903225,0.0033816715341902547,0.005327870137989521
2500,548,0.004770351755723823,0.005688596460493856,0.0008129764391924255,0.010211319848895072,0.9908357771260996,0.9435483870967742,0.22580645161290322,0.003025469685634298,0.004709035623818636
2500,556,0.007210148782178294,0.00970340437149408,0.006643620035902131,0.02104763388633728,0.9838709677419353,0.9153225806451614,0.2903225806451613,0.003808011240776508,0.004558191634714603
2750,11,0.014051440070034005,0.018774226877175348,0.006618263301788829,0.03599405363202095,0.9926686217008798,0.9435483870967742,0.2903225806451613,0.005664144732779072,0.0024793175980448723
2750,23,0.03071045650722226,0.03733728742327653,0.030490842364088167,0.07055829651653767,0.9758064516129032,0.903225806451613,0.2903225806451613,0.008505112859570691,0.0026535505894571543
2750,40,0.01225057659758022,0.014883710592334695,0.010544087075686548,0.02542203217744827,0.9912023460410555,0.9435483870967742,0.25806451612903225,0.00555457507500485,0.002519587753340602
2750,43,0.012863173324149102,0.016550758808344286,-0.006963746796827763,0.027884914819151157,0.9607771260997068,0.8870967741935486,0.2903225806451613,0.007478488909621392,0.015596207231283188
2750,58,0.007094082960975356,0.009714744413880627,0.005814400807139464,0.02259787507355213,0.9915689149560116,0.9395161290322582,0.25806451612903225,0.004582387575459096,0.00314519926905632
2750,62,0.0036141653326922096,0.004886096604536422,-0.0008801886651781388,0.01082771085202694,0.9901026392961876,0.9435483870967742,0.22580645161290322,0.00447048444391018,0.002534926636144519
2750,63,0.010744625076767989,0.014048813718447621,0.005316461712936871,0.023496202751994127,0.971407624633431,0.9072580645161292,0.1935483870967742,0.007051041725301935,0.002693577203899622
2750,84,0.005254131487163249,0.0068144824650674465,-0.004008283467555884,0.014600284583866596,0.9838709677419353,0.9153225806451614,0.2903225806451613,0.004678401863202453,0.0026885534171015024
2750,86,0.003423035428568255,0.004634716787434146,-0.0006998433018452488,0.010978026315569878,0.9912023460410555,0.9516129032258066,0.1935483870967742,0.003926535595148321,0.003253911854699254
2750,90,0.00731426797574386,0.010066962128998377,-0.007017299474682659,0.02026635082438588,0.9585777126099707,0.8750000000000001,0.3225806451612903,0.005110974423587322,0.0034726811572909355
2750,99,0.0063852224993752316,0.007482040579864637,-0.006382471416145563,0.01190844029188156,0.9926686217008798,0.9596774193548389,0.12903225806451613,0.0026953262802694115,0.0025393653195351362
2750,171,0.017982588200538885,0.020475836344582613,-0.017982588200538885,0.03301355242729187,0.9970674486803517,0.9758064516129032,0.12903225806451613,0.0025801427527180603,0.0025058842729777098
2750,180,0.013685722376976628,0.014703199733676571,0.012083198518666904,0.019387298822402955,0.9662756598240468,0.8911290322580646,0.25806451612903225,0.0037827164745859562,0.002491086721420288
2750,182,0.008031624609429855,0.009121046364430632,-0.008021071793336887,0.015136085543781519,0.9919354838709675,0.9475806451612905,0.25806451612903225,0.0030964354443694313,0.0024096835404634476
2750,195,0.010728038527304307,0.012849269746764517,-0.010722767940023914,0.021793726459145547,0.9948680351906156,0.963709677419355,0.16129032258064516,0.0033251529544471733,0.002432137494906783
2750,196,0.006103597101173364,0.00761174864601016,0.0022248459426919,0.014946789667010307,0.9948680351906156,0.963709677419355,0.1935483870967742,0.002683339978478128,0.0025120952632278204
2750,205,0.004995105606212746,0.00606885028924919,-0.0032036334087024443,0.01118599772453308,0.9842375366568914,0.9193548387096776,0.1935483870967742,0.0048851695722870285,0.0028351815417408943
2750,209,0.00543064865632914,0.006514023537081124,-0.004295802296837792,0.010950644873082636,0.9882697947214076,0.935483870967742,0.25806451612903225,0.003779916641032023,0.0024997906293720007
2750,216,0.00258008290984435,0.0032261374792255534,0.0004839539251406677,0.006827941630035639,0.9989002932551319,0.9879032258064518,0.0967741935483871,0.001844769396308449,0.0025532578583806753
2750,222,0.00908924502437003,0.010738868165084833,-0.005523501575225964,0.018974323105067015,0.9626099706744867,0.8629032258064517,0.3870967741935484,0.007053984719659051,0.018858395516872406
2750,230,0.00997104690031847,0.012589654813711765,-0.0067992981857969426,0.024327017087489366,0.9545454545454545,0.8266129032258066,0.3870967741935484,0.009548701090557922,0.0030047856271266937
2750,242,0.013295285825734027,0.015806937600263284,-0.013279038495966233,0.024016734585165976,0.9787390029325512,0.8911290322580646,0.3225806451612903,0.006316313084455267,0.003617479931563139
2750,255,0.009627755942346994,0.012320644310839643,0.006387212277331855,0.02290203608572483,0.9688416422287388,0.8870967741935486,0.2903225806451613,0.007207221599415906,0.0032628413755446672
2750,257,0.007623491779668257,0.0089622898730137,-0.007573755894554779,0.016617102175951002,0.9919354838709675,0.9516129032258066,0.1935483870967742,0.004092724738462317,0.0027183243073523045
2750,266,0.007117587476386689,0.009118505696785933,-0.006497238966403529,0.016969012282788753,0.9802052785923753,0.9072580645161292,0.2903225806451613,0.004412192843794342,0.0033841647673398256
2750,277,0.022793403491959907,0.03343872938063134,0.020044745746417902,0.06396054625511169,0.9794721407624633,0.931451612903226,0.1935483870967742,0.01301160438226596,0.004391624126583338
2750,281,0.013648993408423848,0.01633036435072208,-0.011835877856356092,0.031108108907938,0.9956011730205276,0.9677419354838711,0.16129032258064516,0.006810350208393027,0.007708246354013681
2750,305,0.030237857121392153,0.03290398636898992,-0.030237857121392153,0.04636366069316864,0.9934017595307918,0.9475806451612905,0.2903225806451613,0.008177548707012207,0.0024503404274582863
2750,313,0.01598444984119851,0.019718122225575965,0.006198988950927742,0.0339738667011261,0.9952346041055717,0.963709677419355,0.1935483870967742,0.00618580611602914,0.0027353577315807343
2750,314,0.014369055119459517,0.017724383611861495,-0.003454482604865916,0.03048150762915611,0.9750733137829911,0.8911290322580646,0.2903225806451613,0.010330931328597569,0.003174454439431429
2750,323,0.01858547391020693,0.0216713832300853,-0.01858547391020693,0.033946373686194416,0.9908357771260996,0.9556451612903226,0.16129032258064516,0.007239511837401698,0.0029781125485897064
2750,329,0.00837438816233771,0.009718745831219714,-0.00014551805361406878,0.016810392960906025,0.9893695014662756,0.9274193548387099,0.3225806451612903,0.009452240308746696,0.0030258765909820795
2750,341,0.009701958522782661,0.013117081974467782,-0.005827388595207594,0.030483610928058624,0.9864369501466274,0.9193548387096776,0.2903225806451613,0.009903488079867056,0.004738109186291695
2750,357,0.04202060202078428,0.05829471100187931,0.025911789751262404,0.12398741394281386,0.9776392961876832,0.8870967741935486,0.41935483870967744,0.016468571964651346,0.0072351791895926
2750,362,0.024455146194668487,0.030116763216122652,0.017307253641774878,0.05615379437804222,0.9794721407624633,0.9072580645161292,0.25806451612903225,0.009844243075818784,0.0061461227014660835
2750,391,0.05532572876836639,0.06323980107635575,0.051514579870854504,0.09159512221813201,0.9556451612903224,0.8508064516129034,0.25806451612903225,0.015630607358029774,0.005430173594504595
2750,418,0.003233095347241033,0.00415266308770742,-0.0005494411525432952,0.007322095520794391,0.9948680351906156,0.9596774193548389,0.22580645161290322,0.003105829665136914,0.003135921899229288
2750,420,0.005493898883287329,0.006404580261021017,-0.005493898883287329,0.010687295719981194,0.9930351906158357,0.9475806451612905,0.25806451612903225,0.002987511050436766,0.0030091414228081703
2750,422,0.008536318913684227,0.00932976961169711,-0.008536318913684227,0.013473468041047454,0.9970674486803517,0.9758064516129032,0.12903225806451613,0.002761246681573891,0.0030933315865695477
2750,435,0.0043502953558345325,0.005150645372283796,0.0028077346723875962,0.008569245971739293,0.9956011730205276,0.963709677419355,0.1935483870967742,0.0024782791283101805,0.0030349460430443287
2750,441,0.00447048924252158,0.005828815085022401,-0.0009675401306594722,0.011554438294842838,0.9681085043988268,0.870967741935484,0.3225806451612903,0.005119736479114621,0.0028003619518131018
2750,450,0.003283196179836523,0.0038655309592367203,-0.0027772846442530863,0.006558758020401001,0.9967008797653958,0.9677419354838711,0.22580645161290322,0.0025286459469146304,0.0030098159331828356
2750,451,0.00235303560475586,0.002769144332802955,-0.0013473930521286093,0.005210354365408421,0.9959677419354838,0.963709677419355,0.22580645161290322,0.0025318490281220404,0.0032755909487605095
2750,466,0.012756206357153133,0.015505214658855924,0.011879544385010377,0.0280376711860299,0.9688416422287388,0.8790322580645162,0.3225806451612903,0.004412182516628696,0.0029367413371801376
2750,470,0.014433850759814959,0.0169407177576831,0.014245437319914345,0.028579774126410485,0.9934017595307918,0.9475806451612905,0.2903225806451613,0.002527105389162898,0.003014615038409829
2750,474,0.00432094626739854,0.005209399189925125,-0.00432094626739854,0.009312527440488338,0.9930351906158357,0.9556451612903226,0.1935483870967742,0.0023506204522545297,0.0030456429813057184
2750,484,0.028935858368640766,0.03710809231274627,0.018082108028465882,0.06704235523939132,0.9695747800586508,0.899193548387097,0.2903225806451613,0.012290630609758438,0.009441806003451347
2750,489,0.02384110860293731,0.02797040585597006,0.021947629924397916,0.04875391609966754,0.9849706744868034,0.9233870967741936,0.25806451612903225,0.011093441457037003,0.006866665557026863
2750,497,0.010676661069737747,0.01301245946015614,0.006289528770139441,0.024635953456163404,0.9912023460410555,0.9516129032258066,0.22580645161290322,0.00649474780525892,0.005416435189545155
2750,500,0.02262668259209022,0.02827342198563141,0.02130399114685133,0.058959889411926265,0.9875366568914956,0.9395161290322582,0.1935483870967742,0.008758395790092407,0.006025176495313644
2750,502,0.008919009604142047,0.012455544328394092,0.005270316512905993,0.019018982723355293,0.9952346041055717,0.9677419354838711,0.12903225806451613,0.00830692674724325,0.0051457565277814865
2750,529,0.018115488419425674,0.020786398702133606,0.00023582616995554417,0.03302719034254551,0.972140762463343,0.8951612903225807,0.22580645161290322,0.010339271006805281,0.007756628096103668
2750,544,0.007704368203121703,0.0089111477900894,-0.00753757815255085,0.013998229335993526,0.9941348973607038,0.9596774193548389,0.1935483870967742,0.0037106378154168206,0.00276128388941288
2750,545,0.0033012627536663786,0.0044770070260336066,0.0005873578047612682,0.008178852591663595,0.9846041055718473,0.9153225806451614,0.3225806451612903,0.004367064849864091,0.003243845421820879
2750,548,0.006159228170872666,0.007329613112777062,-0.0018780182435875759,0.012742230296134948,0.9846041055718473,0.9112903225806452,0.3225806451612903,0.004136770813455505,0.003017762675881386
2750,556,0.005534438263566699,0.008393713494944992,0.004760735253512394,0.020018394663929937,0.9783724340175952,0.903225806451613,0.22580645161290322,0.0032538699076300665,0.002925482112914324
3000,11,0.011668606406601612,0.015264367677493692,0.010727114939072635,0.026829105615615845,0.9923020527859235,0.9475806451612905,0.22580645161290322,0.005193890034852009,0.002739634132012725
3000,23,0.03304341094917618,0.03917406858282074,0.032852598596946336,0.0677747044712305,0.9794721407624633,0.9112903225806452,0.25806451612903225,0.010293523533149593,0.003052997635677457
3000,40,0.010939249230432324,0.012941108394009106,0.009797175545827486,0.021033619344234467,0.9934017595307918,0.9556451612903226,0.22580645161290322,0.005354784248817352,0.002588704228401184
3000,43,0.011128473677672446,0.013362464277485267,-0.0054913024650886655,0.025083550624549384,0.972140762463343,0.8951612903225807,0.3225806451612903,0.00804993990928896,0.015056168660521507
3000,58,0.007428382188663818,0.009739782726407369,0.00706061146047432,0.018378693237900732,0.9945014662756597,0.9556451612903226,0.22580645161290322,0.004662444875124962,0.0032583149150013924
3000,62,0.004346234796685167,0.005600935785175618,0.0015173586434684694,0.011378064751625061,0.9886363636363635,0.935483870967742,0.25806451612903225,0.005620006779809633,0.00269405753351748
3000,63,0.010534605069551617,0.012747047372326606,0.007313540438190103,0.02178652361035347,0.971041055718475,0.903225806451613,0.1935483870967742,0.006493253378017295,0.0026036850176751614
3000,84,0.0051041486076428555,0.006997999068720892,-0.004396700962388422,0.013403601944446562,0.9908357771260996,0.9475806451612905,0.16129032258064516,0.003626693483261812,0.002773384330794215
3000,86,0.0030866699089528993,0.005307678302453718,0.00040794805681798607,0.007060420606285332,0.9970674486803517,0.9758064516129032,0.12903225806451613,0.002935794940699012,0.00331282545812428
3000,90,0.005611991997284349,0.006976504237641204,-0.005035299363953527,0.014607644546777009,0.9919354838709675,0.9435483870967742,0.25806451612903225,0.003376054329677455,0.0037992193829268217
3000,99,0.005073824911960401,0.006347728950728964,-0.005065578778157942,0.011589490622282029,0.9893695014662756,0.931451612903226,0.3225806451612903,0.003552312602198893,0.00281546451151371
3000,171,0.017918982375704218,0.02008508212329025,-0.017918982375704218,0.03184423483908176,0.9952346041055717,0.9717741935483872,0.0967741935483871,0.002488162195790679,0.0027786644641309977
3000,180,0.012076628096110653,0.013312684075300545,0.01121613541181432,0.019823173852637408,0.971041055718475,0.8951612903225807,0.22580645161290322,0.0037357988166472605,0.0028991326689720154
3000,182,0.010134135103726294,0.011158122354814419,-0.010134135103726294,0.01597382053732872,0.9941348973607038,0.963709677419355,0.12903225806451613,0.002630931663236791,0.002858464838936925
3000,195,0.011902060294232797,0.013615608985463422,-0.011902060294232797,0.021443942934274672,0.9937683284457477,0.9516129032258066,0.25806451612903225,0.003489052876830101,0.0027383496053516865
3000,196,0.005530406619072892,0.006609313578321169,-0.0008319312619278207,0.01195898726582527,0.9941348973607038,0.963709677419355,0.16129032258064516,0.0023800968718264374,0.002768001751974225
3000,205,0.004222304167342372,0.005300930129366664,-0.00232721479551401,0.009917987138032913,0.9838709677419353,0.9233870967741936,0.22580645161290322,0.0043350771114590665,0.003031014231964946
3000,209,0.00555258722306462,0.006069985670942122,-0.005087933626782615,0.010399596206843853,0.9919354838709675,0.9556451612903226,0.1935483870967742,0.0028279628604650497,0.0028028711676597595
3000,216,0.0025872738187899813,0.0034105686982805797,-0.00020494165073614568,0.007034984230995177,0.9959677419354838,0.9717741935483872,0.12903225806451613,0.002270611603894541,0.002938714809715748
3000,222,0.009995120606618002,0.011965714155021113,-0.006503401586087421,0.019287434220314023,0.9662756598240468,0.8830645161290324,0.2903225806451613,0.006157015209957477,0.014269653707742691
3000,230,0.00713862862176029,0.009736799786754997,-0.000902916413906496,0.020999612100422376,0.966642228739003,0.870967741935484,0.3225806451612903,0.007365574714757742,0.0033345846459269524
3000,242,0.011525141293532215,0.014228078515198592,-0.011184356684680097,0.02620488554239273,0.9761730205278591,0.8790322580645162,0.3870967741935484,0.006444487480386611,0.0028705187141895294
3000,255,0.008282110895379446,0.010784916532006266,0.00695081458252389,0.02021204438060522,0.9849706744868034,0.9153225806451614,0.2903225806451613,0.0075957096452193874,0.003132396377623081
3000,257,0.005251082773611415,0.006207707322714329,-0.0037240932651911862,0.011166122369468212,0.9941348973607038,0.9556451612903226,0.25806451612903225,0.0031211361243960356,0.002836184808984399
3000,266,0.00560283380036708,0.00781539226153019,-0.004023999092169106,0.015434408001601696,0.9787390029325512,0.903225806451613,0.2903225806451613,0.004631788912980306,0.003356728469952941
3000,277,0.03045766228751745,0.04145352106541116,0.028099982198909856,0.07846926152706145,0.9637096774193546,0.8790322580645162,0.3870967741935484,0.02132661116399592,0.004687068518251181
3000,281,0.017895457422127947,0.024283928698967932,-0.015588393987854943,0.05162297785282135,0.9974340175953078,0.9758064516129032,0.16129032258064516,0.007470311717160286,0.009419629350304604
3000,305,0.03210717849287903,0.03809827502444967,-0.03210717849287903,0.06368069350719452,0.9926686217008798,0.9475806451612905,0.25806451612903225,0.009257087070915488,0.002823672955855727
3000,313,0.011175892534083687,0.013428582626977622,-0.0033620310859987512,0.023813483864068983,0.9978005865102637,0.9838709677419356,0.06451612903225806,0.005005020498027725,0.002837926149368286
3000,314,0.01527920865919441,0.019269529258951364,-0.007073073065839708,0.03493099156767129,0.9677419354838709,0.8830645161290324,0.22580645161290322,0.01148847673809336,0.0028738705441355705
3000,323,0.02967793412244646,0.03358899716851624,-0.02967793412244646,0.050395881012082096,0.9945014662756597,0.9596774193548389,0.1935483870967742,0.007512758087907587,0.003280102973803878
3000,329,0.008776265909546055,0.010895436656878768,-0.003011279521160759,0.019548990577459336,0.9941348973607038,0.9556451612903226,0.22580645161290322,0.01000991146711092,0.002924943808466196
3000,341,0.01189804392924998,0.015202477907246844,-0.011079364528995939,0.02822020752355456,0.9857038123167154,0.9193548387096776,0.25806451612903225,0.012773208320140839,0.004820691421627998
3000,357,0.034510861965827644,0.04945719069388388,0.0266130956588313,0.10881630927324294,0.9853372434017593,0.9274193548387099,0.25806451612903225,0.013867270531913927,0.009429843164980412
3000,362,0.02423849048500415,0.031185441573003292,0.01785106492752675,0.06252716034650803,0.9541788856304986,0.8266129032258066,0.3548387096774194,0.015027648724255062,0.006302620749920607
3000,391,0.06188071801443584,0.07192654664663478,0.06062111395294778,0.11435361914336681,0.9596774193548386,0.8467741935483872,0.3870967741935484,0.015984875570622184,0.003114265389740467
3000,418,0.003977100866904948,0.0047902142551355005,0.0005554965100600384,0.009195099584758282,0.9937683284457477,0.9556451612903226,0.22580645161290322,0.0030796093595845085,0.003232595045119524
3000,420,0.006940942155779339,0.008151808437046236,-0.0069252103712642565,0.013080228865146636,0.9919354838709675,0.9395161290322582,0.2903225806451613,0.00360963984783138,0.003514401149004698
3000,422,0.008154506285791285,0.008970183530488535,-0.007946486424771138,0.014141584560275077,0.9934017595307918,0.9556451612903226,0.22580645161290322,0.0027169863197712167,0.0032287256326526403
3000,435,0.0036084054881939664,0.004243693810165133,0.0025301179994130507,0.007227394357323646,0.9948680351906156,0.9596774193548389,0.1935483870967742,0.002986814376086958,0.0032348530367016792
3000,441,0.005880433207494207,0.007289614475122221,-0.003915441295248456,0.013443880714476107,0.9633431085043987,0.870967741935484,0.25806451612903225,0.006086939675433021,0.0029562627896666527
3000,450,0.003543729799275752,0.004293724892618602,-0.0034986708997166716,0.007540455274283884,0.9978005865102637,0.9798387096774195,0.12903225806451613,0.0019417130313212833,0.0030161926988512278
3000,451,0.00295521358930273,0.003572390054136688,-0.002321445725101512,0.006207237392663955,0.9948680351906156,0.9556451612903226,0.25806451612903225,0.0027708697448214216,0.0034290344920009375
3000,466,0.011299537196464371,0.013118566938906688,0.010785675847728271,0.022144989855587483,0.9780058651026392,0.899193548387097,0.2903225806451613,0.004046774146357371,0.0031628452707082033
3000,470,0.013485367038811091,0.015245464965231156,0.013279594342748169,0.02531290128827095,0.9952346041055717,0.9677419354838711,0.12903225806451613,0.0026579732976613505,0.0032923631370067596
3000,474,0.0053674199734814465,0.006264461561613021,-0.0053674199734814465,0.009985320456326007,0.9941348973607038,0.963709677419355,0.16129032258064516,0.002356058399703714,0.003434953512623906
3000,484,0.020826196356210858,0.026343279052315018,0.015172219544183463,0.05119742900133133,0.9857038123167154,0.931451612903226,0.25806451612903225,0.010746434300897582,0.007885047234594822
3000,489,0.022705050592776388,0.028532175262770246,0.021883186243940145,0.051536925137043,0.9923020527859235,0.9435483870967742,0.2903225806451613,0.013717134933798544,0.006145963445305824
3000,497,0.009343702477053739,0.012083855038793246,-0.0006841539725428447,0.023365630209445952,0.9886363636363635,0.9395161290322582,0.2903225806451613,0.009182519159249721,0.005879417061805725
3000,500,0.01568419449904468,0.019724723943615973,0.013719456052058376,0.03814619369804859,0.9901026392961876,0.9475806451612905,0.1935483870967742,0.009275637431851318,0.005452330689877272
3000,502,0.009386321107740514,0.01444215629123055,0.007826872941222973,0.020762975886464117,0.9827712609970674,0.931451612903226,0.25806451612903225,0.010713029217215316,0.004456499125808477
3000,529,0.011991429826593958,0.014248674438030044,-0.004414810551679693,0.02426353357732296,0.9772727272727272,0.9072580645161292,0.22580645161290322,0.009254703718808389,0.006048710085451603
3000,544,0.0093818749737693,0.01113557024397093,-0.009233814067556523,0.01842392748221755,0.9882697947214076,0.9395161290322582,0.1935483870967742,0.004138679453922856,0.0030059004202485085
3000,545,0.0034445599230821244,0.004509356639189629,-0.0006518654336105101,0.008919903449714184,0.9912023460410555,0.9475806451612905,0.1935483870967742,0.0033040153568670632,0.0037123297806829214
3000,548,0.005585332743066829,0.007109921170824473,-0.003025001635251101,0.01215098574757576,0.9857038123167154,0.9193548387096776,0.25806451612903225,0.00378859450199431,0.003090346697717905
3000,556,0.0048406184068880975,0.007311700801902621,0.002267322997795418,0.017820062488317488,0.9805718475073312,0.9112903225806452,0.25806451612903225,0.0038365430438951137,0.0031664022244513035
3250,11,0.010747216183517594,0.014066095703788176,0.006117748904216569,0.02665015161037445,0.9842375366568914,0.931451612903226,0.1935483870967742,0.007574159614441376,0.0026923983823508024
3250,23,0.03340919232869055,0.038957894383710744,0.033240731281694025,0.06420822590589523,0.974706744868035,0.899193548387097,0.3225806451612903,0.012114056964374838,0.0026953767519444227
3250,40,0.013969470259326044,0.01613541701745249,0.012986182548047509,0.025657056644558907,0.9926686217008798,0.9516129032258066,0.22580645161290322,0.005223963747642214,0.00240828818641603
3250,43,0.010251732426695526,0.012162057022115291,-0.008279275032691658,0.017969956062734126,0.9692082111436949,0.8870967741935486,0.25806451612903225,0.007078344663304668,0.01430763490498066
3250,58,0.0077073412903700955,0.009069237237480793,0.007264199601195287,0.014777105301618576,0.9956011730205276,0.9677419354838711,0.16129032258064516,0.003325142664834857,0.0033296619076281786
3250,62,0.0039279440097743645,0.005183390021419771,-0.001566805163747631,0.01044579744338989,0.9945014662756597,0.9596774193548389,0.1935483870967742,0.004695866992997546,0.0026661171577870846
3250,63,0.009504859153821599,0.012245402466902705,0.004948230642185081,0.02100199647247791,0.9673753665689149,0.8951612903225807,0.1935483870967742,0.005991493734801488,0.002368762856349349
3250,84,0.007020300065050833,0.009293355033710258,-0.005729249140131287,0.01718458086252212,0.9956011730205276,0.963709677419355,0.1935483870967742,0.0038308355686885696,0.0026416252367198467
3250,86,0.003903836404788308,0.006352257635361074,-0.0008155754039762542,0.013669340312480927,0.9978005865102637,0.9798387096774195,0.12903225806451613,0.003067966145012648,0.0032260757870972157
3250,90,0.004654217715142295,0.005371719602457294,-0.004066365509061143,0.008650591690093279,0.9923020527859235,0.9516129032258066,0.1935483870967742,0.0025910061423576646,0.0035539460368454456
3250,99,0.00874680627748603,0.010955351633363773,-0.008728513166715857,0.02210236210376024,0.9919354838709675,0.9475806451612905,0.25806451612903225,0.003589510632258269,0.0023006033152341843
3250,171,0.01914300920907408,0.02370320398087865,-0.01914300920907408,0.04276437908411026,0.9974340175953078,0.9758064516129032,0.16129032258064516,0.0037400700121877654,0.0024455436505377293
3250,180,0.01538384314335417,0.016815331128096033,0.014136910162051208,0.023425647243857383,0.9813049853372433,0.931451612903226,0.12903225806451613,0.0027345054888076358,0.0025751402135938406
3250,182,0.008071198055404238,0.009346215640250365,-0.008071198055404238,0.01709602400660515,0.9948680351906156,0.963709677419355,0.16129032258064516,0.0029750042294542636,0.0024078343994915485
3250,195,0.009068227620446123,0.011195314611593411,-0.008975791177363135,0.020051153376698494,0.9934017595307918,0.9556451612903226,0.1935483870967742,0.0031575219059783604,0.0023266372736543417
3250,196,0.006431876441638451,0.00854019382973986,0.003038809409190435,0.01582474820315838,0.9937683284457477,0.9556451612903226,0.1935483870967742,0.002312738433360092,0.0023587518371641636
3250,205,0.005162567242223304,0.006825663636317246,-0.0010262881332891993,0.014206652715802192,0.9827712609970674,0.9112903225806452,0.2903225806451613,0.006475232864519761,0.003168117953464389
3250,209,0.0043032296453020535,0.0051947774775808865,-0.003299641677585896,0.009610685519874094,0.9934017595307918,0.9556451612903226,0.22580645161290322,0.003078877805702148,0.002516400068998337
3250,216,0.0044309043805697,0.005259437609210069,0.003378058689122554,0.009572379663586615,0.9959677419354838,0.9677419354838711,0.16129032258064516,0.002596252830699086,0.002688027685508132
3250,222,0.010084394103614613,0.01163648860568944,-0.0032836114696692675,0.019619883503764864,0.9497800586510262,0.8588709677419356,0.2903225806451613,0.00598721792020144,0.015839707106351852
3250,230,0.008677088466356508,0.012133339648611666,-0.001263534344616346,0.02201539725065231,0.93841642228739,0.8104838709677421,0.2903225806451613,0.010184311015050738,0.0029943480622023344
3250,242,0.007202656714071054,0.008952467020287298,-0.005677400280546863,0.016699544899165628,0.9827712609970674,0.9072580645161292,0.3225806451612903,0.005475337819887265,0.002847871510311961
3250,255,0.008298136250232346,0.010747831826772164,0.006530535916681401,0.020201403368264436,0.9824046920821112,0.9112903225806452,0.2903225806451613,0.007668383314364379,0.0031835236586630344
3250,257,0.0046733741837670095,0.00570983466104878,-0.0036543785317917354,0.009951526671648024,0.9930351906158357,0.9475806451612905,0.2903225806451613,0.004202253192723278,0.002572297351434827
3250,266,0.0055677430354990065,0.007653644478750405,-0.0036071447684662417,0.017471783235669135,0.9692082111436949,0.8750000000000001,0.2903225806451613,0.005729034190036116,0.0031957959290593863
3250,277,0.03663786420656834,0.04617299972296348,0.035046468998189084,0.07078176811337471,0.9677419354838709,0.8870967741935486,0.3225806451612903,0.017530086104788126,0.004090858157724142
3250,281,0.011076769536884967,0.013537095965604973,-0.007176037623139564,0.02603025212883949,0.9934017595307918,0.9556451612903226,0.1935483870967742,0.008451396817221277,0.0038421538192778826
3250,305,0.02490067765756976,0.02790178090770983,-0.02490067765756976,0.04498545601963997,0.9959677419354838,0.9677419354838711,0.1935483870967742,0.006430731109914279,0.002553230617195368
3250,313,0.015586218316457234,0.02025384935010158,0.007687923047342338,0.04031950682401657,0.9956011730205276,0.9677419354838711,0.16129032258064516,0.006396420765668154,0.0030125747434794903
3250,314,0.013412460437393747,0.016450691218760655,0.002943885760032572,0.029924750328063965,0.9820381231671553,0.9193548387096776,0.1935483870967742,0.00993003616590173,0.0029721357859671116
3250,323,0.017059564124792814,0.020459881264388382,-0.017059564124792814,0.03433969877660274,0.9956011730205276,0.9677419354838711,0.16129032258064516,0.00738544047119156,0.0033562835305929184
3250,329,0.008972332841949537,0.011263042442737296,0.0012403488799463958,0.02373533621430397,0.9926686217008798,0.9435483870967742,0.2903225806451613,0.009729767969298747,0.003148450516164303
3250,341,0.008085625922831241,0.011491346115615796,-0.003200846702384297,0.021444122493267055,0.9853372434017593,0.9193548387096776,0.2903225806451613,0.010947504028257343,0.003459678264334798
3250,357,0.047167143333354034,0.0644636838985774,0.04032560808991548,0.12621072754263876,0.9849706744868034,0.9193548387096776,0.3225806451612903,0.014889738477406001,0.0065315342508256435
3250,362,0.028996629640460014,0.03656144595127868,0.0259828025882598,0.06969238072633743,0.972873900293255,0.8830645161290324,0.2903225806451613,0.010403640012467099,0.005353862885385752
3250,391,0.06011710167513229,0.06987350561358185,0.05965207176632248,0.10726933553814888,0.9633431085043987,0.8629032258064517,0.3548387096774194,0.016482723726620598,0.004623007960617542
3250,418,0.00443222071044147,0.0052076457406213215,0.0026275392156094313,0.009120847843587397,0.9919354838709675,0.9395161290322582,0.2903225806451613,0.003113747837262288,0.0036005175206810236
3250,420,0.005630903928249609,0.006880279303112555,-0.004662209823436569,0.012774317711591718,0.9915689149560116,0.9475806451612905,0.22580645161290322,0.0028590422439118547,0.003458447055891156
3250,422,0.0068621395257650875,0.008361191165218995,-0.006534827254654374,0.014196977764368056,0.9967008797653958,0.9717741935483872,0.16129032258064516,0.0022638218717709662,0.0036128140054643154
3250,435,0.004380051308544353,0.005078767695175632,0.003981918911449611,0.008848070725798607,0.9952346041055717,0.9596774193548389,0.25806451612903225,0.0027854287876717507,0.003176317550241947
3250,441,0.004034170196973719,0.005849439004076714,0.0009647219994803891,0.013009137287735938,0.9750733137829911,0.8870967741935486,0.2903225806451613,0.00560743722974533,0.002984659979119897
3250,450,0.0031531217027804814,0.003980376983736276,-0.0010216422015218996,0.007158739864826202,0.9970674486803517,0.9758064516129032,0.12903225806451613,0.00259409319128721,0.0033962493762373924
3250,451,0.0037060528629808687,0.004384351548901035,-0.0003099769019172527,0.007583502680063247,0.9915689149560116,0.9475806451612905,0.1935483870967742,0.002764052185680597,0.00370058324187994
3250,466,0.012268139013031032,0.01449707125581154,0.011242136861255858,0.024983058124780654,0.972507331378299,0.8830645161290324,0.3225806451612903,0.004490975102770233,0.003361826529726386
3250,470,0.015493385355512146,0.017369412365168972,0.015283913970051799,0.024553988501429556,0.9952346041055717,0.9677419354838711,0.12903225806451613,0.0023618078820647733,0.003351542167365551
3250,474,0.0033070159406634048,0.004084771281090359,-0.0024256476463051513,0.008293796516954898,0.9945014662756597,0.9516129032258066,0.2903225806451613,0.002969291511802904,0.0037178024649620056
3250,484,0.024252479197457433,0.033045255427485466,0.020045066019520164,0.07071294486522674,0.9831378299120233,0.9233870967741936,0.22580645161290322,0.009792098475079383,0.005573008209466934
3250,489,0.02759421299560927,0.0326220819507733,0.027372387034120038,0.056899670884013175,0.9890029325513194,0.931451612903226,0.2903225806451613,0.013754056255903936,0.003370043821632862
3250,497,0.006691068199870642,0.008851506447110972,0.0021120587261975743,0.018686236813664436,0.9934017595307918,0.9516129032258066,0.25806451612903225,0.00771183579889757,0.003127967705950141
3250,500,0.01904664424364455,0.02477041693179066,0.017942959093488753,0.059917373955249785,0.9897360703812315,0.9475806451612905,0.16129032258064516,0.007654757854799109,0.002961887512356043
3250,502,0.011575923708733171,0.015410302121323993,0.009168933378532529,0.022546710446476933,0.9893695014662756,0.9516129032258066,0.12903225806451613,0.01015398882689976,0.0027303723618388176
3250,529,0.014492262365820352,0.018002716605347677,-0.006785193872929085,0.03548963069915771,0.9732404692082111,0.899193548387097,0.22580645161290322,0.010102792755670605,0.003380996873602271
3250,544,0.007680908565816935,0.009120982591194983,-0.007113915045920294,0.01493666972965002,0.9926686217008798,0.9556451612903226,0.1935483870967742,0.003694368105742239,0.003010326065123081
3250,545,0.004380125457828399,0.005848804383975224,0.0013402931872406043,0.011519477888941764,0.9853372434017593,0.9193548387096776,0.2903225806451613,0.004129535135542674,0.0038079938385635614
3250,548,0.0038611452328041196,0.00499039813267205,0.0011522212298586965,0.009650598466396331,0.9860703812316713,0.9193548387096776,0.2903225806451613,0.003270662104290339,0.003260247875005007
3250,556,0.006317737446806859,0.008436164657774808,0.005462493958475534,0.018484438583254815,0.9750733137829911,0.8911290322580646,0.25806451612903225,0.0032709283348653587,0.0031850573141127825
3500,11,0.013469925688696094,0.018586819760077245,0.00811590782541316,0.03278363794088363,0.9849706744868034,0.931451612903226,0.25806451612903225,0.00792172004378611,0.0021737199276685715
3500,23,0.033725016328389756,0.041221528835638815,0.03356265145703219,0.08089572861790656,0.9776392961876832,0.9153225806451614,0.22580645161290322,0.00819989797779389,0.0025978379417210817
3500,40,0.012523670637165196,0.015840658839049226,0.011462943439255469,0.029282979667186734,0.9945014662756597,0.9596774193548389,0.1935483870967742,0.0046638446229119454,0.002349376678466797
3500,43,0.01221168608753942,0.014805945322622624,-0.006156036717584357,0.02706905268132686,0.9651759530791789,0.8830645161290324,0.2903225806451613,0.007458866033102235,0.014320305548608303
3500,58,0.008464457190711983,0.011803934788131212,0.0077617640781681985,0.02540644779801369,0.9941348973607038,0.9596774193548389,0.16129032258064516,0.003706453015066443,0.0030656817834824324
3500,62,0.004089581794687547,0.005678316313746525,0.0008061507978709415,0.011712263617664575,0.9945014662756597,0.9556451612903226,0.25806451612903225,0.003860872449173081,0.0024312566965818405
3500,63,0.010349539639719296,0.012727575107840405,0.008760236371017527,0.02205054834485054,0.9820381231671553,0.931451612903226,0.1935483870967742,0.0053082491616688425,0.0022678852546960115
3500,84,0.0076160169337526895,0.009527965844776887,-0.007375162364041898,0.017792222462594508,0.9919354838709675,0.9475806451612905,0.1935483870967742,0.0035565963405514915,0.0024675019085407257
3500,86,0.003375824286194984,0.005274006589371472,-0.0023546225638710894,0.009913860075175758,0.9967008797653958,0.9717741935483872,0.1935483870967742,0.003214737625732537,0.0031867618672549725
3500,90,0.008107019813905936,0.009537822006164437,-0.007242867017339449,0.015766596514731647,0.9948680351906156,0.9596774193548389,0.22580645161290322,0.0027489862930510315,0.0038032636512070894
3500,99,0.008149298431817442,0.009468984660335454,-0.008140344274579547,0.014986306615173816,0.9912023460410555,0.9475806451612905,0.25806451612903225,0.003542807771854343,0.0022621832322329283
3500,171,0.018908048237790354,0.02142552544351177,-0.018908048237790354,0.033632614836096766,0.9963343108504397,0.9717741935483872,0.16129032258064516,0.0028499149296793247,0.0023127091117203236
3500,180,0.012339576038357336,0.013563571792937932,0.011472021338704508,0.019440740533173084,0.9754398826979471,0.903225806451613,0.25806451612903225,0.0038357680933850426,0.0022606365382671356
3500,182,0.009504297180683352,0.01054507067477462,-0.009504297180683352,0.015940062142908572,0.9941348973607038,0.9596774193548389,0.1935483870967742,0.002728630428112322,0.0024354858323931694
3500,195,0.009087983671633992,0.010390979814648574,-0.009077331291337032,0.01475321240723133,0.9952346041055717,0.963709677419355,0.1935483870967742,0.0026299330601168257,0.0021190939005464315
3500,196,0.006227697413123678,0.007976291336514937,0.000975032635324169,0.015361284092068671,0.9952346041055717,0.963709677419355,0.16129032258064516,0.0023469712374912153,0.0023379800841212273
3500,205,0.0046578261244576424,0.005563528031537231,-0.0020457589998841286,0.009563986584544182,0.9776392961876832,0.9112903225806452,0.1935483870967742,0.004837643129811171,0.002505301032215357
3500,209,0.005291827939799987,0.005963830679210142,-0.004660815218812786,0.009571789577603339,0.9897360703812315,0.9435483870967742,0.22580645161290322,0.003223309691454614,0.0026020014192909002
3500,216,0.0033828147788881324,0.004508434989484746,0.0018527441206970252,0.008534438163042068,0.9974340175953078,0.9758064516129032,0.16129032258064516,0.002748969979884644,0.0026426485273987055
3500,222,0.009442988084629178,0.010790719254034395,-0.0026660363655537367,0.018329923856072128,0.9563782991202344,0.8427419354838711,0.3225806451612903,0.0057756559202267275,0.015599050559103489
3500,230,0.008312791993375868,0.010842795696295485,-0.0022366411867551506,0.02029647547751665,0.9607771260997068,0.8467741935483872,0.3225806451612903,0.006991115646556982,0.0031275327783077955
3500,242,0.011534816265339032,0.014128733399363576,-0.011347920779371634,0.02313839867711067,0.9758064516129032,0.8790322580645162,0.41935483870967744,0.006621737348576707,0.003108380828052759
3500,255,0.01013701894407859,0.013109938214119344,0.00863533473602729,0.023332878574728964,0.9849706744868034,0.9153225806451614,0.2903225806451613,0.006500142618953701,0.00311929895542562
3500,257,0.006918714731000364,0.008468107525672404,-0.005475314683280885,0.015717180259525773,0.9802052785923753,0.9112903225806452,0.2903225806451613,0.0032597344008184247,0.0026070699095726013
3500,266,0.0061790677573299035,0.008489512400592663,-0.004902444808976725,0.01733409781008959,0.9769061583577712,0.8951612903225807,0.3225806451612903,0.004852605210016331,0.003358924062922597
3500,277,0.03046578011708334,0.041953942557238194,0.028049705870216712,0.0747962724417448,0.9545454545454545,0.866935483870968,0.2903225806451613,0.02159179886803031,0.004295026417821646
3500,281,0.015735732769826427,0.020597367367807328,-0.01215832881280221,0.037647686898708344,0.9941348973607038,0.9556451612903226,0.22580645161290322,0.008933097634825015,0.008464929647743702
3500,305,0.030616911681136116,0.03447924158079386,-0.030616911681136116,0.055630508810281754,0.9937683284457477,0.9556451612903226,0.22580645161290322,0.007715149422086055,0.003108386881649494
3500,313,0.011766418960178271,0.014420574563385273,0.0005700053588952869,0.02621559351682663,0.9967008797653958,0.9717741935483872,0.16129032258064516,0.005388090236773414,0.002636895515024662
3500,314,0.011220646629226394,0.013856307077733306,-0.00359655411739368,0.026497733034193515,0.9816715542521994,0.9112903225806452,0.25806451612903225,0.009892877056113174,0.0028258017264306545
3500,323,0.026760084212583024,0.030989082330526847,-0.026760084212583024,0.048750986531376835,0.9923020527859235,0.9556451612903226,0.16129032258064516,0.008179104804331738,0.0029747060034424067
3500,329,0.009679994138423353,0.0117084350355142,-0.007348651124630123,0.019411863386631013,0.9934017595307918,0.9516129032258066,0.22580645161290322,0.009946871969488359,0.002660756930708885
3500,341,0.008400535152759403,0.012309607485498685,-0.002615409961435944,0.02456684596836567,0.9798387096774193,0.903225806451613,0.25806451612903225,0.012058249509502803,0.005124557297676802
3500,357,0.03973785479320213,0.05610785785375944,0.03024641826050356,0.11824577152729034,0.9765395894428152,0.9072580645161292,0.25806451612903225,0.01429552870291856,0.01004877034574747
3500,362,0.024339820171007887,0.030953595974660523,0.021174445078941062,0.06059477031230926,0.9750733137829911,0.8911290322580646,0.2903225806451613,0.010611321476678695,0.00854981318116188
3500,391,0.05713299744820688,0.06758857423905026,0.05634107113291975,0.1072056695818901,0.9560117302052785,0.8508064516129034,0.3548387096774194,0.018948217658626455,0.006951476912945509
3500,418,0.0034907754161395133,0.004317875380438492,0.0007979147485457361,0.007509645260870457,0.9945014662756597,0.9516129032258066,0.2903225806451613,0.003112754071011178,0.003275080816820264
3500,420,0.004642825966584496,0.005870049434813274,-0.0045946035970700905,0.01009301133453846,0.9974340175953078,0.9758064516129032,0.16129032258064516,0.002245855344940097,0.003048428101465106
3500,422,0.007423134658893105,0.008407408457691567,-0.007423134658893105,0.013064239360392093,0.9978005865102637,0.9798387096774195,0.12903225806451613,0.001866306328485089,0.0029865670949220657
3500,435,0.00328244505362818,0.0038019255323313928,0.0023163705118349753,0.006064548157155514,0.9970674486803517,0.9717741935483872,0.1935483870967742,0.0019520995838026847,0.003165246918797493
3500,441,0.0043074194400105625,0.005634942317487767,-0.0017214188410434872,0.010276436991989612,0.9776392961876832,0.903225806451613,0.25806451612903225,0.005244648219236443,0.002808647695928812
3500,450,0.0037770121271023527,0.004653996545258622,-0.003699801556649618,0.007776522822678089,0.9967008797653958,0.9677419354838711,0.22580645161290322,0.0024707884557785527,0.0028946055099368095
3500,451,0.0026826474349945784,0.0032258986794392965,-0.001129552983911708,0.005178424715995788,0.9945014662756597,0.9556451612903226,0.25806451612903225,0.0026665634340456417,0.003372598672285676
3500,466,0.011604721650655847,0.013593511470503607,0.011093901826825459,0.024352432042360306,0.9816715542521994,0.9072580645161292,0.2903225806451613,0.0035751344440805334,0.0030273094307631254
3500,470,0.014830854284809902,0.016510840388992632,0.014632754915510304,0.025041688233613968,0.9974340175953078,0.9758064516129032,0.16129032258064516,0.0024942400369552835,0.0031695899087935686
3500,474,0.004234179716149811,0.0052293941906448385,-0.004103261373529676,0.009061456099152565,0.9941348973607038,0.9596774193548389,0.22580645161290322,0.0022199288716599824,0.0031706306617707014
3500,484,0.021340470120776445,0.026156398970398755,0.014913925610017031,0.049107478559017176,0.9893695014662756,0.9435483870967742,0.25806451612903225,0.00991823653420133,0.008089742623269558
3500,489,0.026131901526241563,0.03119262410266377,0.025628066054196097,0.05863850563764572,0.9871700879765395,0.931451612903226,0.22580645161290322,0.011430928288328071,0.006193279754370451
3500,497,0.008782620265264995,0.01109304688017153,0.0005761307693319395,0.020384354703128337,0.9934017595307918,0.9556451612903226,0.22580645161290322,0.009024714059647053,0.0059518963098526
3500,500,0.01773406173742842,0.022068281377449296,0.016780402584117837,0.04788187220692634,0.9919354838709675,0.9556451612903226,0.16129032258064516,0.007520909676508558,0.0059932223521173
3500,502,0.008904151094611734,0.012774729902948494,0.004388570552691817,0.020999639108777036,0.9835043988269794,0.9274193548387099,0.22580645161290322,0.010419357357726942,0.005349914543330669
3500,529,0.013917931020841934,0.016149252055353204,-0.002442165874526836,0.02650461196899414,0.9750733137829911,0.9193548387096776,0.12903225806451613,0.008825402196136213,0.006791073828935623
3500,544,0.008886038980563171,0.010464134378932689,-0.008326224822667427,0.01716966601088643,0.9908357771260996,0.9475806451612905,0.22580645161290322,0.004216861490520739,0.00306666549295187
3500,545,0.0027594617640716024,0.004166258277965111,0.0001227591055794619,0.009217542503029105,0.9864369501466274,0.9274193548387099,0.25806451612903225,0.003567281104023418,0.003724300768226385
3500,548,0.0052684829497593455,0.006761647801625483,-0.0024211365307564847,0.010734052956104278,0.9835043988269794,0.9233870967741936,0.22580645161290322,0.0036357626949827518,0.0030669313855469227
3500,556,0.005186829490412492,0.007142193005201972,0.0021744102486991324,0.0160076268017292,0.9831378299120233,0.9193548387096776,0.25806451612903225,0.0036018998662550603,0.0031159897334873676
3750,11,0.0153702687821351,0.02101065260032675,0.014283285301644355,0.03895153403282165,0.9926686217008798,0.9475806451612905,0.22580645161290322,0.0052206268113467,0.002277737483382225
3750,23,0.03409646167710889,0.04029235088963204,0.03391583105258178,0.0719955712556839,0.9765395894428152,0.9072580645161292,0.25806451612903225,0.008745079274259267,0.0028900899924337864
3750,40,0.01804502008599229,0.022150028815893525,0.017673138732789084,0.037498343735933304,0.9978005865102637,0.9758064516129032,0.1935483870967742,0.0036818185640919592,0.002331756055355072
3750,43,0.011346921470249072,0.013367287844822008,-0.0018153350392822176,0.022813213896006344,0.9802052785923753,0.9153225806451614,0.3225806451612903,0.005873935447344857,0.01253501046448946
3750,58,0.01195361907593906,0.014763718136176208,0.011723119954694994,0.025246634706854818,0.9963343108504397,0.9677419354838711,0.1935483870967742,0.0036382823356337123,0.0031085636001080275
3750,62,0.00607714794750791,0.00822430723257324,0.004773875160026364,0.01398375518620014,0.9912023460410555,0.9395161290322582,0.2903225806451613,0.004558346444560635,0.0023174192756414413
3750,63,0.010409690366941504,0.012769845324543313,0.007332046239753254,0.01954994201660156,0.972873900293255,0.9112903225806452,0.22580645161290322,0.006042956885310912,0.0023400336503982544
3750,84,0.003944700270949397,0.004917009895774612,-0.001418516483681742,0.008594048395752906,0.9912023460410555,0.9475806451612905,0.22580645161290322,0.0035072144105910293,0.0022494893055409193
3750,86,0.004755526002554689,0.006238894263500791,0.0021939666257821955,0.013531576469540594,0.9948680351906156,0.9596774193548389,0.22580645161290322,0.0037048315449107077,0.0026987846940755844
3750,90,0.006018592765030917,0.007472189061248843,-0.005564469167438801,0.013255180045962333,0.9893695014662756,0.935483870967742,0.25806451612903225,0.003871368537206323,0.003121791174635291
3750,99,0.004037371807498857,0.0052015219116920775,-0.003419203363591805,0.010234420839697122,0.9926686217008798,0.9475806451612905,0.22580645161290322,0.0032205108793512465,0.0021851705387234688
3750,171,0.014386107279278804,0.01652069409813176,-0.014369107557286043,0.02507386170327663,0.9978005865102637,0.9798387096774195,0.12903225806451613,0.0023322918887941106,0.0021600171457976103
3750,180,0.01570931058813585,0.017333339340529545,0.015044599836983252,0.024770287051796912,0.9754398826979471,0.9072580645161292,0.22580645161290322,0.003572197773704125,0.002335683209821582
3750,182,0.007247551759064663,0.008735088846296968,-0.006884489623189438,0.01652191691100597,0.9934017595307918,0.9516129032258066,0.25806451612903225,0.003204320497330158,0.002190986182540655
3750,195,0.007644350698683411,0.009396111073100719,-0.007547706889454275,0.01589686833322048,0.9923020527859235,0.9475806451612905,0.22580645161290322,0.0032577269800728365,0.002135664224624634
3750,196,0.0069414325334946625,0.009538831827340125,0.004469892191991676,0.017840950936079025,0.9948680351906156,0.9596774193548389,0.1935483870967742,0.002330365290324534,0.0022108200937509537
3750,205,0.003938931011362001,0.005388198211063198,0.0010922439687419683,0.009807616379112006,0.9827712609970674,0.9153225806451614,0.25806451612903225,0.004893323857217065,0.002250448800623417
3750,209,0.0038421249337261543,0.004686671445835843,-0.001812353017157875,0.008570460975170136,0.9879032258064515,0.935483870967742,0.25806451612903225,0.002971894828782928,0.0021917931735515594
3750,216,0.005124310715473257,0.006219901599093793,0.004171607768512331,0.010639642551541328,0.9923020527859235,0.9475806451612905,0.22580645161290322,0.0032012024143290136,0.002422573510557413
3750,222,0.008422598009929061,0.009680922080814487,0.0018176424782723188,0.01580631174147129,0.974706744868035,0.8790322580645162,0.3870967741935484,0.00563514118473376,0.01384217943996191
3750,230,0.007497023827454541,0.009966456455923409,0.00019430761312833056,0.018454001378268,0.9538123167155425,0.8427419354838711,0.25806451612903225,0.007074365091900672,0.0030145482160151005
3750,242,0.007305877603357658,0.008950250426855232,-0.00620918974163942,0.016183794289827344,0.9809384164222872,0.8951612903225807,0.3548387096774194,0.005179386923930818,0.0023983933497220278
3750,255,0.012136535209720023,0.015127265344357103,0.011107155398349278,0.025615187734365462,0.9776392961876832,0.899193548387097,0.25806451612903225,0.006931500464317298,0.0030285189859569073
3750,257,0.004010622025816701,0.005316580513118312,-0.0020776182500412688,0.009667128883302211,0.9882697947214076,0.931451612903226,0.2903225806451613,0.0036641675978899,0.0022160597145557404
3750,266,0.005698305620171595,0.007314078805994524,-0.0013397014918155037,0.013659820705652236,0.9699413489736071,0.866935483870968,0.3870967741935484,0.005590204885529895,0.002793304156512022
3750,277,0.035799197961750906,0.04672277322996896,0.02727330642665038,0.08630709573626516,0.9281524926686217,0.8508064516129034,0.2903225806451613,0.020275647248772365,0.003588627325370908
3750,281,0.013192698446800932,0.017151983699472014,-0.009222778811817989,0.032861088216304776,0.9934017595307918,0.9516129032258066,0.22580645161290322,0.008330210532632566,0.010208933614194393
3750,305,0.02318465244024992,0.026640664306811366,-0.02318465244024992,0.04542309269309044,0.9912023460410555,0.9395161290322582,0.2903225806451613,0.008223297044394477,0.002239867113530636
3750,313,0.015571539654047228,0.020054976600438156,0.008782928445725702,0.03734158799052238,0.9974340175953078,0.9798387096774195,0.0967741935483871,0.004586446925156539,0.002841376233845949
3750,314,0.014907159478752874,0.018848657388123066,0.0025685456494102255,0.03590700253844261,0.9813049853372433,0.9112903225806452,0.25806451612903225,0.009603009003424836,0.0029696919955313206
3750,323,0.01868592982646078,0.021131394135327487,-0.01868592982646078,0.033778053149580954,0.9937683284457477,0.9596774193548389,0.16129032258064516,0.005674140257460456,0.0031820153817534447
3750,329,0.00852999693597667,0.010822198073271262,0.001482410851167515,0.01936880238354206,0.9934017595307918,0.9475806451612905,0.25806451612903225,0.009086120272836378,0.00281512551009655
3750,341,0.008761732853599824,0.011766565608623417,-0.0018181229970650747,0.02278669252991676,0.9897360703812315,0.935483870967742,0.25806451612903225,0.010625320051105754,0.004868485499173403
3750,357,0.038643397303530946,0.05447512539689037,0.030622128018876538,0.11609138697385787,0.9820381231671553,0.9153225806451614,0.25806451612903225,0.01139333141186545,0.01048334315419197
3750,362,0.030633402508101426,0.04035228496662787,0.026157866188441403,0.08319128006696701,0.9607771260997068,0.8467741935483872,0.3225806451612903,0.011170070272900404,0.007660225499421358
3750,391,0.06236483153770678,0.07310080500565787,0.060402566712582484,0.1153681106865406,0.9483137829912024,0.8306451612903227,0.3548387096774194,0.016216021662037217,0.006048326380550861
3750,418,0.003525185471517034,0.004427527704628751,0.0013302057486725971,0.008751105889678,0.9915689149560116,0.9435483870967742,0.2903225806451613,0.003647264513757921,0.0031794914975762367
3750,420,0.002988385720527731,0.003798761041252891,-0.0025052021228475496,0.006950565427541733,0.9978005865102637,0.9798387096774195,0.12903225806451613,0.0024083654035723977,0.003115097526460886
3750,422,0.006690062917186879,0.008025861502964757,-0.006584820555872284,0.015001378580927847,0.9967008797653958,0.9717741935483872,0.16129032258064516,0.0021334385965019464,0.002765689743682742
3750,435,0.004013626734376885,0.004674030889822511,0.0035340888134669513,0.008031453564763069,0.9963343108504397,0.9677419354838711,0.1935483870967742,0.002384704282327044,0.0028364076279103756
3750,441,0.004140557808568701,0.005722656807184658,0.0005603049357887357,0.012511516362428662,0.970307917888563,0.8830645161290324,0.2903225806451613,0.005105445506952463,0.0024040164425969124
3750,450,0.0033824544079834595,0.004454187647658097,-0.002769411148619838,0.00872783064842224,0.9970674486803517,0.9717741935483872,0.1935483870967742,0.002599849132820964,0.0025995050091296434
3750,451,0.0023737098526908085,0.0030722893398425714,0.00010051319259218872,0.005415895581245422,0.9937683284457477,0.9556451612903226,0.1935483870967742,0.002734314815531815,0.0031077670864760876
3750,466,0.012578778427268844,0.015033913458395618,0.012084049645636696,0.028672515787184234,0.9732404692082111,0.8911290322580646,0.25806451612903225,0.004428102507165844,0.0028127923142164946
3750,470,0.01628113878541626,0.017976234814753102,0.016101277855341323,0.02596896477043629,0.9981671554252198,0.9838709677419356,0.0967741935483871,0.0022284095100457628,0.0028777748811990023
3750,474,0.002686459309188649,0.003398260683656731,-0.0018248307460453361,0.006155474483966826,0.9937683284457477,0.9556451612903226,0.22580645161290322,0.0030045681032201937,0.0031480914913117886
3750,484,0.02271524502430111,0.028841256078159197,0.013082906021736562,0.05228268355131149,0.9769061583577712,0.903225806451613,0.2903225806451613,0.012865200188131101,0.011048848740756512
3750,489,0.02968712561414577,0.034320657954466836,0.0288320668914821,0.06142400801181793,0.9890029325513194,0.9274193548387099,0.2903225806451613,0.01170434910924204,0.006421331316232681
3750,497,0.015111543980310671,0.018890261608012632,0.01148717750038486,0.033767244592308995,0.9963343108504397,0.9677419354838711,0.1935483870967742,0.0062320175610723035,0.006419774144887924
3750,500,0.02342159385443665,0.029058022837560416,0.022890978696523234,0.05982358232140541,0.9864369501466274,0.935483870967742,0.22580645161290322,0.008449514396488667,0.0060802241787314415
3750,502,0.011156104708788916,0.017186519587718135,0.009758242784300819,0.026144846901297564,0.9772727272727272,0.9193548387096776,0.22580645161290322,0.012162329599020942,0.004983176477253437
3750,529,0.014340465088025667,0.016483919639829456,-0.0029095328791299835,0.029893740266561507,0.9699413489736071,0.8911290322580646,0.1935483870967742,0.008825884981741828,0.007981112226843834
3750,544,0.007847566797863692,0.009055533698936873,-0.0072858331695897505,0.013545075803995133,0.9948680351906156,0.9677419354838711,0.16129032258064516,0.002926867087221434,0.0027008892502635717
3750,545,0.0035471597511786968,0.0046263715625641955,0.0009536678262520581,0.009130442608147856,0.9893695014662756,0.935483870967742,0.2903225806451613,0.0036048150335949276,0.003124068258330226
3750,548,0.004617011712980457,0.005709588551888156,-0.00026292512484360486,0.010093781724572181,0.9904692082111435,0.935483870967742,0.2903225806451613,0.0036851315864271693,0.0028496303129941225
3750,556,0.006614436599193141,0.008700051115115646,0.006138199431006797,0.017323514446616173,0.9838709677419353,0.9193548387096776,0.22580645161290322,0.0037500930784810935,0.0026828369591385126
4000,11,0.01044668359827483,0.014696171566238338,0.008544742908270564,0.02978435307741165,0.9923020527859235,0.9435483870967742,0.25806451612903225,0.00563569360172316,0.002264175331220031
4000,23,0.03339045535540208,0.039246592025082336,0.03323098775581457,0.07401889488101006,0.9765395894428152,0.9072580645161292,0.25806451612903225,0.010318959176900887,0.00255148159340024
4000,40,0.014411226038646419,0.017270747122793105,0.013571485753345769,0.028793852403759958,0.9937683284457477,0.9556451612903226,0.22580645161290322,0.004401416750624776,0.0024216200690716505
4000,43,0.010296891967300326,0.013125812306931653,-0.00536240782821551,0.028172886464744803,0.9776392961876832,0.9072580645161292,0.25806451612903225,0.006659062699444832,0.0130888931453228
4000,58,0.009457660831685644,0.01211158700781314,0.009054719288542401,0.0243177879601717,0.9959677419354838,0.9677419354838711,0.1935483870967742,0.003062187678991787,0.003402101807296276
4000,62,0.005654758577293251,0.007443472280630007,0.004237143766658846,0.01338270530104637,0.9882697947214076,0.931451612903226,0.25806451612903225,0.004375914967949352,0.0022249529138207436
4000,63,0.010900191751716193,0.013070781210744481,0.009591356712917332,0.021513843163847923,0.9791055718475072,0.9233870967741936,0.1935483870967742,0.004653338921226321,0.0022209801245480776
4000,84,0.004202891614113469,0.006305438271088549,-0.0035094842096441425,0.013064485602080818,0.9835043988269794,0.9274193548387099,0.22580645161290322,0.004850015945492252,0.001962468959391117
4000,86,0.002454882735037245,0.003979501857014562,-0.0013566334237111732,0.007882998138666152,0.9970674486803517,0.9758064516129032,0.12903225806451613,0.0025039939810672113,0.002925240434706211
4000,90,0.005451671153423376,0.006369133759254986,-0.004940477971103974,0.010621808748692273,0.9978005865102637,0.9798387096774195,0.12903225806451613,0.002326135012891985,0.0031992504373192787
4000,99,0.006411511385522317,0.007800251367520554,-0.006344343892124016,0.01411011479794979,0.9904692082111435,0.9475806451612905,0.1935483870967742,0.0032598045804808217,0.0019446522928774357
4000,171,0.016258473191555822,0.01813143939097239,-0.016245916183834197,0.0276543203741312,0.9952346041055717,0.9596774193548389,0.22580645161290322,0.0028875987458553526,0.0019411317771300673
4000,180,0.013816858634527307,0.015127121028018747,0.013024512278207112,0.020967733487486838,0.9783724340175952,0.9193548387096776,0.22580645161290322,0.003456524685926495,0.0019561077933758497
4000,182,0.007752096273179632,0.00880863798289604,-0.007752096273179632,0.01301390416920185,0.9930351906158357,0.9516129032258066,0.22580645161290322,0.0029450674210825274,0.0019514537416398525
4000,195,0.008935433579608798,0.010519808892169986,-0.008868855380569585,0.016598647087812425,0.9948680351906156,0.9677419354838711,0.12903225806451613,0.0026175461844691345,0.0018296001944690943
4000,196,0.006264181589358486,0.007719725007476623,0.0011828873393824324,0.015181307122111319,0.9978005865102637,0.9798387096774195,0.12903225806451613,0.0020538247716162476,0.0019491773564368486
4000,205,0.004786635905475123,0.005838313834307623,-0.002397049025603337,0.010336264222860336,0.9846041055718473,0.9233870967741936,0.22580645161290322,0.005805347696878016,0.0019234217470511794
4000,209,0.005637940805172548,0.006474657475699563,-0.005228735593846068,0.010955813899636268,0.9919354838709675,0.9475806451612905,0.25806451612903225,0.0033856433470763505,0.0019640952814370394
4000,216,0.0033692230499582365,0.004722782371164556,0.0018948343495139852,0.009964536130428314,0.9948680351906156,0.963709677419355,0.1935483870967742,0.0028802500061330294,0.0021727203857153654
4000,222,0.009496688231592998,0.010862739028260349,-0.0013613801856990904,0.017041500750929115,0.9541788856304986,0.838709677419355,0.3548387096774194,0.0058303237141620725,0.017486799508333206
4000,230,0.007763857553072739,0.010669156809037912,-0.0016972526864265092,0.020886648073792455,0.9395161290322579,0.8266129032258066,0.22580645161290322,0.0075906452031866195,0.0029121586121618748
4000,242,0.006715569041261915,0.008518500436591683,-0.006258420391532127,0.016562299989163875,0.9791055718475072,0.8870967741935486,0.3870967741935484,0.00537448534892211,0.002322482643648982
4000,255,0.01124959165463224,0.014462197548022384,0.010126892215339467,0.024560527876019474,0.9798387096774193,0.9072580645161292,0.22580645161290322,0.006099510562395857,0.002844680566340685
4000,257,0.005176046637643594,0.006157263008301483,-0.0027045579699915834,0.0113419184461236,0.9831378299120233,0.9193548387096776,0.25806451612903225,0.003454950931031377,0.0021263209637254477
4000,266,0.005808608460938558,0.007729426693749642,-0.0035130808100802824,0.015008735470473763,0.972507331378299,0.8870967741935486,0.3548387096774194,0.004810134377030115,0.002832073951140046
4000,277,0.032735870860051364,0.0458524970278909,0.02318945009028539,0.09092142842710016,0.8991935483870968,0.8266129032258066,0.22580645161290322,0.023057863957458926,0.0042840540409088135
4000,281,0.013716287809074856,0.017157510749059954,-0.01037662489397917,0.032446704059839244,0.9945014662756597,0.9516129032258066,0.2903225806451613,0.008302517400513734,0.007355523761361837
4000,305,0.023723365760815796,0.027230686270848115,-0.023723365760815796,0.045191731303930276,0.9926686217008798,0.9475806451612905,0.25806451612903225,0.00838919249062817,0.002620646497234702
4000,313,0.01508853097766405,0.018823606858859032,0.004167249288002495,0.034276609867811204,0.9974340175953078,0.9758064516129032,0.16129032258064516,0.005723799631420163,0.0026644717436283827
4000,314,0.012484919003327377,0.01611932540597785,-0.0034075609437422827,0.027333131432533263,0.9846041055718473,0.9233870967741936,0.1935483870967742,0.009894975836599065,0.002844549249857664
4000,323,0.02337696184986271,0.02646916362824587,-0.02337696184986271,0.04347465671598911,0.9945014662756597,0.963709677419355,0.12903225806451613,0.005528097912188499,0.0027936939150094986
4000,329,0.00707307781704003,0.008538254569603134,-0.004319038685935084,0.015090179443359374,0.9952346041055717,0.9596774193548389,0.22580645161290322,0.007491312898515213,0.002697739051654935
4000,341,0.008238968875957653,0.011990754495134546,-0.0035978817904833704,0.026595664024353025,0.9838709677419353,0.9193548387096776,0.22580645161290322,0.010382224895781087,0.004445027559995651
4000,357,0.04154959475272335,0.058427807544109596,0.028797678503906354,0.12128699496388434,0.9816715542521994,0.9233870967741936,0.2903225806451613,0.014761368653947306,0.009744405746459961
4000,362,0.026605836101225577,0.03415758966575727,0.020884390120045282,0.06940054073929786,0.972507331378299,0.8750000000000001,0.3870967741935484,0.011412544401302453,0.006719475146383047
4000,391,0.05835995193046983,0.06754047145020822,0.05286595995130483,0.10112793892621993,0.9329178885630497,0.8104838709677421,0.41935483870967744,0.018570173456664046,0.004952338989824057
4000,418,0.00442809295054758,0.005263030556832969,0.0023553852443001233,0.008570565283298493,0.9945014662756597,0.9516129032258066,0.2903225806451613,0.002747351431377953,0.0027480667922645807
4000,420,0.0041282218298874795,0.004992237701879536,-0.0037924881908111274,0.008495272137224674,0.9923020527859235,0.9596774193548389,0.16129032258064516,0.0025591664166460114,0.0032746470533311367
4000,422,0.006304967304458842,0.007038361456305965,-0.006252684252103791,0.011154847592115403,0.9974340175953078,0.9758064516129032,0.16129032258064516,0.002064915276282737,0.0029095152858644724
4000,435,0.004558351640298497,0.005265805616929458,0.003911486892320681,0.008796258457005024,0.9970674486803517,0.9717741935483872,0.1935483870967742,0.0020825150422751904,0.0031759715639054775
4000,441,0.00462010544288205,0.006225922906268664,-0.0015349164095823653,0.013129152636975049,0.9673753665689149,0.8790322580645162,0.25806451612903225,0.005719165956120818,0.0021753583569079638
4000,450,0.003079471498494968,0.00382382875792608,-0.0025345930480398238,0.006987625360488891,0.9963343108504397,0.9717741935483872,0.12903225806451613,0.002374053489597094,0.002825576113536954
4000,451,0.0024160747052519582,0.0030611919446739935,-0.0006296366409515031,0.0054454636760056015,0.9926686217008798,0.9556451612903226,0.16129032258064516,0.0025316413882518966,0.0033528218045830727
4000,466,0.010809330517076887,0.013380732189424016,0.010166538282646798,0.02694538356736302,0.9659090909090909,0.8629032258064517,0.3225806451612903,0.004385955511562286,0.002770756371319294
4000,470,0.015548035531537607,0.01724516859414315,0.015380824494059198,0.025973687693476678,0.9981671554252198,0.9838709677419356,0.0967741935483871,0.002200597408978689,0.0026753765996545553
4000,474,0.0032863624728634022,0.004231755834734648,-0.003214434975234326,0.00847969129681587,0.9941348973607038,0.9556451612903226,0.25806451612903225,0.0028600655345907135,0.0028202622197568417
4000,484,0.029692840602365322,0.0378529887227321,0.023609665615367703,0.07183005660772322,0.9787390029325512,0.9112903225806452,0.25806451612903225,0.011754734606872643,0.007180954795330763
4000,489,0.029501025506760925,0.034243738094256126,0.02881458168849349,0.06037554070353507,0.9860703812316713,0.9274193548387099,0.25806451612903225,0.01198753020575931,0.005205105058848858
4000,497,0.010921091714408249,0.014425843701866408,0.00786370097193867,0.025597400218248367,0.9897360703812315,0.935483870967742,0.25806451612903225,0.007934919197953517,0.003915510140359402
4000,500,0.023078361409716308,0.029664960065941902,0.022797640034696087,0.060930488258600236,0.9882697947214076,0.9395161290322582,0.1935483870967742,0.008245648500779945,0.004491542000323534
4000,502,0.012103745051717851,0.017867997321998254,0.010834733366209548,0.02554097212851047,0.9772727272727272,0.9233870967741936,0.16129032258064516,0.010699610518772275,0.002920261351391673
4000,529,0.01389736465353053,0.015710763151409794,-0.003156522710924037,0.026025203615427015,0.9849706744868034,0.9274193548387099,0.22580645161290322,0.007286108729820098,0.005615695379674435
4000,544,0.00824605147499824,0.009705547566906392,-0.008000009453098755,0.014221002999693155,0.9945014662756597,0.963709677419355,0.1935483870967742,0.003109897516908184,0.002529068849980831
4000,545,0.003795729462581221,0.005397926395233973,0.0015031632283353247,0.010908805672079323,0.9860703812316713,0.9274193548387099,0.25806451612903225,0.004403110683685349,0.0027632154524326324
4000,548,0.0046042965914239176,0.005453001139338532,-0.0008767330218688585,0.009371048025786876,0.9919354838709675,0.9435483870967742,0.25806451612903225,0.002799136113495596,0.002605801448225975
4000,556,0.005556222560699098,0.00813059193743614,0.004892692304565571,0.01836541071534157,0.9875366568914956,0.935483870967742,0.1935483870967742,0.002981261560513127,0.0027912771329283714
4250,11,0.014745077620318625,0.020113552919991392,0.012732175840937998,0.03816269859671593,0.9897360703812315,0.9395161290322582,0.22580645161290322,0.005328459702732582,0.0023357283789664507
4250,23,0.03425049429642968,0.04135176983494229,0.03407045823405497,0.07933405302464962,0.9754398826979471,0.9112903225806452,0.22580645161290322,0.009212269718127867,0.0028805769979953766
4250,40,0.014848075152258389,0.018566952742459935,0.014307687888504006,0.03363847099244595,0.9945014662756597,0.9556451612903226,0.25806451612903225,0.004544607228449275,0.0024196342565119267
4250,43,0.011818202503491193,0.014219224119193581,-0.0015482230228371918,0.02414455190300941,0.9769061583577712,0.9112903225806452,0.22580645161290322,0.006960748364367793,0.013145063072443008
4250,58,0.010819581089890562,0.01359724384900481,0.010284272429998964,0.02450222037732601,0.9963343108504397,0.9717741935483872,0.16129032258064516,0.003507659868187001,0.003314384026452899
4250,62,0.005315946094924584,0.006830886626221633,0.004065108500071801,0.010958067327737806,0.9937683284457477,0.9516129032258066,0.25806451612903225,0.003551275071297442,0.0024269160348922014
4250,63,0.009896605159156024,0.011920885029831478,0.009484611102379858,0.02029973641037941,0.9959677419354838,0.9677419354838711,0.16129032258064516,0.0039061817580894114,0.0023989458568394184
4250,84,0.007599247735925019,0.009504996283903248,-0.006569953984580934,0.017489001713693143,0.9886363636363635,0.9274193548387099,0.2903225806451613,0.004552523830845472,0.0023486637510359287
4250,86,0.0031548558035865426,0.004239801452115204,0.0012300947855692357,0.00825916454195976,0.9981671554252198,0.9798387096774195,0.16129032258064516,0.0027441232119716943,0.0032962008845061064
4250,90,0.006093255040468648,0.00679658007376286,-0.004848150332691148,0.010048362147063016,0.9945014662756597,0.9596774193548389,0.1935483870967742,0.0021644284678322655,0.004019671585410833
4250,99,0.005250222591712372,0.0063237604338909,-0.005032463279349031,0.011767502687871455,0.9919354838709675,0.9435483870967742,0.25806451612903225,0.0029606216534551594,0.0019311896758154035
4250,171,0.014066432173422072,0.01559326890811338,-0.014066432173422072,0.023055002465844153,0.9981671554252198,0.9838709677419356,0.0967741935483871,0.00210656774710984,0.0020778595935553312
4250,180,0.014520122691465076,0.015771534772549778,0.013580717939476017,0.020535019226372242,0.9772727272727272,0.9153225806451614,0.1935483870967742,0.0023809754319729344,0.001963172573596239
4250,182,0.0075315367575967684,0.008587546096210048,-0.007498733248212375,0.01377961104735732,0.9937683284457477,0.9556451612903226,0.22580645161290322,0.002757035008060836,0.002063353778794408
4250,195,0.007840046844648896,0.009499600746932502,-0.007811532774212537,0.01630861088633537,0.9937683284457477,0.963709677419355,0.12903225806451613,0.002784663026461438,0.001823786529712379
4250,196,0.006853725702967495,0.009236987800318827,0.003695569175761193,0.017954977601766585,0.9967008797653958,0.9717741935483872,0.16129032258064516,0.001871104494878842,0.0019993444439023733
4250,205,0.004016269282146823,0.005202658101254671,-1.3681834388989955e-05,0.01086781062185764,0.9794721407624633,0.9112903225806452,0.22580645161290322,0.004489280613920381,0.002232147380709648
4250,209,0.0033417015147279017,0.004141870738431758,-0.002008738629228901,0.007518313825130463,0.9923020527859235,0.9596774193548389,0.16129032258064516,0.002472319009323274,0.0020618559792637825
4250,216,0.004616269368852954,0.005886591961867161,0.003719091044331435,0.011308276280760764,0.9970674486803517,0.9717741935483872,0.1935483870967742,0.0022474855349789704,0.0022384419571608305
4250,222,0.009986168384784833,0.011489752560463522,0.0005788908747490495,0.01933280862867832,0.9585777126099707,0.8629032258064517,0.25806451612903225,0.0061275880303113695,0.01628596894443035
4250,230,0.009068170860700775,0.011650187259252601,0.0037702856861869805,0.022644106391817326,0.9523460410557184,0.8306451612903227,0.3548387096774194,0.008289656316440913,0.003717200830578804
4250,242,0.006233484084077645,0.007699712875284684,-0.005348198530555237,0.014873589016497135,0.9820381231671553,0.903225806451613,0.3225806451612903,0.004969896485788688,0.0025610143784433603
4250,255,0.013113659180817194,0.016044171788046145,0.01213104608177673,0.026455550268292424,0.9835043988269794,0.9233870967741936,0.22580645161290322,0.005623901713519327,0.0033909687772393227
4250,257,0.005388507153838873,0.006300273870269627,-0.002062322571873665,0.011016866378486156,0.9912023460410555,0.9475806451612905,0.22580645161290322,0.0030142014485693746,0.0023843208327889442
4250,266,0.006029845622833818,0.007762945794445141,-0.0018550533714005724,0.015784348733723162,0.9640762463343108,0.870967741935484,0.25806451612903225,0.004172010384800453,0.0029617261607199907
4250,277,0.03516730549745262,0.04886976491602903,0.02518618619069457,0.09756539873778816,0.8973607038123167,0.8225806451612904,0.2903225806451613,0.023860651398858717,0.004723340272903442
4250,281,0.012669038027524948,0.016686714514737248,-0.008729246561415493,0.0361820213496685,0.9967008797653958,0.9677419354838711,0.22580645161290322,0.009059559013093672,0.008898859843611717
4250,305,0.02574240473768441,0.029189349759500452,-0.02574240473768441,0.04770115613937378,0.9945014662756597,0.9596774193548389,0.1935483870967742,0.007852859412049574,0.002997328294441104
4250,313,0.015591914707329124,0.020038785496814135,0.00889566942350939,0.03850675672292709,0.9941348973607038,0.963709677419355,0.12903225806451613,0.006217224162913138,0.0032440107315778732
4250,314,0.012025979143800214,0.014749283516609611,-0.0008913558267522603,0.024624738842248913,0.9835043988269794,0.9193548387096776,0.2903225806451613,0.009752882764704766,0.003248501569032669
4250,323,0.019271064156782813,0.02206090121477639,-0.019271064156782813,0.035482658073306084,0.9970674486803517,0.9758064516129032,0.12903225806451613,0.0049905309964331885,0.004718232434242964
4250,329,0.007958251459058374,0.009586438132213632,-0.005480441672261804,0.01695423908531666,0.9948680351906156,0.9596774193548389,0.22580645161290322,0.00804832688863239,0.0028694486245512962
4250,341,0.006968269692151807,0.010345983505601963,-5.0746064516715705e-05,0.019269466400146484,0.9857038123167154,0.9233870967741936,0.25806451612903225,0.010323269833480158,0.004599699750542641
4250,357,0.04437308380147442,0.06199929823318064,0.04040972382063046,0.12471820041537285,0.9824046920821112,0.9072580645161292,0.3548387096774194,0.013023856336310986,0.010661398060619831
4250,362,0.029695429824641906,0.03772186261765029,0.02716407373372931,0.07410016283392906,0.971407624633431,0.8790322580645162,0.3225806451612903,0.012721257900158245,0.006927602458745241
4250,391,0.06098229742201511,0.07103011567821443,0.06014229204447474,0.10851785391569138,0.9530791788856304,0.8427419354838711,0.3870967741935484,0.016574197553939397,0.005932143423706293
4250,418,0.0037885773563175462,0.004692623483499841,0.00034779185807565227,0.008827107772231103,0.9930351906158357,0.9475806451612905,0.25806451612903225,0.003469813562509033,0.0036261642817407846
4250,420,0.0042906956587103195,0.005018493588533388,-0.004110727466468234,0.009057316184043884,0.9963343108504397,0.9717741935483872,0.16129032258064516,0.002363875403159088,0.002718488685786724
4250,422,0.007092203217325732,0.00788896678344562,-0.007022659498034045,0.011252682842314243,0.9981671554252198,0.9838709677419356,0.0967741935483871,0.0018558259152116315,0.003143410198390484
4250,435,0.0039885351216071285,0.004651548397672398,0.0032707788559491746,0.008249710127711295,0.9956011730205276,0.9596774193548389,0.25806451612903225,0.0021220126805166083,0.00330982799641788
4250,441,0.004476495472772513,0.0060550482413012354,-0.0006375724988174625,0.013827742356806994,0.9655425219941348,0.866935483870968,0.2903225806451613,0.005712802018669825,0.0026626100298017263
4250,450,0.003341993950016331,0.00394315232645395,-0.0028642713368753903,0.006413540616631508,0.9967008797653958,0.9717741935483872,0.16129032258064516,0.0022458303118905714,0.0027398918755352497
4250,451,0.0020336935194791295,0.0023981402696223756,-0.0009135109212365933,0.003726148232817649,0.9941348973607038,0.9556451612903226,0.22580645161290322,0.0021983650663206654,0.0033939331769943237
4250,466,0.012049757329805288,0.014401741627992865,0.011264686552749481,0.025982282496988772,0.9670087976539589,0.866935483870968,0.3225806451612903,0.004863863277639593,0.0027706662658602
4250,470,0.01549931000045035,0.01754573226202872,0.0153274854819756,0.027862548828125,0.9967008797653958,0.9758064516129032,0.12903225806451613,0.0022956438648003724,0.0027491922955960035
4250,474,0.003017980510776397,0.003929410815380564,-0.002918291480455082,0.007480501383543013,0.9963343108504397,0.9677419354838711,0.1935483870967742,0.002167050336157122,0.002880222164094448
4250,484,0.027731244306778535,0.034946691936908705,0.018023397453362122,0.06703095585107803,0.9827712609970674,0.9233870967741936,0.2903225806451613,0.012386574980712706,0.010666467249393463
4250,489,0.029243570999824442,0.03389926618525048,0.02830522342992481,0.05823232010006904,0.9934017595307918,0.9475806451612905,0.2903225806451613,0.01021060039619765,0.005017013754695654
4250,497,0.008592883183155209,0.010952762781568062,0.004041328007588163,0.019719927757978435,0.9948680351906156,0.9596774193548389,0.1935483870967742,0.007534344154860704,0.004578507039695978
4250,500,0.022428300057072192,0.029322015660843033,0.021707084990339354,0.06373809054493904,0.9897360703812315,0.9516129032258066,0.16129032258064516,0.00738486802325614,0.005200446117669344
4250,502,0.011421383853303269,0.016632403668772482,0.010022767703048885,0.02260637879371643,0.9827712609970674,0.9395161290322582,0.16129032258064516,0.009543973937510483,0.0037384876050055027
4250,529,0.01652281293354463,0.018591539568736475,-0.0007937758200569078,0.03016361817717552,0.9750733137829911,0.9112903225806452,0.16129032258064516,0.00847613763424658,0.006255202926695347
4250,544,0.008621214481536299,0.009868785039720118,-0.008095681710983627,0.014188812859356402,0.9937683284457477,0.9596774193548389,0.1935483870967742,0.0031752428790975,0.002806497272104025
4250,545,0.0029152622373658232,0.003913154430138718,0.000517060085257981,0.006849369499832391,0.9890029325513194,0.9435483870967742,0.22580645161290322,0.0033100145989127697,0.0028969733975827694
4250,548,0.005871853703865781,0.0069945206893202855,7.213914068415761e-05,0.013295165449380874,0.9912023460410555,0.9395161290322582,0.2903225806451613,0.002727025338718968,0.0030646389350295067
4250,556,0.006184942452819087,0.009256083164056506,0.005745230708271265,0.02069272696971893,0.9838709677419353,0.9193548387096776,0.2903225806451613,0.0033829615736800816,0.002917398000136018
4500,11,0.013611284826765768,0.01776088964424388,0.006848765551694669,0.03321738811209798,0.9853372434017593,0.9233870967741936,0.25806451612903225,0.007447132179814,0.001994522288441658
4500,23,0.02984507299697725,0.03637415211085132,0.029709488480875734,0.06809217259287834,0.9758064516129032,0.903225806451613,0.25806451612903225,0.010012954270707504,0.0021693522576242685
4500,40,0.009897500931401737,0.012416698804630892,0.00906521272554528,0.02069338895380497,0.9978005865102637,0.9758064516129032,0.1935483870967742,0.00413333517949908,0.0020775278098881245
4500,43,0.01338704043882899,0.017418480727284833,-0.008905006776330993,0.03416994735598564,0.9472140762463342,0.8508064516129034,0.3225806451612903,0.007362013832936364,0.013901726342737675
4500,58,0.0064016276082838885,0.008772863485946176,0.004911560426990036,0.01726148352026939,0.9956011730205276,0.9677419354838711,0.16129032258064516,0.003358063776226294,0.0028626101557165384
4500,62,0.0036501445283647627,0.005188879316388637,-0.001563129058922641,0.009688123315572736,0.9842375366568914,0.9233870967741936,0.25806451612903225,0.004612510821091071,0.002257455373182893
4500,63,0.00729766739095794,0.010604505537065014,0.0024026110404520296,0.015083994343876838,0.9750733137829911,0.903225806451613,0.25806451612903225,0.007256237286773901,0.0021837216336280107
4500,84,0.008097570433164947,0.010123561488056867,-0.007695025808061473,0.0185527466237545,0.9926686217008798,0.9475806451612905,0.22580645161290322,0.0034851754204400123,0.0020929230377078056
4500,86,0.0030048929547774605,0.004796672478464626,-0.0019651974362204783,0.008815905265510082,0.9970674486803517,0.9758064516129032,0.12903225806451613,0.0031752607394610684,0.0027622170746326447
4500,90,0.008993001727503724,0.010619474478609406,-0.008886600451660343,0.018786384724080563,0.9882697947214076,0.931451612903226,0.25806451612903225,0.003262752682090767,0.004132261034101248
4500,99,0.006760726275388151,0.007949913773189992,-0.006639876926783472,0.012603707984089852,0.9941348973607038,0.9516129032258066,0.25806451612903225,0.0029778196626613217,0.0016945227980613708
4500,171,0.019675952120451257,0.022324396221072886,-0.019675952120451257,0.03488521166145801,0.9956011730205276,0.9677419354838711,0.16129032258064516,0.0031458471916736134,0.0019021809566766024
4500,180,0.011863787553011207,0.01303765420936273,0.011078423285653116,0.01834217747673392,0.9754398826979471,0.9153225806451614,0.1935483870967742,0.003473740397772241,0.0018563716439530253
4500,182,0.010479453354491852,0.011575862915994743,-0.010479453354491852,0.017636811546981334,0.9912023460410555,0.9475806451612905,0.1935483870967742,0.003068733276919492,0.0024064097087830305
4500,195,0.011854089803819079,0.014073124580128169,-0.011803533088823315,0.024564719572663304,0.9934017595307918,0.963709677419355,0.12903225806451613,0.0030613136928408376,0.0016941200010478497
4500,196,0.0061778830604453105,0.007540518216826553,-4.1325041820527986e-05,0.013339044898748396,0.9959677419354838,0.9677419354838711,0.16129032258064516,0.00216681225931332,0.0018842056160792708
4500,205,0.006518723428598605,0.008057302251309736,-0.004516036467975937,0.014498235844075679,0.971041055718475,0.8911290322580646,0.25806451612903225,0.006338281541942588,0.002276706974953413
4500,209,0.006107589171733707,0.006966695962031148,-0.005515099677722901,0.011214043945074081,0.9908357771260996,0.9516129032258066,0.1935483870967742,0.0033304828234137066,0.0021353589836508036
4500,216,0.0029069802403682843,0.003845578924176446,0.0009696181950857863,0.007184179127216339,0.9967008797653958,0.9717741935483872,0.16129032258064516,0.0021879415613629163,0.0021529451478272676
4500,222,0.009881362871965393,0.01190990750791714,-0.008195395668735728,0.01899942271411419,0.9651759530791789,0.8629032258064517,0.3548387096774194,0.006292757367895496,0.014997180551290512
4500,230,0.010095955156430136,0.01402942949586154,-0.004180561976681929,0.03095514392480254,0.9259530791788856,0.7903225806451614,0.2903225806451613,0.009968282699945473,0.002744260709732771
4500,242,0.012997582271054853,0.015793218208946774,-0.012708187750831712,0.027264247834682464,0.9765395894428152,0.8911290322580646,0.3225806451612903,0.008130222566485885,0.002513865241780877
4500,255,0.006923589789948892,0.00933711910005128,0.004359655002190266,0.01850052326917648,0.9783724340175952,0.9072580645161292,0.22580645161290322,0.00696541249541746,0.0029479481745511293
4500,257,0.006251222257560585,0.007698638348773198,-0.005185372232517693,0.014034479111433028,0.9853372434017593,0.9274193548387099,0.22580645161290322,0.003462330941411276,0.0023394234012812376
4500,266,0.007325907638005447,0.010273132752048757,-0.006972174662223551,0.021873827464878558,0.970307917888563,0.8911290322580646,0.22580645161290322,0.004332194961006603,0.003635929897427559
4500,277,0.03063463199941907,0.043731368901533646,0.017096176903578453,0.09326101206243034,0.9028592375366568,0.8306451612903227,0.22580645161290322,0.02197241379068263,0.003852724563330412
4500,281,0.017622457729885355,0.022753708895144685,-0.015954628499457613,0.041692201793193814,0.9912023460410555,0.9435483870967742,0.22580645161290322,0.00970548748849861,0.009917167015373707
4500,305,0.02627148681494873,0.029949188316455398,-0.02627148681494873,0.05094207301735878,0.9952346041055717,0.963709677419355,0.1935483870967742,0.007812395857106294,0.0020433743484318256
4500,313,0.014448728928982746,0.017912787820848198,0.005939363858487923,0.03336157202720642,0.9956011730205276,0.9677419354838711,0.16129032258064516,0.006094054311453816,0.002397437347099185
4500,314,0.013041917256487068,0.016182266384039204,-0.004239073510689195,0.028247252479195593,0.9787390029325512,0.899193548387097,0.3225806451612903,0.00938721493096842,0.0023637095000594854
4500,323,0.02348235917452257,0.025959424635041486,-0.02348235917452257,0.04192923791706562,0.9934017595307918,0.9556451612903226,0.1935483870967742,0.0069747124798595905,0.0025602648966014385
4500,329,0.008771165725192986,0.010616340300054327,-0.006987721644691192,0.0200415201485157,0.9959677419354838,0.9677419354838711,0.16129032258064516,0.007597873092538888,0.002331902738660574
4500,341,0.010825382625625934,0.016207329197510244,-0.008815348432108294,0.03299151435494421,0.9842375366568914,0.9233870967741936,0.25806451612903225,0.01207689418938131,0.003552114823833108
4500,357,0.039412014666595496,0.054252817213731604,0.02835116627102252,0.11574431359767913,0.9783724340175952,0.8951612903225807,0.3225806451612903,0.01276214927014324,0.007457777392119169
4500,362,0.02591460086114239,0.03344843796665878,0.0221606246632291,0.06496305391192436,0.9765395894428152,0.899193548387097,0.25806451612903225,0.011623746415059413,0.004523225128650665
4500,391,0.05259794936864637,0.06125577905749828,0.049857345555210486,0.09106068685650826,0.9450146627565982,0.8266129032258066,0.3225806451612903,0.013776112768438554,0.0046998970210552216
4500,418,0.003389082310604863,0.004070668175074727,-0.0012111144460504875,0.006464146263897419,0.9941348973607038,0.9475806451612905,0.3225806451612903,0.0031197188917787807,0.003632267704233527
4500,420,0.006376657926011831,0.007828250125603129,-0.006321715714875609,0.01409823950380087,0.9934017595307918,0.9677419354838711,0.12903225806451613,0.0025913468712279873,0.003704744391143322
4500,422,0.010095205150719266,0.011323561087113257,-0.010095205150719266,0.01628934610635042,0.998533724340176,0.9838709677419356,0.12903225806451613,0.0018534725231509055,0.0033088503405451775
4500,435,0.003106026240857318,0.003639086190625276,0.002483131058397703,0.006610137037932872,0.9967008797653958,0.9717741935483872,0.16129032258064516,0.0021761906363310353,0.003018556162714958
4500,441,0.005180730840947945,0.006689189301631471,-0.0019050481569138356,0.012918447982519864,0.9684750733137829,0.8750000000000001,0.3548387096774194,0.0060129429348894665,0.0025354393292218447
4500,450,0.0062150817684596404,0.007522725825177463,-0.0059860256587853655,0.012095126137137412,0.9974340175953078,0.9758064516129032,0.16129032258064516,0.002347725668861981,0.002952160779386759
4500,451,0.003944171687180642,0.0047080536571019235,-0.0027128862056997605,0.008477412909269332,0.9915689149560116,0.9435483870967742,0.25806451612903225,0.002499273940620403,0.003675302257761359
4500,466,0.010595120424113702,0.013511394619178026,0.01009601500845747,0.027292211726307868,0.9684750733137829,0.8750000000000001,0.25806451612903225,0.005608643743119413,0.0026774986181408167
4500,470,0.014162420178763568,0.015683321210689254,0.013982493721414357,0.024521447718143463,0.9963343108504397,0.9717741935483872,0.16129032258064516,0.0025071157442946588,0.0028788233175873756
4500,474,0.0062604217091575265,0.007311459159947854,-0.006181782926432788,0.012230688519775868,0.9959677419354838,0.9677419354838711,0.1935483870967742,0.00232072212853499,0.003347106045112014
4500,484,0.025841102600679733,0.03288865853661087,0.015165140721364878,0.06049382211640477,0.9802052785923753,0.9112903225806452,0.2903225806451613,0.01180252455355179,0.005813566502183676
4500,489,0.023138992182794027,0.02803392858872804,0.021971769238007255,0.05597424581646919,0.9871700879765395,0.9233870967741936,0.2903225806451613,0.012868446703519552,0.003830260131508112
4500,497,0.008064841240411624,0.010272580852899236,-0.0012667201226577163,0.01842968054115772,0.9919354838709675,0.9596774193548389,0.12903225806451613,0.007029612834054616,0.0033562607131898403
4500,500,0.01983864725480089,0.025898370546446652,0.01906274581415346,0.05105022117495536,0.9904692082111435,0.9516129032258066,0.16129032258064516,0.008504321716064888,0.003220844315364957
4500,502,0.009925303907948546,0.0143530237992055,0.00825863728823606,0.0188412643969059,0.9915689149560116,0.9556451612903226,0.16129032258064516,0.009545264540300254,0.0020647593773901463
4500,529,0.015550981275737286,0.017543326134935353,-0.0015149712562561035,0.03058754801750183,0.9813049853372433,0.9233870967741936,0.16129032258064516,0.008291132823233642,0.004631949122995138
4500,544,0.012240330332133453,0.014172162285205004,-0.011828324255475309,0.020295778289437294,0.9941348973607038,0.963709677419355,0.16129032258064516,0.003430529197137202,0.002950257621705532
4500,545,0.004279217173461802,0.006070097944134436,-0.0017452187748858705,0.01272619217634201,0.9879032258064515,0.9395161290322582,0.1935483870967742,0.004194350905656334,0.003317096969112754
4500,548,0.005359594702895265,0.00655107061808162,-0.0031577201079926454,0.01031227260828018,0.9904692082111435,0.9435483870967742,0.22580645161290322,0.0031771374295555778,0.003130838740617037
4500,556,0.005514545329788234,0.00762647067932763,0.0034985463789780624,0.017219335213303565,0.9875366568914956,0.9274193548387099,0.25806451612903225,0.0033582854009563882,0.0030240381602197886
4750,11,0.012774771646945737,0.017803186230542632,0.011281569066341035,0.0339354332536459,0.9919354838709675,0.9475806451612905,0.1935483870967742,0.005069358935279231,0.0020775990560650826
4750,23,0.0328622703673318,0.039427393051244534,0.03270355565473437,0.07527362108230591,0.9776392961876832,0.9112903225806452,0.22580645161290322,0.010233188108090431,0.002539435401558876
4750,40,0.011027778193238191,0.013369275866001907,0.010449550711200573,0.022683780640363693,0.9978005865102637,0.9758064516129032,0.1935483870967742,0.004128300434639377,0.0020028389990329742
4750,43,0.010393617441877723,0.013594091006364793,-0.0056725062895566225,0.02509350054897367,0.9835043988269794,0.931451612903226,0.22580645161290322,0.006297994645372514,0.012123474851250648
4750,58,0.0077250589383766055,0.010239159774504507,0.007419565023155883,0.01905721426010132,0.9974340175953078,0.9758064516129032,0.16129032258064516,0.0030856803810644534,0.0025208122096955776
4750,62,0.004497866750170942,0.00602944822863383,0.0028817558122682385,0.009067758545279503,0.9926686217008798,0.9556451612903226,0.16129032258064516,0.0032701385808327505,0.001977004576474428
4750,63,0.009331831763120135,0.01132809063667353,0.008468595191516215,0.01894707717001438,0.9846041055718473,0.935483870967742,0.1935483870967742,0.0049554913026851515,0.0019335191464051604
4750,84,0.005490236795594683,0.0068597898860794275,-0.0042657199628592934,0.011435904912650584,0.9926686217008798,0.9475806451612905,0.25806451612903225,0.003560707029405861,0.001921973074786365
4750,86,0.0025600129883969203,0.004285362088819306,-0.0005706294323317707,0.006950023397803305,0.9970674486803517,0.9758064516129032,0.12903225806451613,0.003032695629724091,0.0023544051218777895
4750,90,0.006312426194199361,0.007392241544971072,-0.006105768974521197,0.011525569949299097,0.9963343108504397,0.9717741935483872,0.12903225806451613,0.002497964253228518,0.003308385144919157
4750,99,0.006917095302924281,0.008177601035318819,-0.006797192207159242,0.012336495891213417,0.9934017595307918,0.9516129032258066,0.22580645161290322,0.003508689644325885,0.0017978654941543937
4750,171,0.017677475545497146,0.020064977044840424,-0.01761456498206826,0.030774907767772672,0.9952346041055717,0.9677419354838711,0.12903225806451613,0.0030224605823957152,0.0018726182170212269
4750,180,0.013043266557360766,0.014183777045541352,0.012268886381207267,0.019127219822257756,0.9758064516129032,0.9153225806451614,0.22580645161290322,0.0035683378584743025,0.0018856051610782743
4750,182,0.008383326894545462,0.009632294163064787,-0.008383326894545462,0.016499944776296616,0.9941348973607038,0.9596774193548389,0.1935483870967742,0.002461461928643046,0.0019126704428344965
4750,195,0.0091065611486556,0.010584185113310393,-0.0090151832846459,0.016183876618742942,0.9915689149560116,0.9516129032258066,0.16129032258064516,0.0029024097452601118,0.001744220731779933
4750,196,0.006464675258030184,0.008067066788776233,0.0017623946041567251,0.014412806183099746,0.9970674486803517,0.9758064516129032,0.12903225806451613,0.0017126491668844415,0.0018036591354757547
4750,205,0.004977432647137903,0.006073533611862947,-0.0012017335830023512,0.010519014671444891,0.9772727272727272,0.903225806451613,0.25806451612903225,0.005398228419043364,0.0020114132203161716
4750,209,0.0055015393991197925,0.006395325002618448,-0.004966046846675454,0.010689834505319596,0.9912023460410555,0.9516129032258066,0.1935483870967742,0.003144083908879228,0.0018566899234429002
4750,216,0.003081028724409407,0.004075268280891623,0.0013698234433832113,0.007781014218926428,0.9970674486803517,0.9717741935483872,0.1935483870967742,0.002662449500583593,0.0019028809620067477
4750,222,0.008410810463828966,0.009602526099737581,-0.00048587305354885757,0.016704468405805528,0.9750733137829911,0.8870967741935486,0.3548387096774194,0.005033551595143734,0.016939343884587288
4750,230,0.00779076440812787,0.01072137310049226,-0.003633894921222236,0.020124410931020974,0.9380498533724339,0.806451612903226,0.3548387096774194,0.008178031702916469,0.0029386738315224648
4750,242,0.00913823601877084,0.011274221618942277,-0.008747506559302565,0.021254448033869267,0.9791055718475072,0.8911290322580646,0.3225806451612903,0.0056716566229419365,0.0021178300958126783
4750,255,0.011808794435637537,0.014430518523000426,0.010785088838019874,0.02357705421745777,0.9791055718475072,0.899193548387097,0.2903225806451613,0.006285987291184645,0.0023405153769999743
4750,257,0.005000247452699114,0.00618960768264566,-0.003600253847253043,0.011713779158890245,0.9904692082111435,0.9516129032258066,0.16129032258064516,0.0030537589393075434,0.0017184782773256302
4750,266,0.005914744397159666,0.008120844558206004,-0.0038284849433694035,0.016405324824154376,0.972140762463343,0.8951612903225807,0.25806451612903225,0.004670518375332317,0.002688195090740919
4750,277,0.0336146641348023,0.045801688470009386,0.031817820301512256,0.07516095638275146,0.9446480938416421,0.8750000000000001,0.2903225806451613,0.017863351611360427,0.004820941016077995
4750,281,0.01581053953850642,0.020091813276073477,-0.009671607578638941,0.03802787512540817,0.9948680351906156,0.9556451612903226,0.25806451612903225,0.00894624283236842,0.010407064110040665
4750,305,0.022662775081698783,0.02642813178016992,-0.022609616120462306,0.0456759087741375,0.9941348973607038,0.9516129032258066,0.2903225806451613,0.00830769200899428,0.0021415171213448048
4750,313,0.012674530189542565,0.016369072798529845,0.006375049320922699,0.032761982083320616,0.9963343108504397,0.9717741935483872,0.16129032258064516,0.006677501061330399,0.002360553713515401
4750,314,0.0120480898549431,0.014988391382185152,-0.002355321754293982,0.026273593492805957,0.9824046920821112,0.9112903225806452,0.2903225806451613,0.009810848439472818,0.0023914568591862917
4750,323,0.02096998182241805,0.023699287961069487,-0.02096998182241805,0.0385794136673212,0.9937683284457477,0.9556451612903226,0.1935483870967742,0.006400133438047862,0.0024015200324356556
4750,329,0.007030981330899522,0.008404976120533753,-0.0016219346143770963,0.01350193880498409,0.9952346041055717,0.9596774193548389,0.22580645161290322,0.00787141810982458,0.002348443493247032
4750,341,0.006187355887959711,0.008559411476322108,0.0008825420954963192,0.01932045146822929,0.9871700879765395,0.931451612903226,0.22580645161290322,0.00891123949399879,0.0036433981731534004
4750,357,0.04003350710263476,0.05717301655566064,0.0328269773744978,0.12204170823097228,0.9831378299120233,0.9233870967741936,0.22580645161290322,0.012299292300256991,0.010466174222528934
4750,362,0.025666811430710368,0.032645463256140705,0.023779960567480884,0.060188472270965576,0.9787390029325512,0.899193548387097,0.3225806451612903,0.010982742593173058,0.006523775868117809
4750,391,0.059375690936576575,0.06874426138709118,0.058816926495637745,0.10317423362284898,0.9560117302052785,0.8467741935483872,0.3225806451612903,0.014601888675843515,0.003891095519065857
4750,418,0.0035723181717912666,0.0043806705649292385,0.0003440977234276943,0.008139476738870144,0.9945014662756597,0.9516129032258066,0.2903225806451613,0.0032960719939681793,0.002492675092071295
4750,420,0.0054446352442028,0.006565232459746836,-0.005191579737584107,0.011055048555135727,0.9934017595307918,0.9596774193548389,0.1935483870967742,0.0028366242730689627,0.0025769362691789865
4750,422,0.007963691954500973,0.009226394222132357,-0.007963691954500973,0.015347107499837875,0.998533724340176,0.9879032258064518,0.06451612903225806,0.0016249259032549397,0.0024833371862769127
4750,435,0.00373112982197199,0.004474919496120447,0.002860809414414689,0.008057860657572746,0.9970674486803517,0.9758064516129032,0.12903225806451613,0.002505694959132421,0.0024984076153486967
4750,441,0.004894677862466779,0.006421446007823597,-0.0013120343792252243,0.011814303323626518,0.972507331378299,0.8870967741935486,0.2903225806451613,0.006198429799218091,0.0019122859230265021
4750,450,0.00484973109269049,0.005835581634874499,-0.004307566210627556,0.010133416205644607,0.9978005865102637,0.9798387096774195,0.12903225806451613,0.0022801083227198932,0.0021737662609666586
4750,451,0.003400830493774265,0.004114037734196871,-0.0019222380651626736,0.0076591879129409785,0.9908357771260996,0.9435483870967742,0.22580645161290322,0.002993675144088845,0.0030290535651147366
4750,466,0.011345852726662997,0.013885878035994911,0.011088519553595688,0.02645488427951932,0.9640762463343108,0.8629032258064517,0.2903225806451613,0.004606251372024417,0.0021878250408917665
4750,470,0.015523292167927139,0.01702803243804853,0.01538835525570903,0.024631619080901144,0.9963343108504397,0.9758064516129032,0.0967741935483871,0.0025645584438837342,0.0021589905954897404
4750,474,0.0031302772913477384,0.0039507599372445475,-0.0029628112897626124,0.0072276882827281945,0.9967008797653958,0.963709677419355,0.2903225806451613,0.0029378504672598455,0.002508657518774271
4750,484,0.022425251052482054,0.02959125322436861,0.01349918547202833,0.059346259385347364,0.9802052785923753,0.9112903225806452,0.2903225806451613,0.012436586342030955,0.0054734572768211365
4750,489,0.029993135438417085,0.03499132664420402,0.029097797043505125,0.06267328560352325,0.9882697947214076,0.931451612903226,0.25806451612903225,0.00965405698685396,0.006077505182474852
4750,497,0.009640743097406812,0.012057401503695246,0.003090077472734265,0.021476700529456137,0.9908357771260996,0.9475806451612905,0.22580645161290322,0.00777245300912088,0.004232793115079403
4750,500,0.02256627133465372,0.028296949908799857,0.021950746624497697,0.05698023065924644,0.9901026392961876,0.9516129032258066,0.16129032258064516,0.007980153565445253,0.004158711060881615
4750,502,0.010355565464124084,0.014586405401293804,0.007833579235011712,0.023977139778435227,0.9860703812316713,0.931451612903226,0.25806451612903225,0.009964043079244514,0.002638168167322874
4750,529,0.015052363916765898,0.01719885806201077,-0.0036894126678816974,0.029801973700523374,0.9809384164222872,0.9193548387096776,0.22580645161290322,0.008777617401773892,0.00758127449080348
4750,544,0.007556330849183723,0.008749233034052688,-0.006873088554129936,0.013631306774914264,0.9930351906158357,0.9516129032258066,0.25806451612903225,0.0033414893738564944,0.002129325410351157
4750,545,0.0035811314883176237,0.004649247709428728,0.0010709596244851127,0.009119411744177342,0.9868035190615836,0.931451612903226,0.22580645161290322,0.0037494266120296333,0.0023648778442293406
4750,548,0.0047029125853441656,0.005570690908391779,0.0002892832562793046,0.009757362492382526,0.9871700879765395,0.9274193548387099,0.25806451612903225,0.003467438246814474,0.0020905877463519573
4750,556,0.0054320138588082045,0.007457433865537787,0.0046487639483530074,0.017090176418423652,0.9926686217008798,0.9516129032258066,0.1935483870967742,0.0028946816380466182,0.0021785730496048927
5000,11,0.01451276787702227,0.019533240913321735,0.009166340598312672,0.03621771857142449,0.9835043988269794,0.9153225806451614,0.2903225806451613,0.007152328425417504,0.0020488344598561525
5000,23,0.03439637841802323,0.041198088903310906,0.03423151927563595,0.07762400396168231,0.9824046920821112,0.9193548387096776,0.25806451612903225,0.009176753521446259,0.0026377462781965733
5000,40,0.014912486887624254,0.018637359216329856,0.014340583238663385,0.03315146826207637,0.9967008797653958,0.9717741935483872,0.16129032258064516,0.0037971726701324505,0.001573136425577104
5000,43,0.013044539198745042,0.015776225325848773,-0.004114678886253387,0.032723677624017,0.9637096774193546,0.870967741935484,0.2903225806451613,0.00661981598504128,0.013360347598791122
5000,58,0.01178299173625419,0.015219391789855229,0.011484410490083974,0.02870495319366455,0.9959677419354838,0.9717741935483872,0.12903225806451613,0.0032849634111288095,0.002762274583801627
5000,62,0.005527536501176655,0.007216041423578698,0.004357757497928105,0.013356614112854003,0.9890029325513194,0.931451612903226,0.25806451612903225,0.0039024396964739408,0.0016902575735002756
5000,63,0.009605881670722738,0.01190923139100695,0.008602019661339,0.02071955390274525,0.9809384164222872,0.9233870967741936,0.25806451612903225,0.0048069771108848434,0.0016764472238719463
5000,84,0.00406535973525024,0.005630971171498369,-0.002570677603216609,0.01180401425808668,0.9923020527859235,0.9516129032258066,0.22580645161290322,0.0033989365535577938,0.0016786319902166724
5000,86,0.0030264515917224344,0.004088191446862982,0.0017771968596207444,0.007838277891278266,0.9959677419354838,0.9717741935483872,0.12903225806451613,0.0027419530238295274,0.0018841101555153728
5000,90,0.0063849815996945836,0.007435373557688351,-0.0062602677280665375,0.01246523940935731,0.9952346041055717,0.963709677419355,0.1935483870967742,0.0026358782629212064,0.003547455882653594
5000,99,0.005355156426958274,0.0063980089535825985,-0.005123285845911596,0.010708475392311812,0.9945014662756597,0.9596774193548389,0.1935483870967742,0.0026719508272024894,0.0015063607133924961
5000,171,0.014694145575049333,0.016417517407162987,-0.01465923349314835,0.022896314784884454,0.9981671554252198,0.9838709677419356,0.0967741935483871,0.002503696889165909,0.001472868025302887
5000,180,0.01348200685242773,0.014718214093867093,0.01270865698097623,0.020419576577842234,0.9750733137829911,0.9072580645161292,0.22580645161290322,0.0035147533729492178,0.001664179959334433
5000,182,0.00818509115561028,0.009283744141606463,-0.008177992993296357,0.015063278377056122,0.9941348973607038,0.9596774193548389,0.1935483870967742,0.0025610506211617783,0.0015954497503116727
5000,195,0.009001934082334628,0.010349403490828102,-0.008911769513360923,0.01563692484050989,0.9926686217008798,0.9516129032258066,0.1935483870967742,0.002824187620482858,0.001393514103256166
5000,196,0.0067521551754907705,0.00922351890939228,0.0034971574423252605,0.018057269603013994,0.9959677419354838,0.9677419354838711,0.16129032258064516,0.0016567772554774438,0.0014357585459947586
5000,205,0.004228015521221096,0.00509860724177432,-0.00035716560887522064,0.00948644187301397,0.9802052785923753,0.9153225806451614,0.22580645161290322,0.0048985523922789485,0.0016060061752796173
5000,209,0.003984383594797691,0.005014432745256567,-0.003052562995435437,0.009519525989890098,0.9919354838709675,0.9556451612903226,0.1935483870967742,0.002924051770429698,0.0015521511668339372
5000,216,0.0033916211577889044,0.004658973445653613,0.002417352381598903,0.009419421106576918,0.9967008797653958,0.9677419354838711,0.22580645161290322,0.002552544957237138,0.001724149682559073
5000,222,0.009229913732269779,0.010804498761958698,-0.0008751824789214879,0.01816292041912675,0.9582111436950146,0.8588709677419356,0.2903225806451613,0.005888051173139003,0.01723621040582657
5000,230,0.00890778195753228,0.01220371106160238,-0.0030010508344275877,0.026077522803097962,0.9325513196480938,0.7903225806451614,0.3870967741935484,0.008574643630474325,0.0035526303108781576
5000,242,0.008542754985683132,0.010647675784040923,-0.008296879423141945,0.019487477652728555,0.9827712609970674,0.9112903225806452,0.2903225806451613,0.005336051979552834,0.0022313992958515882
5000,255,0.012258177674084436,0.015317911898062616,0.01116039168118732,0.028768913075327873,0.9838709677419353,0.9193548387096776,0.22580645161290322,0.005319833552705184,0.0029329967219382524
5000,257,0.006723201688146219,0.007766860145324537,-0.00506292175850831,0.012183301523327828,0.9926686217008798,0.9556451612903226,0.22580645161290322,0.002793536746814366,0.002295499201864004
5000,266,0.005782568703580182,0.007723708652781551,-0.00253515148506267,0.015458724275231359,0.9695747800586508,0.8790322580645162,0.3225806451612903,0.0041749983830677885,0.0033175821881741285
5000,277,0.03150856075808406,0.0425075001394491,0.029015647509368137,0.07278735265135765,0.9490469208211144,0.8629032258064517,0.2903225806451613,0.018242112646299984,0.003241640981286764
5000,281,0.016575016954448074,0.021676005240805624,-0.013392919616308063,0.0405667707324028,0.9959677419354838,0.9677419354838711,0.16129032258064516,0.00794693605313378,0.007642878219485283
5000,305,0.0276050106913317,0.03137681300867645,-0.0276050106913317,0.04695140272378921,0.9937683284457477,0.9516129032258066,0.25806451612903225,0.008846789117782347,0.0024240240454673767
5000,313,0.012903995957458392,0.015985265620642303,0.0005828196590300649,0.02868710458278656,0.9956011730205276,0.9677419354838711,0.16129032258064516,0.0074332061433984385,0.003047998994588852
5000,314,0.011660331874736585,0.014478247408664111,-0.006005439456203021,0.025394376553595062,0.9904692082111435,0.9395161290322582,0.2903225806451613,0.009627827067649173,0.0030433223582804203
5000,323,0.026837766301468946,0.030137068201900305,-0.026837766301468946,0.04874910227954387,0.9934017595307918,0.9596774193548389,0.12903225806451613,0.0061458136976486255,0.004192299675196409
5000,329,0.007462319896148983,0.008829283738853222,-0.004534659419732634,0.015892558544874192,0.9952346041055717,0.9596774193548389,0.22580645161290322,0.007819391644349503,0.0026841529179364443
5000,341,0.006462144505348988,0.008598718674858164,-0.0032053817849373445,0.01704244315624237,0.9904692082111435,0.9435483870967742,0.22580645161290322,0.00942327001041943,0.004863540641963482
5000,357,0.03972041756787803,0.05645667174501455,0.029156840304494835,0.120551411062479,0.9838709677419353,0.9153225806451614,0.3225806451612903,0.013857762674771009,0.007381534669548273
5000,362,0.022462425054982305,0.028793309674830774,0.020356608962174505,0.055378635227680204,0.9765395894428152,0.899193548387097,0.25806451612903225,0.010879367079225278,0.004982036538422108
5000,391,0.05416480165149551,0.06261033597218087,0.050722450789180584,0.09597701281309128,0.940615835777126,0.8225806451612904,0.3225806451612903,0.016409460440157883,0.004743512254208326
5000,418,0.003634619752119761,0.004391022458313835,0.0003200953433406539,0.007864565588533878,0.9956011730205276,0.9596774193548389,0.25806451612903225,0.003348795314049048,0.003330501029267907
5000,420,0.004531919694272801,0.005737901903622819,-0.004435730370460078,0.009986901842057704,0.9956011730205276,0.9677419354838711,0.16129032258064516,0.002164565740273364,0.0020219862926751375
5000,422,0.007343434073845856,0.008233119419334651,-0.007343434073845856,0.012380577251315117,0.998533724340176,0.9838709677419356,0.12903225806451613,0.0018057540104153655,0.0024976825807243586
5000,435,0.0037553664296865463,0.0043202382996401344,0.0030392273620236665,0.007121307775378227,0.9978005865102637,0.9798387096774195,0.12903225806451613,0.0018448618676273091,0.003273826790973544
5000,441,0.004286731826141477,0.005647649850890938,-0.0007761479500913993,0.011772752925753593,0.972140762463343,0.8870967741935486,0.25806451612903225,0.005369892035941443,0.0019180367235094309
5000,450,0.003094797153607942,0.003616707803815109,-0.00259534727956634,0.006521318852901459,0.998533724340176,0.9838709677419356,0.12903225806451613,0.001981491748724253,0.002676436211913824
5000,451,0.0021483098025782965,0.0027466853384364455,-0.00042690458212746307,0.005386856384575366,0.9930351906158357,0.9556451612903226,0.16129032258064516,0.0025892121897589777,0.002915908582508564
5000,466,0.012226383296365384,0.014616841064406978,0.011429004043748137,0.027498839795589446,0.9607771260997068,0.8548387096774194,0.25806451612903225,0.004944323314233653,0.0026956123765558004
5000,470,0.015729117003502324,0.0175381087616583,0.01556435196835082,0.02718895748257637,0.9959677419354838,0.963709677419355,0.22580645161290322,0.002414224541655952,0.0026362405624240637
5000,474,0.002885875386709813,0.003547111881998095,-0.0024566071297158487,0.005604474805295467,0.9956011730205276,0.963709677419355,0.22580645161290322,0.0027246593888248165,0.002566881477832794
5000,484,0.02418053113797214,0.03358211234450911,0.009845032254816033,0.06555259674787521,0.9611436950146627,0.8911290322580646,0.25806451612903225,0.016110384851814277,0.0059864879585802555
5000,489,0.026212428536382504,0.03112501749816735,0.02568300392886158,0.057025223225355144,0.9835043988269794,0.9153225806451614,0.2903225806451613,0.01188014037606697,0.005001011770218611
5000,497,0.010212935972958803,0.012230776899202711,0.005193076271098107,0.021110041439533232,0.9923020527859235,0.9516129032258066,0.22580645161290322,0.007371931817502745,0.004415999166667461
5000,500,0.021498588888789527,0.027503256207450387,0.020710132477688603,0.05827866345643997,0.9897360703812315,0.9475806451612905,0.1935483870967742,0.007691550909751846,0.004548916593194008
5000,502,0.010179792981944047,0.013395588331153547,0.006805280820117332,0.023796867579221722,0.9882697947214076,0.9395161290322582,0.22580645161290322,0.009876862213376069,0.003039849456399679
5000,529,0.014084043854381889,0.016312889898760626,-0.002326045127119869,0.027053311467170712,0.9805718475073312,0.9193548387096776,0.1935483870967742,0.008799624944766682,0.006021872628480196
5000,544,0.00715433601726545,0.008294185103929763,-0.006690144196909387,0.011615475174039602,0.9937683284457477,0.9596774193548389,0.1935483870967742,0.0028360557231691575,0.0021285265684127808
5000,545,0.003155965867335908,0.004176176347638706,0.0006970367976464331,0.007895496673882008,0.9893695014662756,0.935483870967742,0.2903225806451613,0.0036802330850473335,0.0027232530992478132
5000,548,0.0052978891908423975,0.006198512062102975,-0.00040615540638100356,0.010102137923240662,0.9890029325513194,0.935483870967742,0.25806451612903225,0.003146936516127279,0.0030754348263144493
5000,556,0.0067408356626401655,0.009245877221129094,0.00643067651981255,0.020061048492789266,0.9915689149560116,0.9475806451612905,0.1935483870967742,0.0023501250562408278,0.002475015353411436
5250,11,0.010152479826501803,0.014311064051178855,0.007058111961669056,0.02810254245996475,0.9926686217008798,0.9516129032258066,0.1935483870967742,0.004933537889061676,0.0016151416348293424
5250,23,0.03053587441536365,0.036629299206876666,0.030429911152168643,0.06988362669944763,0.9857038123167154,0.9274193548387099,0.25806451612903225,0.010033380615735246,0.0016954122111201286
5250,40,0.011322671685775276,0.013636585869800554,0.010475212569872383,0.022372618317604065,0.9948680351906156,0.9677419354838711,0.16129032258064516,0.0043180157625747305,0.0013385412748903036
5250,43,0.012198803189676255,0.01572979830768638,-0.00794487277744338,0.03356958888471126,0.9684750733137829,0.8911290322580646,0.25806451612903225,0.007370448460982692,0.012828728184103966
5250,58,0.008687000910867937,0.011496857483386386,0.008393658135901205,0.02118416614830494,0.9952346041055717,0.963709677419355,0.1935483870967742,0.0032675193412409673,0.002013880293816328
5250,62,0.004246526699716924,0.0056618364396331345,0.002504732987290481,0.009432877786457539,0.9915689149560116,0.9395161290322582,0.2903225806451613,0.00386475280843555,0.0012690593721345067
5250,63,0.008570501704525668,0.011056375793644083,0.005608154162473511,0.018429983407258987,0.973973607038123,0.9072580645161292,0.22580645161290322,0.006437985654619913,0.0013739748392254114
5250,84,0.005136872950970428,0.0066697553279013964,-0.004048919221531833,0.0138424564152956,0.9915689149560116,0.9556451612903226,0.12903225806451613,0.0028823248163286235,0.001292591798119247
5250,86,0.0023748499661451206,0.0038965389996433617,-0.0011002683022525162,0.005650749616324901,0.9978005865102637,0.9798387096774195,0.12903225806451613,0.002715481542831948,0.0016233448404818773
5250,90,0.008082055304839741,0.00934957750105764,-0.008082055304839741,0.01735657509416342,0.9912023460410555,0.9435483870967742,0.25806451612903225,0.0034554747098516072,0.0033352843020111322
5250,99,0.00620550970415934,0.007077997149901277,-0.006063905213522958,0.010858282912522554,0.9948680351906156,0.963709677419355,0.16129032258064516,0.0026125666805573047,0.0012663279194384813
5250,171,0.016621441733150277,0.018724298789942948,-0.0165560293753515,0.028213042393326757,0.9967008797653958,0.9717741935483872,0.16129032258064516,0.0026845728918429342,0.0012299646623432636
5250,180,0.013535600774048362,0.014723082657911743,0.01269012924603885,0.020264418609440327,0.9743401759530791,0.9072580645161292,0.22580645161290322,0.0034091612399225276,0.00132135977037251
5250,182,0.00917524726173724,0.010191938131766118,-0.009145730113232275,0.015964370965957642,0.9963343108504397,0.9758064516129032,0.0967741935483871,0.0021407922857531137,0.0012681774096563458
5250,195,0.008988761303044157,0.010442147405085239,-0.008844843516271794,0.016628501191735267,0.9926686217008798,0.9475806451612905,0.22580645161290322,0.0028954830824307375,0.0012345173163339496
5250,196,0.006023667461704463,0.008048255487098685,0.0029264173354022205,0.015997659415006638,0.9974340175953078,0.9798387096774195,0.0967741935483871,0.0016914082075198812,0.0012129612732678652
5250,205,0.004362993611721322,0.005285077062210401,-0.0014296277731773444,0.00888648685067892,0.9816715542521994,0.9233870967741936,0.1935483870967742,0.00484511416570674,0.0012494871625676751
5250,209,0.004650200276955729,0.0056465973683573895,-0.0039035280024108943,0.010707636177539824,0.9919354838709675,0.9556451612903226,0.1935483870967742,0.003154070180420193,0.0013703327858820558
5250,216,0.003153380923322402,0.0043017654934420875,0.002059110629488714,0.009379660338163376,0.9974340175953078,0.9758064516129032,0.16129032258064516,0.0022423966907926143,0.0013407445512712002
5250,222,0.009718177985632792,0.010881431785175054,-0.001046672958182171,0.018366332072764634,0.9567448680351905,0.8508064516129034,0.3225806451612903,0.006504786411120045,0.016715137287974358
5250,230,0.007886208164563868,0.011243518324747223,-0.0024868057007552125,0.02527450295165181,0.9340175953079178,0.806451612903226,0.3225806451612903,0.008032116408069287,0.002572412136942148
5250,242,0.009296156073105522,0.011641837022196323,-0.009224638328305446,0.021537202782928942,0.9835043988269794,0.9112903225806452,0.2903225806451613,0.0052473163532633935,0.0015209922567009926
5250,255,0.010901062647462822,0.014118300836903241,0.009729181692819111,0.026785548031330108,0.9838709677419353,0.9193548387096776,0.25806451612903225,0.005380075019333632,0.0022634253837168217
5250,257,0.006241230217710836,0.007215466704327037,-0.004453614510566695,0.013428186438977717,0.9919354838709675,0.9556451612903226,0.16129032258064516,0.003376566395614176,0.0018498649587854743
5250,266,0.005581970966886729,0.007801399601536,-0.004463466320885345,0.01727099288254976,0.9769061583577712,0.903225806451613,0.2903225806451613,0.0042330735483236855,0.0029615345411002636
5250,277,0.03251663880655542,0.043365330064406876,0.0301752244704403,0.06792940497398377,0.9552785923753665,0.8830645161290324,0.2903225806451613,0.018333413127449252,0.0016570072621107101
5250,281,0.0135527104139328,0.017936155088533617,-0.012316739186644554,0.03559172227978706,0.9959677419354838,0.9677419354838711,0.16129032258064516,0.006811158731579781,0.007909087464213371
5250,305,0.026335746708355146,0.029541237285282428,-0.026335746708355146,0.045583922415971756,0.9923020527859235,0.9475806451612905,0.22580645161290322,0.007958394366376582,0.0017567580798640847
5250,313,0.013453665545966942,0.01657823656169745,0.0036401507604750805,0.030986192822456356,0.9981671554252198,0.9838709677419356,0.0967741935483871,0.0059575537715347545,0.0019258095417171717
5250,314,0.014049054152565077,0.016232375792482396,-0.0030509331554640085,0.025102228671312333,0.9842375366568914,0.9233870967741936,0.25806451612903225,0.009992585637636723,0.0019852062687277794
5250,323,0.023955967095389497,0.02674272635596056,-0.023955967095389497,0.04424182958900928,0.9934017595307918,0.9516129032258066,0.22580645161290322,0.0070623480789964235,0.0019111873116344213
5250,329,0.007358699982432881,0.00907733442505452,-0.004068479818670312,0.01611454077064991,0.9948680351906156,0.9596774193548389,0.22580645161290322,0.007191922894919351,0.0018606983358040452
5250,341,0.009050302316609304,0.011692692327620205,-0.005829295601870399,0.02359792813658714,0.9853372434017593,0.9233870967741936,0.22580645161290322,0.010381340912933792,0.003619080176576972
5250,357,0.04160747390415054,0.057885444425255554,0.035817413896438666,0.11974449157714843,0.9838709677419353,0.9193548387096776,0.2903225806451613,0.013846018276507817,0.007803209591656923
5250,362,0.026496240388951264,0.03387047425532823,0.022727986230165698,0.06562650501728058,0.9750733137829911,0.8911290322580646,0.2903225806451613,0.010861719432737558,0.005264702718704939
5250,391,0.055745006298820954,0.0659246746997685,0.05496245274116518,0.09978788476437331,0.9556451612903224,0.8508064516129034,0.3548387096774194,0.016198875074605306,0.0018707362469285727
5250,418,0.0035764208259934094,0.0043521069234517505,0.00048570211583864875,0.008510362356901169,0.9930351906158357,0.9475806451612905,0.2903225806451613,0.0035630471050559034,0.0017782190116122365
5250,420,0.005347543981770286,0.006528618251229023,-0.0052292416694399435,0.011332722194492818,0.9963343108504397,0.9677419354838711,0.1935483870967742,0.0022164958401493006,0.0014851497253403068
5250,422,0.007764109628624283,0.009014036728398268,-0.007732005811703857,0.014759121835231781,0.9967008797653958,0.9798387096774195,0.0967741935483871,0.0020094260595919142,0.0017823373200371861
5250,435,0.0036839422391494736,0.004191410488315066,0.002374643401708454,0.0068536888808012,0.9974340175953078,0.9758064516129032,0.16129032258064516,0.002125804575400487,0.002244316739961505
5250,441,0.0046989978254714515,0.006116489628974779,-0.0023094316020433325,0.012115874979645011,0.9750733137829911,0.8911290322580646,0.2903225806451613,0.005729557713493705,0.0013875539880245924
5250,450,0.004390423055156134,0.00539151668342115,-0.004211118444800377,0.009926319867372514,0.9989002932551319,0.9879032258064518,0.0967741935483871,0.0020701675150062767,0.0020498137455433607
5250,451,0.003413888975046575,0.004202983002442934,-0.00244442984694615,0.007979124411940574,0.9945014662756597,0.9596774193548389,0.1935483870967742,0.0027665398834693816,0.0021739425137639046
5250,466,0.010733593204349745,0.012978984805783479,0.010207780222117435,0.024695764295756817,0.9644428152492669,0.866935483870968,0.2903225806451613,0.0046204873135373475,0.0019185820128768682
5250,470,0.01504765817662701,0.01654624127142494,0.014951536169974133,0.023465339466929434,0.9956011730205276,0.9717741935483872,0.0967741935483871,0.0021796671283100884,0.0015379521064460278
5250,474,0.0038015227146388497,0.004595737637785119,-0.0033548817846167367,0.008535422012209892,0.9934017595307918,0.963709677419355,0.16129032258064516,0.0026475886040697653,0.001567116123624146
5250,484,0.02522481985943159,0.032429324857453784,0.016177213205082808,0.061619251966476433,0.9838709677419353,0.9274193548387099,0.2903225806451613,0.01125648046182769,0.0037176290061324835
5250,489,0.026386188306787517,0.031713281252390244,0.025721986930875573,0.061693699657917024,0.9886363636363635,0.9233870967741936,0.3548387096774194,0.012590311940819505,0.0026343201752752066
5250,497,0.01045367775077466,0.013040047929118993,0.004050585164804943,0.0247847244143486,0.9959677419354838,0.963709677419355,0.22580645161290322,0.006747732960408734,0.0024700062349438667
5250,500,0.02228497641044669,0.028630893448168694,0.021877023013075814,0.057596918940544126,0.9915689149560116,0.9596774193548389,0.12903225806451613,0.007412327393408745,0.0027960967272520065
5250,502,0.00980115995844244,0.01415112436780113,0.00736127808704623,0.02254194468259811,0.9937683284457477,0.9516129032258066,0.25806451612903225,0.00932620040276238,0.001881347387097776
5250,529,0.015824561938643456,0.01771863997337098,-0.002371290698647499,0.030988471210002897,0.9787390029325512,0.9112903225806452,0.1935483870967742,0.007715703423825964,0.003365923184901476
5250,544,0.008919952568248846,0.010288377531224656,-0.008424684179772157,0.014416511729359626,0.9948680351906156,0.963709677419355,0.1935483870967742,0.0028847764328783078,0.0014794081216678023
5250,545,0.0032171358361665625,0.004146355319248223,0.00014334239313029684,0.008735003136098384,0.9879032258064515,0.9395161290322582,0.1935483870967742,0.0035640566624821194,0.001551362918689847
5250,548,0.004525063726759981,0.005502973969026126,-0.0007037368122837506,0.008707666490226983,0.9901026392961876,0.935483870967742,0.25806451612903225,0.003120857719031553,0.0018897170666605234
5250,556,0.005506983641680563,0.007526243395075544,0.005137892188940896,0.016452319547533987,0.9937683284457477,0.963709677419355,0.0967741935483871,0.0026606107994373287,0.0017511331243440509
5500,11,0.012305614138313103,0.017570025073321067,0.009720299502077978,0.03486149907112122,0.9849706744868034,0.9274193548387099,0.25806451612903225,0.005289963649345502,0.0017487236764281988
5500,23,0.03286192195082549,0.03908709412992473,0.03271070097980555,0.07267736792564392,0.9820381231671553,0.9193548387096776,0.2903225806451613,0.009747861448915736,0.0024195355363190174
5500,40,0.014451074050157331,0.01764732966386608,0.013790634940960445,0.02845289818942547,0.9974340175953078,0.9758064516129032,0.16129032258064516,0.003647438851335356,0.001520289108157158
5500,43,0.012239711009897292,0.014395361517755167,-0.004070622962899506,0.028476716298609973,0.9684750733137829,0.8830645161290324,0.2903225806451613,0.0065556295336254185,0.01293206587433815
5500,58,0.009242242245818488,0.012176982802046793,0.009035203460371122,0.022197020798921583,0.9963343108504397,0.9677419354838711,0.1935483870967742,0.0030101159392225164,0.002093343297019601
5500,62,0.00433589026943082,0.005716805730970802,0.002129577078449074,0.009961029700934886,0.9886363636363635,0.931451612903226,0.25806451612903225,0.004057516268784961,0.0015917625278234482
5500,63,0.008616355429694522,0.010932258486000447,0.006019270389515441,0.019129864126443862,0.971774193548387,0.899193548387097,0.25806451612903225,0.006130503407949882,0.001613616244867444
5500,84,0.006231086183106527,0.007639641663742239,-0.0048346010444220155,0.013672004640102384,0.9915689149560116,0.9516129032258066,0.1935483870967742,0.003092630924056134,0.00151959084905684
5500,86,0.002529648889321834,0.003927203645822655,5.391662125475705e-05,0.007464547827839848,0.9967008797653958,0.9717741935483872,0.16129032258064516,0.0028927179443980415,0.0021537174470722675
5500,90,0.006655372140812688,0.00785630309315147,-0.0065235206129727885,0.014570439979434014,0.9897360703812315,0.9395161290322582,0.22580645161290322,0.0032659151230848603,0.004001520108431578
5500,99,0.006220485647645546,0.0073604101651737735,-0.006111969330959255,0.013087818026542663,0.9963343108504397,0.9677419354838711,0.1935483870967742,0.0025112690674441475,0.0013466284144669771
5500,171,0.016373551701690303,0.01840971418762462,-0.01634335919879959,0.026480963826179503,0.998533724340176,0.9879032258064518,0.06451612903225806,0.002260522372389753,0.001401906250976026
5500,180,0.013635390794661362,0.014900445003003754,0.012894396895717364,0.020778505131602287,0.970307917888563,0.9072580645161292,0.16129032258064516,0.003601468476136365,0.0014769912231713533
5500,182,0.008495594400301343,0.009682328051408562,-0.008495594400301343,0.014545770734548567,0.9967008797653958,0.9758064516129032,0.12903225806451613,0.0021917774950364426,0.0013682559365406632
5500,195,0.009044276903296122,0.010434994429598679,-0.008890733817679575,0.015923775732517242,0.9941348973607038,0.9596774193548389,0.16129032258064516,0.002658424906492714,0.0012527266517281532
5500,196,0.00612837426160695,0.008258883416473831,0.002959203666250687,0.016672909259796143,0.9981671554252198,0.9838709677419356,0.0967741935483871,0.001775018750659881,0.0012313737533986568
5500,205,0.004790862603840651,0.005735158496639543,-0.0011933853347727563,0.01092276331037283,0.9761730205278591,0.9112903225806452,0.1935483870967742,0.0049975825503708856,0.001486688619479537
5500,209,0.0053642920684069395,0.006424079354591357,-0.004677028860896826,0.01137406975030899,0.9926686217008798,0.9596774193548389,0.1935483870967742,0.003155382853301783,0.0013542810920625925
5500,216,0.0035250308610557113,0.004617775306038128,0.0018994715755979996,0.008954724669456482,0.9981671554252198,0.9798387096774195,0.16129032258064516,0.001979248053694685,0.0014413724420592189
5500,222,0.008270767400972545,0.009372789022172003,-0.001338969566859305,0.015916164778172967,0.9633431085043987,0.8588709677419356,0.3548387096774194,0.005779626719172924,0.013347512111067772
5500,230,0.007959722352097742,0.01081315399017962,-9.376234083902091e-05,0.021042088977992535,0.9354838709677417,0.8024193548387097,0.3548387096774194,0.00889533200120974,0.0020181720610708
5500,242,0.009669773393397918,0.011716705834806562,-0.009384574132127455,0.02065980564802885,0.9824046920821112,0.9112903225806452,0.25806451612903225,0.005457493532899647,0.0017642424209043384
5500,255,0.010530126855883282,0.013295905236003708,0.009816699115617666,0.023627087660133838,0.9864369501466274,0.9233870967741936,0.25806451612903225,0.005393651952486365,0.0022683062124997377
5500,257,0.0057692414593475405,0.006943773491435661,-0.004254057163052494,0.012581055238842963,0.9886363636363635,0.9435483870967742,0.22580645161290322,0.0033929161239235153,0.0015454586828127503
5500,266,0.0058851594585576095,0.007760858536452817,-0.004308898911403958,0.01467616707086563,0.9736070381231671,0.899193548387097,0.25806451612903225,0.0043179174404471155,0.003673526458442211
5500,277,0.03189499025756959,0.04387397658065518,0.030055822790018283,0.07095305547118187,0.937683284457478,0.8588709677419356,0.3548387096774194,0.019321009772078644,0.0029172603972256184
5500,281,0.014242786593968049,0.018208527237033617,-0.011942749755689874,0.035339837521314615,0.9945014662756597,0.9556451612903226,0.22580645161290322,0.008850528918687374,0.009829784743487835
5500,305,0.023821022565243766,0.026902921774885714,-0.023821022565243766,0.043109973520040513,0.9923020527859235,0.9475806451612905,0.22580645161290322,0.008374140267410585,0.0019601695239543915
5500,313,0.015318713463784661,0.0190140395056377,0.006082835294364486,0.036178205907344815,0.9963343108504397,0.9758064516129032,0.0967741935483871,0.006675939789162048,0.00212470511905849
5500,314,0.012402387885231292,0.014747442437606988,-0.0005634264925902244,0.02522589638829231,0.9886363636363635,0.931451612903226,0.2903225806451613,0.008774123631507879,0.001881905714981258
5500,323,0.02147107321070507,0.02383076843366396,-0.02147107321070507,0.03780224733054638,0.9956011730205276,0.963709677419355,0.1935483870967742,0.006305632932532218,0.0020108260214328766
5500,329,0.006667688321613241,0.008505902289863776,-0.001788707282685209,0.01592541821300983,0.9959677419354838,0.963709677419355,0.22580645161290322,0.006809948770810039,0.0020032350439578295
5500,341,0.00796417826495599,0.011352980585959313,-0.004278237043763511,0.020115179568529127,0.9857038123167154,0.9274193548387099,0.22580645161290322,0.010434632459955831,0.004916097968816757
5500,357,0.039209523325553164,0.054698519025650226,0.027817557245725766,0.11825182437896728,0.9798387096774193,0.9112903225806452,0.2903225806451613,0.014267651183951286,0.008404070511460304
5500,362,0.024521473460481502,0.031220764221331878,0.02107708931725938,0.058218075335025786,0.9765395894428152,0.8911290322580646,0.3225806451612903,0.011407338082790375,0.005439993925392628
5500,391,0.05521290017350111,0.06499950515843421,0.0538578115956625,0.10470896139740944,0.9497800586510262,0.8306451612903227,0.3225806451612903,0.016289742438182715,0.004177554044872522
5500,418,0.0031876928987912834,0.0038614154022433215,0.00023122987477108836,0.0064420679584145536,0.9952346041055717,0.9556451612903226,0.2903225806451613,0.0029040945904149165,0.0026029949076473713
5500,420,0.005027925282774959,0.006145835141272618,-0.004815063708520029,0.010220399685204029,0.9967008797653958,0.9717741935483872,0.16129032258064516,0.002456929121587065,0.0023943709675222635
5500,422,0.008283747411041986,0.009290013655248152,-0.008283747411041986,0.014963258802890777,0.9981671554252198,0.9838709677419356,0.0967741935483871,0.0018082649386938542,0.0024163583293557167
5500,435,0.0038543665141332895,0.004440922060668496,0.002891766096581705,0.007282614149153232,0.998533724340176,0.9838709677419356,0.12903225806451613,0.001905609440479067,0.0027733331080526114
5500,441,0.004598002156853909,0.006120822245189821,-0.0014600478498323355,0.01260263631120324,0.9659090909090909,0.870967741935484,0.25806451612903225,0.005687721422873437,0.0016225135186687112
5500,450,0.0041984375566244125,0.005054626427949451,-0.004074631578987464,0.008726562187075614,0.9981671554252198,0.9838709677419356,0.0967741935483871,0.0022781764592735036,0.0023873199243098497
5500,451,0.003295470705779735,0.004012813793024786,-0.0024647177851875313,0.006282935291528701,0.9948680351906156,0.963709677419355,0.16129032258064516,0.002967989199884957,0.0028988237027078867
5500,466,0.011288683832390234,0.013724172768950181,0.010652055003447458,0.027017458342015743,0.9607771260997068,0.8588709677419356,0.3225806451612903,0.005119047848688018,0.0023508043959736824
5500,470,0.015004095126641914,0.016468088012794896,0.014886994656990282,0.0244777861982584,0.9956011730205276,0.9717741935483872,0.0967741935483871,0.002254595251513585,0.0018736075144261122
5500,474,0.0037647819553967565,0.0044352037119805635,-0.0032003706437535584,0.007674752548336982,0.9959677419354838,0.9677419354838711,0.1935483870967742,0.0026127817559867136,0.0021046395413577557
5500,484,0.026120555834495462,0.033410562125291865,0.017016113954014145,0.06206183806061744,0.9791055718475072,0.9193548387096776,0.25806451612903225,0.012597528541640889,0.0070011611096560955
5500,489,0.027377276848710608,0.03248346251104267,0.026716216358181555,0.06185927242040634,0.9824046920821112,0.9112903225806452,0.2903225806451613,0.012248606683926718,0.0032164582516998053
5500,497,0.010964234752464108,0.013969382733409095,0.005592571644228883,0.02713843286037445,0.9882697947214076,0.931451612903226,0.25806451612903225,0.007024725163055043,0.0023376173339784145
5500,500,0.02187952177337138,0.028002894952196846,0.02120263997494476,0.05773445442318916,0.9923020527859235,0.9556451612903226,0.16129032258064516,0.006858831294061196,0.002897445810958743
5500,502,0.01050265068988665,0.014919287876666574,0.008279819641757058,0.026756388694047926,0.9926686217008798,0.9475806451612905,0.25806451612903225,0.009533659919285245,0.0019217940280213952
5500,529,0.016616641158179846,0.018563870363267555,0.0005459705498651601,0.028799958527088165,0.9776392961876832,0.9153225806451614,0.16129032258064516,0.0074144102888362064,0.0033228325191885233
5500,544,0.00839217933753389,0.009848061987829526,-0.00788431934415712,0.013904437515884637,0.9945014662756597,0.9596774193548389,0.22580645161290322,0.002840291321908514,0.0018432216020300984
5500,545,0.0037160608771955594,0.005116673392467638,0.0005095434025861323,0.011721058562397956,0.9871700879765395,0.935483870967742,0.22580645161290322,0.004405619463913383,0.00233990210108459
5500,548,0.005068005862995051,0.006016138939378792,-0.00029016908956691623,0.010097263008356092,0.9901026392961876,0.935483870967742,0.2903225806451613,0.0032129164319485426,0.002279517939314246
5500,556,0.0055042662206687964,0.007830742384687813,0.005018965988710988,0.017810966819524765,0.9912023460410555,0.9516129032258066,0.16129032258064516,0.0026965693480545476,0.00229152524843812
